program,lines_of_code,num_functions,num_loops,max_loop_nesting,num_branches,num_pointers,num_recursive_calls,num_instructions,num_memory_ops,num_jump_insns,num_call_insns,num_arithmetic,num_float_ops,num_basic_blocks,cyclomatic_complexity,instruction_mix_ratio,memory_intensity,branch_intensity,float_ratio,call_density,best_time_seq,best_size_seq,best_time_seq_name,best_size_seq_name,exec_time_O3,best_exec_time,best_size_bytes,speedup_vs_O3,size_ratio_vs_O3,cat_avl_tree,cat_bellman_ford,cat_bfs,cat_binary_search,cat_bst,cat_bubble_sort,cat_coin_change,cat_convex_hull,cat_counting_sort,cat_dfs,cat_dijkstra,cat_doubly_linked_list,cat_edit_distance,cat_fibonacci,cat_floyd_warshall,cat_hash_table,cat_heap_sort,cat_insertion_sort,cat_kmp,cat_knapsack,cat_lcs,cat_linked_list,cat_lis,cat_matrix_mult,cat_merge_sort,cat_prefix_sum,cat_priority_queue,cat_queue,cat_quick_sort,cat_radix_sort,cat_rod_cutting,cat_segment_tree,cat_selection_sort,cat_sieve,cat_stack,cat_stencil,cat_topo_sort,cat_trie,cat_union_find,cat_vector_ops
prog_000011_queue,34,3,1,1,4,1,4,272,168,14,23,34,5,53,15,0.125,0.6176470588235294,0.051470588235294115,0.01838235294117647,0.08455882352941177,4,4,Os_size,Os_size,0.0213555999998789,0.0208705999993981,46224.0,1.0232384311181657,1.01317497403946,0,0,0,0,0,0,0,0,0,0,0,0,0,0,0,0,0,0,0,0,0,0,0,0,0,0,0,1,0,0,0,0,0,0,0,0,0,0,0,0
prog_000012_convex_hull,35,3,5,2,1,0,8,3174,2161,108,306,315,5,529,109,0.09924385633270322,0.6808443604284814,0.034026465028355386,0.001575299306868305,0.09640831758034027,10,4,O3_combine,Os_size,0.0215453999990131,0.0195751000010204,51582.0,1.100653380973277,1.0069791787832965,0,0,0,0,0,0,0,1,0,0,0,0,0,0,0,0,0,0,0,0,0,0,0,0,0,0,0,0,0,0,0,0,0,0,0,0,0,0,0,0
prog_000013_priority_queue,34,5,1,1,3,0,7,1739,1144,41,182,197,5,352,42,0.11328349626221966,0.6578493387004025,0.023576768257619323,0.002875215641173088,0.1046578493387004,13,4,O2_fast_math,Os_size,0.0521970999998302,0.0511435999997047,47265.0,1.0205988628123868,1.009541944356289,0,0,0,0,0,0,0,0,0,0,0,0,0,0,0,0,0,0,0,0,0,0,0,0,0,0,1,0,0,0,0,0,0,0,0,0,0,0,0,0
prog_000014_heap_sort,35,3,3,1,3,2,5,774,498,22,72,90,5,189,23,0.11627906976744186,0.6434108527131783,0.028423772609819122,0.006459948320413436,0.09302325581395349,13,4,O2_fast_math,Os_size,0.0191177000015159,0.0174998999991657,46818.0,1.0924462426886625,1.002071852706224,0,0,0,0,0,0,0,0,0,0,0,0,0,0,0,0,1,0,0,0,0,0,0,0,0,0,0,0,0,0,0,0,0,0,0,0,0,0,0,0
prog_000015_vector_ops,25,1,2,1,0,1,3,725,440,17,78,78,36,178,18,0.10758620689655173,0.6068965517241379,0.023448275862068966,0.0496551724137931,0.10758620689655173,10,4,O3_combine,Os_size,0.0248929999997926,0.0243508000003203,47133.0,1.0222662088910903,1.002630853117773,0,0,0,0,0,0,0,0,0,0,0,0,0,0,0,0,0,0,0,0,0,0,0,0,0,0,0,0,0,0,0,0,0,0,0,0,0,0,0,1
prog_000016_knapsack,33,2,3,2,1,2,4,1642,1085,36,158,187,5,415,37,0.11388550548112059,0.6607795371498173,0.02192448233861145,0.0030450669914738123,0.09622411693057248,19,2,full_aggressive,O2_standard,0.0210473999995883,0.0192252000015287,48152.0,1.0947818487149525,1.0017860109652765,0,0,0,0,0,0,0,0,0,0,0,0,0,0,0,0,0,0,0,1,0,0,0,0,0,0,0,0,0,0,0,0,0,0,0,0,0,0,0,0
prog_000017_union_find,35,4,1,1,5,0,5,1111,731,27,108,128,5,257,28,0.1152115211521152,0.6579657965796579,0.024302430243024302,0.004500450045004501,0.09720972097209721,2,4,O2_standard,Os_size,0.0338492000009864,0.0279160999998566,47388.0,1.2125332693735973,1.0145184434878027,0,0,0,0,0,0,0,0,0,0,0,0,0,0,0,0,0,0,0,0,0,0,0,0,0,0,0,0,0,0,0,0,0,0,0,0,0,0,1,0
prog_000018_avl_tree,45,8,1,1,10,14,5,397,253,32,39,29,5,66,33,0.07304785894206549,0.6372795969773299,0.08060453400503778,0.012594458438287154,0.0982367758186398,10,4,O3_combine,Os_size,0.0193084000002272,0.0180768000009265,45861.0,1.0681315276618415,1.1146071825734285,1,0,0,0,0,0,0,0,0,0,0,0,0,0,0,0,0,0,0,0,0,0,0,0,0,0,0,0,0,0,0,0,0,0,0,0,0,0,0,0
prog_000019_stack,35,4,1,1,3,1,5,264,155,16,24,36,5,58,17,0.13636363636363635,0.5871212121212122,0.06060606060606061,0.01893939393939394,0.09090909090909091,3,4,O3_aggressive,Os_size,0.0177715000008902,0.0177715000008902,46224.0,1.0,1.0020984769816546,0,0,0,0,0,0,0,0,0,0,0,0,0,0,0,0,0,0,0,0,0,0,0,0,0,0,0,0,0,0,0,0,0,0,1,0,0,0,0,0
prog_000020_avl_tree,45,8,1,1,10,14,5,397,253,32,39,29,5,66,33,0.07304785894206549,0.6372795969773299,0.08060453400503778,0.012594458438287154,0.0982367758186398,13,4,O2_fast_math,Os_size,0.0243126000004849,0.0206580000012763,45861.0,1.1769096717486112,1.1146071825734285,1,0,0,0,0,0,0,0,0,0,0,0,0,0,0,0,0,0,0,0,0,0,0,0,0,0,0,0,0,0,0,0,0,0,0,0,0,0,0,0
prog_000001_queue,34,3,1,1,4,1,4,272,168,14,23,34,5,53,15,0.125,0.6176470588235294,0.051470588235294115,0.01838235294117647,0.08455882352941177,0,4,O0_baseline,Os_size,0.0217048000013164,0.0198316000005434,46224.0,1.0944553137780952,1.01317497403946,0,0,0,0,0,0,0,0,0,0,0,0,0,0,0,0,0,0,0,0,0,0,0,0,0,0,0,1,0,0,0,0,0,0,0,0,0,0,0,0
prog_000002_dfs,35,2,2,1,2,0,5,1846,1207,42,170,214,5,421,43,0.11592632719393282,0.6538461538461539,0.02275189599133261,0.0027085590465872156,0.09209100758396534,3,4,O3_aggressive,Os_size,0.0180815000003349,0.0180815000003349,47660.0,1.0,1.0190725975660933,0,0,0,0,0,0,0,0,0,1,0,0,0,0,0,0,0,0,0,0,0,0,0,0,0,0,0,0,0,0,0,0,0,0,0,0,0,0,0,0
prog_000003_bst,42,4,3,1,5,6,7,273,164,20,24,33,5,49,21,0.12087912087912088,0.6007326007326007,0.07326007326007326,0.018315018315018316,0.08791208791208792,19,4,full_aggressive,Os_size,0.0287392000009276,0.0216728000013972,45259.0,1.326049241402811,1.2736472303851167,0,0,0,0,1,0,0,0,0,0,0,0,0,0,0,0,0,0,0,0,0,0,0,0,0,0,0,0,0,0,0,0,0,0,0,0,0,0,0,0
prog_000004_convex_hull,35,3,5,2,1,0,8,3174,2161,108,306,315,5,529,109,0.09924385633270322,0.6808443604284814,0.034026465028355386,0.001575299306868305,0.09640831758034027,19,4,full_aggressive,Os_size,0.0233913000010943,0.0203917999988334,51582.0,1.147093439639095,1.0069791787832965,0,0,0,0,0,0,0,1,0,0,0,0,0,0,0,0,0,0,0,0,0,0,0,0,0,0,0,0,0,0,0,0,0,0,0,0,0,0,0,0
prog_000005_topo_sort,39,2,4,1,3,0,5,2703,1816,62,261,293,5,579,63,0.10839807621161672,0.6718460969293377,0.02293747687754347,0.001849796522382538,0.09655937846836848,2,3,O2_standard,O3_aggressive,0.0197573000004922,0.0164311000007728,50259.0,1.2024331906910042,1.0,0,0,0,0,0,0,0,0,0,0,0,0,0,0,0,0,0,0,0,0,0,0,0,0,0,0,0,0,0,0,0,0,0,0,0,0,1,0,0,0
prog_000006_trie,42,4,5,1,2,4,6,473,319,18,51,38,5,92,19,0.080338266384778,0.6744186046511628,0.03805496828752643,0.010570824524312896,0.10782241014799154,4,2,Os_size,O2_standard,0.0254920999996102,0.0245969999996304,47182.0,1.0363906167416046,1.0,0,0,0,0,0,0,0,0,0,0,0,0,0,0,0,0,0,0,0,0,0,0,0,0,0,0,0,0,0,0,0,0,0,0,0,0,0,1,0,0
prog_000007_edit_distance,37,2,6,2,2,0,5,1967,1299,48,204,215,5,476,49,0.10930350788002034,0.6603965429588206,0.02440264361972547,0.002541942043721403,0.10371123538383324,13,2,O2_fast_math,O2_standard,0.0290838000000803,0.0264924999992217,48551.0,1.097812588503717,1.0123169450680727,0,0,0,0,0,0,0,0,0,0,0,0,1,0,0,0,0,0,0,0,0,0,0,0,0,0,0,0,0,0,0,0,0,0,0,0,0,0,0,0
prog_000008_vector_ops,25,1,2,1,0,0,3,702,432,17,76,77,25,176,18,0.10968660968660969,0.6153846153846154,0.024216524216524215,0.03561253561253561,0.10826210826210826,13,4,O2_fast_math,Os_size,0.0286739000002853,0.0212998000006336,46870.0,1.3462051286600036,1.0026456155323233,0,0,0,0,0,0,0,0,0,0,0,0,0,0,0,0,0,0,0,0,0,0,0,0,0,0,0,0,0,0,0,0,0,0,0,0,0,0,0,1
prog_000009_bubble_sort,30,2,3,2,1,1,3,183,104,11,16,30,5,30,12,0.16393442622950818,0.5683060109289617,0.060109289617486336,0.0273224043715847,0.08743169398907104,5,4,O2_unroll_vec,Os_size,0.11106110000037,0.0919877000014821,45023.0,1.207347286632676,1.0021544543899785,0,0,0,0,0,1,0,0,0,0,0,0,0,0,0,0,0,0,0,0,0,0,0,0,0,0,0,0,0,0,0,0,0,0,0,0,0,0,0,0
prog_000010_kmp,41,3,4,1,10,0,5,927,599,34,98,98,5,205,35,0.10571736785329018,0.6461704422869471,0.036677454153182305,0.005393743257820928,0.10571736785329018,19,2,full_aggressive,O2_standard,0.019155199999659,0.0190008999998099,47481.0,1.0081206679604988,1.0018112508161159,0,0,0,0,0,0,0,0,0,0,0,0,0,0,0,0,0,0,1,0,0,0,0,0,0,0,0,0,0,0,0,0,0,0,0,0,0,0,0,0
prog_000021_lis,34,2,2,1,2,2,4,1543,1036,35,154,157,5,370,36,0.101749837977965,0.6714193130265717,0.02268308489954634,0.0032404406999351912,0.09980557355800389,10,4,O3_combine,Os_size,0.0182662999995955,0.0176465999993524,47189.0,1.0351172463968041,1.0008052724151815,0,0,0,0,0,0,0,0,0,0,0,0,0,0,0,0,0,0,0,0,0,0,1,0,0,0,0,0,0,0,0,0,0,0,0,0,0,0,0,0
prog_000022_union_find,35,4,1,1,5,0,5,1111,731,27,108,128,5,257,28,0.1152115211521152,0.6579657965796579,0.024302430243024302,0.004500450045004501,0.09720972097209721,13,4,O2_fast_math,Os_size,0.024145800000042,0.019981600000392,47388.0,1.2084017295696192,1.0145184434878027,0,0,0,0,0,0,0,0,0,0,0,0,0,0,0,0,0,0,0,0,0,0,0,0,0,0,0,0,0,0,0,0,0,0,0,0,0,0,1,0
prog_000023_priority_queue,34,5,1,1,3,0,7,1739,1144,41,182,197,5,352,42,0.11328349626221966,0.6578493387004025,0.023576768257619323,0.002875215641173088,0.1046578493387004,2,4,O2_standard,Os_size,0.0214654999999766,0.017001700000037,47265.0,1.2625502155625548,1.009541944356289,0,0,0,0,0,0,0,0,0,0,0,0,0,0,0,0,0,0,0,0,0,0,0,0,0,0,1,0,0,0,0,0,0,0,0,0,0,0,0,0
prog_000024_quick_sort,32,2,2,1,2,1,4,754,488,18,72,90,5,184,19,0.11936339522546419,0.6472148541114059,0.023872679045092837,0.006631299734748011,0.09549071618037135,5,4,O2_unroll_vec,Os_size,0.0227892000002611,0.020742099999552,46277.0,1.0986929964060204,1.048209693800376,0,0,0,0,0,0,0,0,0,0,0,0,0,0,0,0,0,0,0,0,0,0,0,0,0,0,0,0,1,0,0,0,0,0,0,0,0,0,0,0
prog_000025_stack,35,4,1,1,3,1,5,264,155,16,24,36,5,58,17,0.13636363636363635,0.5871212121212122,0.06060606060606061,0.01893939393939394,0.09090909090909091,19,4,full_aggressive,Os_size,0.0200202999985776,0.0184308999996574,46224.0,1.0862356151327253,1.0020984769816546,0,0,0,0,0,0,0,0,0,0,0,0,0,0,0,0,0,0,0,0,0,0,0,0,0,0,0,0,0,0,0,0,0,0,1,0,0,0,0,0
prog_000026_matrix_mult,30,2,5,3,0,1,4,192,86,12,16,34,18,36,13,0.17708333333333334,0.4479166666666667,0.0625,0.09375,0.08333333333333333,5,4,O2_unroll_vec,Os_size,0.0232371000001876,0.0217534999992494,45054.0,1.0682005195021211,1.0135171127979758,0,0,0,0,0,0,0,0,0,0,0,0,0,0,0,0,0,0,0,0,0,0,0,1,0,0,0,0,0,0,0,0,0,0,0,0,0,0,0,0
prog_000027_selection_sort,32,2,3,1,1,1,3,178,106,11,15,24,5,30,12,0.1348314606741573,0.5955056179775281,0.06179775280898876,0.028089887640449437,0.08426966292134831,4,4,Os_size,Os_size,0.0193006999998033,0.017248500000278,45032.0,1.1189784618657985,1.0135237164682893,0,0,0,0,0,0,0,0,0,0,0,0,0,0,0,0,0,0,0,0,0,0,0,0,0,0,0,0,0,0,0,0,1,0,0,0,0,0,0,0
prog_000028_coin_change,32,2,4,2,1,1,3,760,493,27,65,87,5,176,28,0.11447368421052631,0.6486842105263158,0.035526315789473684,0.006578947368421052,0.08552631578947369,19,4,full_aggressive,Os_size,0.0223574999999982,0.0203480000000126,46054.0,1.0987566345579103,1.0354583749511443,0,0,0,0,0,0,1,0,0,0,0,0,0,0,0,0,0,0,0,0,0,0,0,0,0,0,0,0,0,0,0,0,0,0,0,0,0,0,0,0
prog_000029_bellman_ford,35,2,4,2,2,0,4,891,557,26,74,124,5,199,27,0.13916947250280584,0.6251402918069585,0.029180695847362513,0.005611672278338945,0.08305274971941638,5,4,O2_unroll_vec,Os_size,0.0212425999998231,0.0184344999997847,45856.0,1.1523285144740132,1.0132807048150734,0,1,0,0,0,0,0,0,0,0,0,0,0,0,0,0,0,0,0,0,0,0,0,0,0,0,0,0,0,0,0,0,0,0,0,0,0,0,0,0
prog_000030_lis,34,2,2,1,2,2,4,1543,1036,35,154,157,5,370,36,0.101749837977965,0.6714193130265717,0.02268308489954634,0.0032404406999351912,0.09980557355800389,10,4,O3_combine,Os_size,0.0203490000003512,0.0193983999997726,47189.0,1.0490040416008404,1.0026277310390133,0,0,0,0,0,0,0,0,0,0,0,0,0,0,0,0,0,0,0,0,0,0,1,0,0,0,0,0,0,0,0,0,0,0,0,0,0,0,0,0
prog_000031_lis,34,2,2,1,2,2,4,1543,1036,35,154,157,5,370,36,0.101749837977965,0.6714193130265717,0.02268308489954634,0.0032404406999351912,0.09980557355800389,13,4,O2_fast_math,Os_size,0.0191882000017358,0.018626299999596,47189.0,1.0301670220146777,1.0026277310390133,0,0,0,0,0,0,0,0,0,0,0,0,0,0,0,0,0,0,0,0,0,0,1,0,0,0,0,0,0,0,0,0,0,0,0,0,0,0,0,0
prog_000032_matrix_mult,30,2,5,3,0,1,4,192,86,12,16,34,18,36,13,0.17708333333333334,0.4479166666666667,0.0625,0.09375,0.08333333333333333,13,4,O2_fast_math,Os_size,0.039203099999213,0.0381901000000652,45054.0,1.026525198916632,1.0021529719891686,0,0,0,0,0,0,0,0,0,0,0,0,0,0,0,0,0,0,0,0,0,0,0,1,0,0,0,0,0,0,0,0,0,0,0,0,0,0,0,0
prog_000033_sieve,32,2,4,1,2,1,3,954,609,27,82,122,5,201,28,0.1278825995807128,0.6383647798742138,0.02830188679245283,0.005241090146750524,0.0859538784067086,2,2,O2_standard,O2_standard,0.0342147000010299,0.0302489000005152,46353.0,1.131105593937206,1.0273984423877636,0,0,0,0,0,0,0,0,0,0,0,0,0,0,0,0,0,0,0,0,0,0,0,0,0,0,0,0,0,0,0,0,0,1,0,0,0,0,0,0
prog_000034_bfs,38,2,3,1,2,0,6,3446,2307,73,324,386,5,738,74,0.11201392919326755,0.6694718514219384,0.02118398142774231,0.0014509576320371445,0.09402205455600697,13,2,O2_fast_math,O2_standard,0.0207672000015008,0.0185531000006449,50492.0,1.1193385472389485,1.0202804404658163,0,0,1,0,0,0,0,0,0,0,0,0,0,0,0,0,0,0,0,0,0,0,0,0,0,0,0,0,0,0,0,0,0,0,0,0,0,0,0,0
prog_000035_topo_sort,39,2,4,1,3,0,5,2703,1816,62,261,293,5,579,63,0.10839807621161672,0.6718460969293377,0.02293747687754347,0.001849796522382538,0.09655937846836848,4,3,Os_size,O3_aggressive,0.0196790999998484,0.0181102999995346,50259.0,1.0866247384280832,1.0,0,0,0,0,0,0,0,0,0,0,0,0,0,0,0,0,0,0,0,0,0,0,0,0,0,0,0,0,0,0,0,0,0,0,0,0,1,0,0,0
prog_000036_dijkstra,43,2,4,1,4,0,7,3972,2643,96,399,419,5,838,97,0.1054884189325277,0.6654078549848943,0.02416918429003021,0.0012588116817724068,0.10045317220543806,10,3,O3_combine,O3_aggressive,0.0199625000004743,0.0187337999996088,50131.0,1.0655873341709186,1.0,0,0,0,0,0,0,0,0,0,0,1,0,0,0,0,0,0,0,0,0,0,0,0,0,0,0,0,0,0,0,0,0,0,0,0,0,0,0,0,0
prog_000037_dijkstra,43,2,4,1,4,0,7,3972,2643,96,399,419,5,838,97,0.1054884189325277,0.6654078549848943,0.02416918429003021,0.0012588116817724068,0.10045317220543806,19,3,full_aggressive,O3_aggressive,0.0233701000015571,0.0203803000003972,50131.0,1.1467004902332953,1.0,0,0,0,0,0,0,0,0,0,0,1,0,0,0,0,0,0,0,0,0,0,0,0,0,0,0,0,0,0,0,0,0,0,0,0,0,0,0,0,0
prog_000038_counting_sort,32,2,5,1,0,1,3,880,580,23,92,96,5,219,24,0.10909090909090909,0.6590909090909091,0.026136363636363635,0.005681818181818182,0.10454545454545454,13,2,O2_fast_math,O2_standard,0.020860000000539,0.01842089999991,47099.0,1.1324093828553934,1.0018259411027834,0,0,0,0,0,0,0,0,1,0,0,0,0,0,0,0,0,0,0,0,0,0,0,0,0,0,0,0,0,0,0,0,0,0,0,0,0,0,0,0
prog_000039_avl_tree,45,8,1,1,10,14,5,397,253,32,39,29,5,66,33,0.07304785894206549,0.6372795969773299,0.08060453400503778,0.012594458438287154,0.0982367758186398,10,4,O3_combine,Os_size,0.0230910000009316,0.020189400000163,45861.0,1.1437189812844943,1.1146071825734285,1,0,0,0,0,0,0,0,0,0,0,0,0,0,0,0,0,0,0,0,0,0,0,0,0,0,0,0,0,0,0,0,0,0,0,0,0,0,0,0
prog_000040_heap_sort,35,3,3,1,3,2,5,774,498,22,72,90,5,189,23,0.11627906976744186,0.6434108527131783,0.028423772609819122,0.006459948320413436,0.09302325581395349,10,4,O3_combine,Os_size,0.0200440999997226,0.0186838999998144,46818.0,1.0728006465417665,1.002071852706224,0,0,0,0,0,0,0,0,0,0,0,0,0,0,0,0,1,0,0,0,0,0,0,0,0,0,0,0,0,0,0,0,0,0,0,0,0,0,0,0
prog_000041_floyd_warshall,32,2,6,3,2,0,4,283,157,25,17,50,5,47,26,0.17667844522968199,0.5547703180212014,0.08833922261484099,0.0176678445229682,0.06007067137809187,19,4,full_aggressive,Os_size,0.0208781000001181,0.0165761999996902,45032.0,1.2595226891874074,1.0135237164682893,0,0,0,0,0,0,0,0,0,0,0,0,0,0,1,0,0,0,0,0,0,0,0,0,0,0,0,0,0,0,0,0,0,0,0,0,0,0,0,0
prog_000042_lcs,33,2,4,2,0,0,5,1798,1192,41,188,194,5,449,42,0.10789766407119021,0.6629588431590656,0.022803114571746386,0.0027808676307007787,0.10456062291434928,13,2,O2_fast_math,O2_standard,0.0273219999999128,0.0194679999985964,48531.0,1.4034312719274018,1.001772063217325,0,0,0,0,0,0,0,0,0,0,0,0,0,0,0,0,0,0,0,0,1,0,0,0,0,0,0,0,0,0,0,0,0,0,0,0,0,0,0,0
prog_000043_matrix_mult,30,2,5,3,0,1,4,192,86,12,16,34,18,36,13,0.17708333333333334,0.4479166666666667,0.0625,0.09375,0.08333333333333333,4,4,Os_size,Os_size,0.0207879000008688,0.0176458999994792,45054.0,1.1780583592495895,1.0021529719891686,0,0,0,0,0,0,0,0,0,0,0,0,0,0,0,0,0,0,0,0,0,0,0,1,0,0,0,0,0,0,0,0,0,0,0,0,0,0,0,0
prog_000044_dfs,35,2,2,1,2,0,5,1846,1207,42,170,214,5,421,43,0.11592632719393282,0.6538461538461539,0.02275189599133261,0.0027085590465872156,0.09209100758396534,4,4,Os_size,Os_size,0.0194145000004937,0.018865399999413,47660.0,1.0291061944670021,1.0190725975660933,0,0,0,0,0,0,0,0,0,1,0,0,0,0,0,0,0,0,0,0,0,0,0,0,0,0,0,0,0,0,0,0,0,0,0,0,0,0,0,0
prog_000045_selection_sort,32,2,3,1,1,1,3,182,108,11,15,26,5,30,12,0.14285714285714285,0.5934065934065934,0.06043956043956044,0.027472527472527472,0.08241758241758242,3,4,O3_aggressive,Os_size,0.0180179999988467,0.0180179999988467,45032.0,1.0,1.0135237164682893,0,0,0,0,0,0,0,0,0,0,0,0,0,0,0,0,0,0,0,0,0,0,0,0,0,0,0,0,0,0,0,0,1,0,0,0,0,0,0,0
prog_000046_counting_sort,32,2,5,1,0,1,3,884,582,23,92,98,5,219,24,0.11085972850678733,0.6583710407239819,0.026018099547511313,0.005656108597285068,0.10407239819004525,5,2,O2_unroll_vec,O2_standard,0.0212811999990663,0.0205860000005486,47099.0,1.033770523583949,1.0018259411027834,0,0,0,0,0,0,0,0,1,0,0,0,0,0,0,0,0,0,0,0,0,0,0,0,0,0,0,0,0,0,0,0,0,0,0,0,0,0,0,0
prog_000047_hash_table,30,4,3,1,1,5,7,220,131,10,21,34,5,41,11,0.15454545454545454,0.5954545454545455,0.045454545454545456,0.022727272727272728,0.09545454545454546,5,4,O2_unroll_vec,Os_size,0.0225238000002718,0.0198717999992368,45229.0,1.133455449488061,1.0134648123991246,0,0,0,0,0,0,0,0,0,0,0,0,0,0,0,1,0,0,0,0,0,0,0,0,0,0,0,0,0,0,0,0,0,0,0,0,0,0,0,0
prog_000048_binary_search,35,2,3,1,3,3,3,693,443,21,63,83,5,180,22,0.11976911976911978,0.6392496392496393,0.030303030303030304,0.007215007215007215,0.09090909090909091,19,4,full_aggressive,Os_size,0.077825300000768,0.0766100000000733,46288.0,1.0158634643087525,1.0150146906325614,0,0,0,1,0,0,0,0,0,0,0,0,0,0,0,0,0,0,0,0,0,0,0,0,0,0,0,0,0,0,0,0,0,0,0,0,0,0,0,0
prog_000049_dfs,35,2,2,1,2,0,5,1846,1207,42,170,214,5,421,43,0.11592632719393282,0.6538461538461539,0.02275189599133261,0.0027085590465872156,0.09209100758396534,3,4,O3_aggressive,Os_size,0.0177968999996664,0.0177968999996664,47660.0,1.0,1.0190725975660933,0,0,0,0,0,0,0,0,0,1,0,0,0,0,0,0,0,0,0,0,0,0,0,0,0,0,0,0,0,0,0,0,0,0,0,0,0,0,0,0
prog_000050_queue,34,3,1,1,4,1,4,272,168,14,23,34,5,53,15,0.125,0.6176470588235294,0.051470588235294115,0.01838235294117647,0.08455882352941177,2,4,O2_standard,Os_size,0.0188349000000016,0.0187988000016048,46224.0,1.0019203352551076,1.01317497403946,0,0,0,0,0,0,0,0,0,0,0,0,0,0,0,0,0,0,0,0,0,0,0,0,0,0,0,1,0,0,0,0,0,0,0,0,0,0,0,0
prog_000051_trie,42,4,5,1,2,4,6,473,319,18,51,38,5,92,19,0.080338266384778,0.6744186046511628,0.03805496828752643,0.010570824524312896,0.10782241014799154,10,2,O3_combine,O2_standard,0.0521951000009721,0.0462246000006416,47182.0,1.1291628267253286,1.0,0,0,0,0,0,0,0,0,0,0,0,0,0,0,0,0,0,0,0,0,0,0,0,0,0,0,0,0,0,0,0,0,0,0,0,0,0,1,0,0
prog_000052_bfs,38,2,3,1,2,0,6,3446,2307,73,324,386,5,738,74,0.11201392919326755,0.6694718514219384,0.02118398142774231,0.0014509576320371445,0.09402205455600697,4,2,Os_size,O2_standard,0.0203172000001359,0.0187753000009252,50492.0,1.0821238541666296,1.0202804404658163,0,0,1,0,0,0,0,0,0,0,0,0,0,0,0,0,0,0,0,0,0,0,0,0,0,0,0,0,0,0,0,0,0,0,0,0,0,0,0,0
prog_000053_insertion_sort,32,2,3,1,0,1,3,171,97,11,16,25,5,29,12,0.14619883040935672,0.5672514619883041,0.06432748538011696,0.029239766081871343,0.0935672514619883,19,4,full_aggressive,Os_size,0.0661889000002702,0.0419819000017014,45032.0,1.576605632369849,1.002154023805294,0,0,0,0,0,0,0,0,0,0,0,0,0,0,0,0,0,1,0,0,0,0,0,0,0,0,0,0,0,0,0,0,0,0,0,0,0,0,0,0
prog_000054_sieve,32,2,4,1,2,1,3,954,609,27,82,122,5,201,28,0.1278825995807128,0.6383647798742138,0.02830188679245283,0.005241090146750524,0.0859538784067086,19,2,full_aggressive,O2_standard,0.035233500000686,0.0323205000004236,46353.0,1.090128556186452,1.0273984423877636,0,0,0,0,0,0,0,0,0,0,0,0,0,0,0,0,0,0,0,0,0,0,0,0,0,0,0,0,0,0,0,0,0,1,0,0,0,0,0,0
prog_000055_rod_cutting,30,2,4,2,0,1,3,699,454,21,63,79,5,175,22,0.11301859799713877,0.6494992846924177,0.030042918454935622,0.00715307582260372,0.09012875536480687,2,4,O2_standard,Os_size,0.018995200000063,0.0173656999995728,46042.0,1.0938343977225382,1.015094913339994,0,0,0,0,0,0,0,0,0,0,0,0,0,0,0,0,0,0,0,0,0,0,0,0,0,0,0,0,0,0,1,0,0,0,0,0,0,0,0,0
prog_000056_avl_tree,45,8,1,1,10,14,5,397,253,32,39,29,5,66,33,0.07304785894206549,0.6372795969773299,0.08060453400503778,0.012594458438287154,0.0982367758186398,4,4,Os_size,Os_size,0.017463599999246,0.0171113999986118,45861.0,1.0205827694205485,1.1146071825734285,1,0,0,0,0,0,0,0,0,0,0,0,0,0,0,0,0,0,0,0,0,0,0,0,0,0,0,0,0,0,0,0,0,0,0,0,0,0,0,0
prog_000057_matrix_mult,30,2,5,3,0,1,4,192,86,12,16,34,18,36,13,0.17708333333333334,0.4479166666666667,0.0625,0.09375,0.08333333333333333,10,4,O3_combine,Os_size,0.1761604000002989,0.1756421999998565,45054.0,1.0029503160427438,1.0021529719891686,0,0,0,0,0,0,0,0,0,0,0,0,0,0,0,0,0,0,0,0,0,0,0,1,0,0,0,0,0,0,0,0,0,0,0,0,0,0,0,0
prog_000058_dfs,35,2,2,1,2,0,5,1846,1207,42,170,214,5,421,43,0.11592632719393282,0.6538461538461539,0.02275189599133261,0.0027085590465872156,0.09209100758396534,10,4,O3_combine,Os_size,0.0186580000008689,0.0182739000010769,47660.0,1.0210190490135855,1.0190725975660933,0,0,0,0,0,0,0,0,0,1,0,0,0,0,0,0,0,0,0,0,0,0,0,0,0,0,0,0,0,0,0,0,0,0,0,0,0,0,0,0
prog_000059_matrix_mult,30,2,5,3,0,1,4,192,86,12,16,34,18,36,13,0.17708333333333334,0.4479166666666667,0.0625,0.09375,0.08333333333333333,10,4,O3_combine,Os_size,0.0238571999998384,0.0199586999988241,45054.0,1.1953283531113743,1.0021529719891686,0,0,0,0,0,0,0,0,0,0,0,0,0,0,0,0,0,0,0,0,0,0,0,1,0,0,0,0,0,0,0,0,0,0,0,0,0,0,0,0
prog_000060_sieve,32,2,4,1,2,1,3,954,609,27,82,122,5,201,28,0.1278825995807128,0.6383647798742138,0.02830188679245283,0.005241090146750524,0.0859538784067086,5,2,O2_unroll_vec,O2_standard,0.0656245000009221,0.0521608999988529,46353.0,1.258116711988583,1.0273984423877636,0,0,0,0,0,0,0,0,0,0,0,0,0,0,0,0,0,0,0,0,0,0,0,0,0,0,0,0,0,0,0,0,0,1,0,0,0,0,0,0
prog_000061_segment_tree,50,4,2,1,9,4,6,960,623,30,78,129,5,202,31,0.134375,0.6489583333333333,0.03125,0.005208333333333333,0.08125,19,4,full_aggressive,Os_size,0.1410370000012335,0.1337564000004931,46860.0,1.0544317879422112,1.3207639778062312,0,0,0,0,0,0,0,0,0,0,0,0,0,0,0,0,0,0,0,0,0,0,0,0,0,0,0,0,0,0,0,1,0,0,0,0,0,0,0,0
prog_000062_dfs,35,2,2,1,2,0,5,1846,1207,42,170,214,5,421,43,0.11592632719393282,0.6538461538461539,0.02275189599133261,0.0027085590465872156,0.09209100758396534,4,4,Os_size,Os_size,0.0186718000004475,0.0178500999991229,47660.0,1.0460333556318997,1.0190725975660933,0,0,0,0,0,0,0,0,0,1,0,0,0,0,0,0,0,0,0,0,0,0,0,0,0,0,0,0,0,0,0,0,0,0,0,0,0,0,0,0
prog_000063_rod_cutting,30,2,4,2,0,1,3,699,454,21,63,79,5,175,22,0.11301859799713877,0.6494992846924177,0.030042918454935622,0.00715307582260372,0.09012875536480687,13,4,O2_fast_math,Os_size,0.0188642000011896,0.0181435000013152,46042.0,1.0397222145573983,1.015094913339994,0,0,0,0,0,0,0,0,0,0,0,0,0,0,0,0,0,0,0,0,0,0,0,0,0,0,0,0,0,0,1,0,0,0,0,0,0,0,0,0
prog_000064_linked_list,26,1,2,1,1,4,2,137,84,7,15,12,5,27,8,0.08759124087591241,0.6131386861313869,0.051094890510948905,0.0364963503649635,0.10948905109489052,5,2,O2_unroll_vec,O2_standard,0.0210829999996349,0.0193820000004052,44631.0,1.087761840841716,1.0,0,0,0,0,0,0,0,0,0,0,0,0,0,0,0,0,0,0,0,0,0,1,0,0,0,0,0,0,0,0,0,0,0,0,0,0,0,0,0,0
prog_000065_vector_ops,25,1,2,1,0,0,3,702,432,17,76,77,25,176,18,0.10968660968660969,0.6153846153846154,0.024216524216524215,0.03561253561253561,0.10826210826210826,2,4,O2_standard,Os_size,0.0257809000013367,0.0235268999986146,46870.0,1.0958052273293475,1.0026456155323233,0,0,0,0,0,0,0,0,0,0,0,0,0,0,0,0,0,0,0,0,0,0,0,0,0,0,0,0,0,0,0,0,0,0,0,0,0,0,0,1
prog_000066_topo_sort,39,2,4,1,3,0,5,2703,1816,62,261,293,5,579,63,0.10839807621161672,0.6718460969293377,0.02293747687754347,0.001849796522382538,0.09655937846836848,5,3,O2_unroll_vec,O3_aggressive,0.02019029999974,0.0189596000000165,50259.0,1.0649117069833978,1.0,0,0,0,0,0,0,0,0,0,0,0,0,0,0,0,0,0,0,0,0,0,0,0,0,0,0,0,0,0,0,0,0,0,0,0,0,1,0,0,0
prog_000067_vector_ops,25,1,2,1,0,0,3,720,444,17,79,80,25,175,18,0.1111111111111111,0.6166666666666667,0.02361111111111111,0.034722222222222224,0.10972222222222222,4,4,Os_size,Os_size,0.0242381999996723,0.0233616000004985,46870.0,1.0375231148189805,1.0026456155323233,0,0,0,0,0,0,0,0,0,0,0,0,0,0,0,0,0,0,0,0,0,0,0,0,0,0,0,0,0,0,0,0,0,0,0,0,0,0,0,1
prog_000068_dfs,35,2,2,1,2,0,5,1846,1207,42,170,214,5,421,43,0.11592632719393282,0.6538461538461539,0.02275189599133261,0.0027085590465872156,0.09209100758396534,3,4,O3_aggressive,Os_size,0.0188049000007595,0.0188049000007595,47660.0,1.0,1.0190725975660933,0,0,0,0,0,0,0,0,0,1,0,0,0,0,0,0,0,0,0,0,0,0,0,0,0,0,0,0,0,0,0,0,0,0,0,0,0,0,0,0
prog_000069_rod_cutting,30,2,4,2,0,1,3,699,454,21,63,79,5,175,22,0.11301859799713877,0.6494992846924177,0.030042918454935622,0.00715307582260372,0.09012875536480687,13,4,O2_fast_math,Os_size,0.0198371999995288,0.0174810999997134,46042.0,1.1347798479417215,1.015094913339994,0,0,0,0,0,0,0,0,0,0,0,0,0,0,0,0,0,0,0,0,0,0,0,0,0,0,0,0,0,0,1,0,0,0,0,0,0,0,0,0
prog_000070_priority_queue,34,5,1,1,3,0,7,1739,1144,41,182,197,5,352,42,0.11328349626221966,0.6578493387004025,0.023576768257619323,0.002875215641173088,0.1046578493387004,19,4,full_aggressive,Os_size,0.0254471999996894,0.0240926000005856,47265.0,1.0562247328669747,1.009541944356289,0,0,0,0,0,0,0,0,0,0,0,0,0,0,0,0,0,0,0,0,0,0,0,0,0,0,1,0,0,0,0,0,0,0,0,0,0,0,0,0
prog_000071_bellman_ford,35,2,4,2,2,0,4,891,557,26,74,124,5,199,27,0.13916947250280584,0.6251402918069585,0.029180695847362513,0.005611672278338945,0.08305274971941638,2,4,O2_standard,Os_size,0.0223972999992838,0.020101699999941,45856.0,1.114199296544548,1.0132807048150734,0,1,0,0,0,0,0,0,0,0,0,0,0,0,0,0,0,0,0,0,0,0,0,0,0,0,0,0,0,0,0,0,0,0,0,0,0,0,0,0
prog_000072_kmp,41,3,4,1,10,0,5,919,593,34,98,96,5,205,35,0.1044613710554951,0.6452665941240479,0.036996735582154515,0.00544069640914037,0.10663764961915125,13,2,O2_fast_math,O2_standard,0.0193842999997286,0.0184393999988969,47481.0,1.051243532918003,1.0018112508161159,0,0,0,0,0,0,0,0,0,0,0,0,0,0,0,0,0,0,1,0,0,0,0,0,0,0,0,0,0,0,0,0,0,0,0,0,0,0,0,0
prog_000073_priority_queue,34,5,1,1,3,0,7,1739,1144,41,182,197,5,352,42,0.11328349626221966,0.6578493387004025,0.023576768257619323,0.002875215641173088,0.1046578493387004,19,4,full_aggressive,Os_size,0.0181152000004658,0.0177003999997396,47265.0,1.0234344986967696,1.009541944356289,0,0,0,0,0,0,0,0,0,0,0,0,0,0,0,0,0,0,0,0,0,0,0,0,0,0,1,0,0,0,0,0,0,0,0,0,0,0,0,0
prog_000074_bfs,38,2,3,1,2,0,6,3446,2307,73,324,386,5,738,74,0.11201392919326755,0.6694718514219384,0.02118398142774231,0.0014509576320371445,0.09402205455600697,10,2,O3_combine,O2_standard,0.0214632000006531,0.0201751000004151,50492.0,1.0638460280351274,1.0202804404658163,0,0,1,0,0,0,0,0,0,0,0,0,0,0,0,0,0,0,0,0,0,0,0,0,0,0,0,0,0,0,0,0,0,0,0,0,0,0,0,0
prog_000075_linked_list,26,1,2,1,1,4,2,137,84,7,15,12,5,27,8,0.08759124087591241,0.6131386861313869,0.051094890510948905,0.0364963503649635,0.10948905109489052,13,2,O2_fast_math,O2_standard,0.0199909000002662,0.0177033999989362,44631.0,1.1292124677444704,1.0,0,0,0,0,0,0,0,0,0,0,0,0,0,0,0,0,0,0,0,0,0,1,0,0,0,0,0,0,0,0,0,0,0,0,0,0,0,0,0,0
prog_000076_binary_search,35,2,3,1,3,3,3,694,443,21,63,84,5,180,22,0.12103746397694524,0.638328530259366,0.03025936599423631,0.007204610951008645,0.09077809798270893,5,4,O2_unroll_vec,Os_size,0.054091399999379,0.0534373999998933,46288.0,1.0122386193843078,1.0150146906325614,0,0,0,1,0,0,0,0,0,0,0,0,0,0,0,0,0,0,0,0,0,0,0,0,0,0,0,0,0,0,0,0,0,0,0,0,0,0,0,0
prog_000077_priority_queue,34,5,1,1,3,0,7,1739,1144,41,182,197,5,352,42,0.11328349626221966,0.6578493387004025,0.023576768257619323,0.002875215641173088,0.1046578493387004,2,4,O2_standard,Os_size,0.0195320999991963,0.01847269999962,47265.0,1.0573494940965908,1.009541944356289,0,0,0,0,0,0,0,0,0,0,0,0,0,0,0,0,0,0,0,0,0,0,0,0,0,0,1,0,0,0,0,0,0,0,0,0,0,0,0,0
prog_000078_linked_list,26,1,2,1,1,4,2,137,84,7,15,12,5,27,8,0.08759124087591241,0.6131386861313869,0.051094890510948905,0.0364963503649635,0.10948905109489052,10,2,O3_combine,O2_standard,0.0198694000009709,0.0187832999999955,44631.0,1.0578226403760607,1.0,0,0,0,0,0,0,0,0,0,0,0,0,0,0,0,0,0,0,0,0,0,1,0,0,0,0,0,0,0,0,0,0,0,0,0,0,0,0,0,0
prog_000079_insertion_sort,32,2,3,1,0,1,3,152,84,9,15,25,5,28,10,0.16447368421052633,0.5526315789473685,0.05921052631578947,0.03289473684210526,0.09868421052631579,4,4,Os_size,Os_size,0.0192803999998432,0.0170409999991534,45032.0,1.1314124758406816,1.002154023805294,0,0,0,0,0,0,0,0,0,0,0,0,0,0,0,0,0,1,0,0,0,0,0,0,0,0,0,0,0,0,0,0,0,0,0,0,0,0,0,0
prog_000080_queue,34,3,1,1,4,1,4,272,168,14,23,34,5,53,15,0.125,0.6176470588235294,0.051470588235294115,0.01838235294117647,0.08455882352941177,4,4,Os_size,Os_size,0.0183907999999064,0.0175813999994716,46224.0,1.0460372894342387,1.01317497403946,0,0,0,0,0,0,0,0,0,0,0,0,0,0,0,0,0,0,0,0,0,0,0,0,0,0,0,1,0,0,0,0,0,0,0,0,0,0,0,0
prog_000081_union_find,35,4,1,1,5,0,5,1111,731,27,108,128,5,257,28,0.1152115211521152,0.6579657965796579,0.024302430243024302,0.004500450045004501,0.09720972097209721,2,4,O2_standard,Os_size,0.0180122000001574,0.0177055000003747,47388.0,1.017322300967282,1.0145184434878027,0,0,0,0,0,0,0,0,0,0,0,0,0,0,0,0,0,0,0,0,0,0,0,0,0,0,0,0,0,0,0,0,0,0,0,0,0,0,1,0
prog_000082_lis,34,2,2,1,2,2,4,1543,1036,35,154,157,5,370,36,0.101749837977965,0.6714193130265717,0.02268308489954634,0.0032404406999351912,0.09980557355800389,19,4,full_aggressive,Os_size,0.0178544999998848,0.0171332000008987,47189.0,1.0420995493514502,1.0008052724151815,0,0,0,0,0,0,0,0,0,0,0,0,0,0,0,0,0,0,0,0,0,0,1,0,0,0,0,0,0,0,0,0,0,0,0,0,0,0,0,0
prog_000083_fibonacci,24,1,2,1,0,0,2,129,81,6,14,12,5,23,7,0.09302325581395349,0.627906976744186,0.046511627906976744,0.03875968992248062,0.10852713178294573,13,2,O2_fast_math,O2_standard,0.4976365000002261,0.4489685000007739,44642.0,1.1083995870520278,1.0,0,0,0,0,0,0,0,0,0,0,0,0,0,1,0,0,0,0,0,0,0,0,0,0,0,0,0,0,0,0,0,0,0,0,0,0,0,0,0,0
prog_000084_fibonacci,24,1,2,1,0,0,2,129,81,6,14,12,5,23,7,0.09302325581395349,0.627906976744186,0.046511627906976744,0.03875968992248062,0.10852713178294573,4,2,Os_size,O2_standard,0.0532760999994934,0.0524879999993572,44642.0,1.0150148605423306,1.0,0,0,0,0,0,0,0,0,0,0,0,0,0,1,0,0,0,0,0,0,0,0,0,0,0,0,0,0,0,0,0,0,0,0,0,0,0,0,0,0
prog_000085_priority_queue,34,5,1,1,3,0,7,1739,1144,41,182,197,5,352,42,0.11328349626221966,0.6578493387004025,0.023576768257619323,0.002875215641173088,0.1046578493387004,5,4,O2_unroll_vec,Os_size,0.0231839000007312,0.0169105999993917,47265.0,1.3709685050539402,1.009541944356289,0,0,0,0,0,0,0,0,0,0,0,0,0,0,0,0,0,0,0,0,0,0,0,0,0,0,1,0,0,0,0,0,0,0,0,0,0,0,0,0
prog_000086_binary_search,35,2,3,1,3,3,3,694,443,21,63,84,5,180,22,0.12103746397694524,0.638328530259366,0.03025936599423631,0.007204610951008645,0.09077809798270893,3,4,O3_aggressive,Os_size,0.0600199000000429,0.0600199000000429,46288.0,1.0,1.0150146906325614,0,0,0,1,0,0,0,0,0,0,0,0,0,0,0,0,0,0,0,0,0,0,0,0,0,0,0,0,0,0,0,0,0,0,0,0,0,0,0,0
prog_000087_knapsack,33,2,3,2,1,2,4,1626,1079,36,158,179,5,415,37,0.1100861008610086,0.6635916359163592,0.02214022140221402,0.003075030750307503,0.0971709717097171,10,2,O3_combine,O2_standard,0.0197083000002749,0.0185394000000087,48152.0,1.0630495053920652,1.0017860109652765,0,0,0,0,0,0,0,0,0,0,0,0,0,0,0,0,0,0,0,1,0,0,0,0,0,0,0,0,0,0,0,0,0,0,0,0,0,0,0,0
prog_000088_merge_sort,38,3,6,1,1,2,5,837,544,27,69,103,5,187,28,0.12305854241338113,0.6499402628434886,0.03225806451612903,0.005973715651135006,0.08243727598566308,13,4,O2_fast_math,Os_size,0.0188654999983555,0.0172201000004861,46862.0,1.0955511290772384,1.0348469975673253,0,0,0,0,0,0,0,0,0,0,0,0,0,0,0,0,0,0,0,0,0,0,0,0,1,0,0,0,0,0,0,0,0,0,0,0,0,0,0,0
prog_000089_prefix_sum,27,1,3,1,1,0,3,866,571,20,86,98,5,205,21,0.11316397228637413,0.6593533487297921,0.023094688221709007,0.005773672055427252,0.09930715935334873,4,4,Os_size,Os_size,0.083165199999712,0.0655585000004066,46800.0,1.2685647169962126,1.0026495726495726,0,0,0,0,0,0,0,0,0,0,0,0,0,0,0,0,0,0,0,0,0,0,0,0,0,1,0,0,0,0,0,0,0,0,0,0,0,0,0,0
prog_000090_segment_tree,50,4,2,1,9,4,6,960,623,30,78,129,5,202,31,0.134375,0.6489583333333333,0.03125,0.005208333333333333,0.08125,10,4,O3_combine,Os_size,0.0465699000014865,0.044911700000739,46860.0,1.0369213367723826,1.3207639778062312,0,0,0,0,0,0,0,0,0,0,0,0,0,0,0,0,0,0,0,0,0,0,0,0,0,0,0,0,0,0,0,1,0,0,0,0,0,0,0,0
prog_000091_convex_hull,35,3,5,2,1,0,8,3174,2161,108,306,315,5,529,109,0.09924385633270322,0.6808443604284814,0.034026465028355386,0.001575299306868305,0.09640831758034027,13,4,O2_fast_math,Os_size,0.0221595000002707,0.0199400999990757,51582.0,1.1113033536089527,1.0069791787832965,0,0,0,0,0,0,0,1,0,0,0,0,0,0,0,0,0,0,0,0,0,0,0,0,0,0,0,0,0,0,0,0,0,0,0,0,0,0,0,0
prog_000092_bubble_sort,30,2,3,2,1,1,3,177,101,11,15,28,5,30,12,0.15819209039548024,0.5706214689265536,0.062146892655367235,0.02824858757062147,0.0847457627118644,19,4,full_aggressive,Os_size,0.0187090999988868,0.0177501999987725,45023.0,1.0540219265236792,1.0021544543899785,0,0,0,0,0,1,0,0,0,0,0,0,0,0,0,0,0,0,0,0,0,0,0,0,0,0,0,0,0,0,0,0,0,0,0,0,0,0,0,0
prog_000093_kmp,41,3,4,1,10,0,5,935,601,34,98,102,5,205,35,0.10909090909090909,0.6427807486631016,0.03636363636363636,0.0053475935828877,0.10481283422459893,10,2,O3_combine,O2_standard,0.0215203000007022,0.0197768999987602,47481.0,1.0881533507299574,1.0018112508161159,0,0,0,0,0,0,0,0,0,0,0,0,0,0,0,0,0,0,1,0,0,0,0,0,0,0,0,0,0,0,0,0,0,0,0,0,0,0,0,0
prog_000094_binary_search,35,2,3,1,3,3,3,694,443,21,63,84,5,180,22,0.12103746397694524,0.638328530259366,0.03025936599423631,0.007204610951008645,0.09077809798270893,2,4,O2_standard,Os_size,0.0636864000007335,0.0598453000002336,46288.0,1.0641838206255947,1.0150146906325614,0,0,0,1,0,0,0,0,0,0,0,0,0,0,0,0,0,0,0,0,0,0,0,0,0,0,0,0,0,0,0,0,0,0,0,0,0,0,0,0
prog_000095_bfs,38,2,3,1,2,0,6,3446,2307,73,324,386,5,738,74,0.11201392919326755,0.6694718514219384,0.02118398142774231,0.0014509576320371445,0.09402205455600697,3,2,O3_aggressive,O2_standard,0.0222441000005346,0.0222441000005346,50492.0,1.0,1.0202804404658163,0,0,1,0,0,0,0,0,0,0,0,0,0,0,0,0,0,0,0,0,0,0,0,0,0,0,0,0,0,0,0,0,0,0,0,0,0,0,0,0
prog_000096_insertion_sort,32,2,3,1,0,1,3,171,97,11,16,25,5,29,12,0.14619883040935672,0.5672514619883041,0.06432748538011696,0.029239766081871343,0.0935672514619883,19,4,full_aggressive,Os_size,0.0577317999996012,0.0455750000000989,45032.0,1.2667427317493345,1.002154023805294,0,0,0,0,0,0,0,0,0,0,0,0,0,0,0,0,0,1,0,0,0,0,0,0,0,0,0,0,0,0,0,0,0,0,0,0,0,0,0,0
prog_000097_bfs,38,2,3,1,2,0,6,3446,2307,73,324,386,5,738,74,0.11201392919326755,0.6694718514219384,0.02118398142774231,0.0014509576320371445,0.09402205455600697,10,2,O3_combine,O2_standard,0.0213633000003028,0.0189240999989124,50492.0,1.1288938444380756,1.0202804404658163,0,0,1,0,0,0,0,0,0,0,0,0,0,0,0,0,0,0,0,0,0,0,0,0,0,0,0,0,0,0,0,0,0,0,0,0,0,0,0,0
prog_000098_floyd_warshall,32,2,6,3,2,0,4,283,157,25,17,50,5,47,26,0.17667844522968199,0.5547703180212014,0.08833922261484099,0.0176678445229682,0.06007067137809187,3,4,O3_aggressive,Os_size,0.0208529000010457,0.0208529000010457,45032.0,1.0,1.0135237164682893,0,0,0,0,0,0,0,0,0,0,0,0,0,0,1,0,0,0,0,0,0,0,0,0,0,0,0,0,0,0,0,0,0,0,0,0,0,0,0,0
prog_000099_merge_sort,38,3,6,1,1,2,5,837,544,27,69,103,5,187,28,0.12305854241338113,0.6499402628434886,0.03225806451612903,0.005973715651135006,0.08243727598566308,0,4,O0_baseline,Os_size,0.0195621000002574,0.0178642000009858,46862.0,1.0950448382338929,1.0348469975673253,0,0,0,0,0,0,0,0,0,0,0,0,0,0,0,0,0,0,0,0,0,0,0,0,1,0,0,0,0,0,0,0,0,0,0,0,0,0,0,0
prog_000100_linked_list,26,1,2,1,1,4,2,137,84,7,15,12,5,27,8,0.08759124087591241,0.6131386861313869,0.051094890510948905,0.0364963503649635,0.10948905109489052,0,2,O0_baseline,O2_standard,0.0183044000004883,0.0181622000000061,44631.0,1.0078294480009113,1.0,0,0,0,0,0,0,0,0,0,0,0,0,0,0,0,0,0,0,0,0,0,1,0,0,0,0,0,0,0,0,0,0,0,0,0,0,0,0,0,0
prog_000111_fibonacci,24,1,2,1,0,0,2,129,81,6,14,12,5,23,7,0.09302325581395349,0.627906976744186,0.046511627906976744,0.03875968992248062,0.10852713178294573,19,2,full_aggressive,O2_standard,0.031017299999803,0.0266322000006766,44642.0,1.1646540653425175,1.0,0,0,0,0,0,0,0,0,0,0,0,0,0,1,0,0,0,0,0,0,0,0,0,0,0,0,0,0,0,0,0,0,0,0,0,0,0,0,0,0
prog_000112_hash_table,30,4,3,1,1,5,7,223,131,10,21,37,5,41,11,0.16591928251121077,0.5874439461883408,0.04484304932735426,0.02242152466367713,0.09417040358744394,5,4,O2_unroll_vec,Os_size,0.0598601000001508,0.0533384999998816,45229.0,1.1222681552777765,1.0134648123991246,0,0,0,0,0,0,0,0,0,0,0,0,0,0,0,1,0,0,0,0,0,0,0,0,0,0,0,0,0,0,0,0,0,0,0,0,0,0,0,0
prog_000113_rod_cutting,30,2,4,2,0,1,3,699,454,21,63,79,5,175,22,0.11301859799713877,0.6494992846924177,0.030042918454935622,0.00715307582260372,0.09012875536480687,4,4,Os_size,Os_size,0.0183412999995198,0.0181631000014022,46042.0,1.0098111004235975,1.015094913339994,0,0,0,0,0,0,0,0,0,0,0,0,0,0,0,0,0,0,0,0,0,0,0,0,0,0,0,0,0,0,1,0,0,0,0,0,0,0,0,0
prog_000114_bubble_sort,30,2,3,2,1,1,3,166,90,9,16,31,5,29,10,0.18674698795180722,0.5421686746987951,0.05421686746987952,0.030120481927710843,0.0963855421686747,13,4,O2_fast_math,Os_size,0.0182168999999703,0.0175239999989571,45023.0,1.039540059407352,1.0021544543899785,0,0,0,0,0,1,0,0,0,0,0,0,0,0,0,0,0,0,0,0,0,0,0,0,0,0,0,0,0,0,0,0,0,0,0,0,0,0,0,0
prog_000115_edit_distance,37,2,6,2,2,0,5,1963,1295,48,204,215,5,476,49,0.10952623535404993,0.6597045338767193,0.02445236882322975,0.0025471217524197657,0.10392256749872644,2,2,O2_standard,O2_standard,0.0246842000015021,0.0231270999993284,48551.0,1.0673279400451816,1.0123169450680727,0,0,0,0,0,0,0,0,0,0,0,0,1,0,0,0,0,0,0,0,0,0,0,0,0,0,0,0,0,0,0,0,0,0,0,0,0,0,0,0
prog_000116_matrix_mult,30,2,5,3,0,1,4,192,86,12,16,34,18,36,13,0.17708333333333334,0.4479166666666667,0.0625,0.09375,0.08333333333333333,2,4,O2_standard,Os_size,0.0189026000007288,0.0188787000006414,45054.0,1.0012659770051218,1.0021529719891686,0,0,0,0,0,0,0,0,0,0,0,0,0,0,0,0,0,0,0,0,0,0,0,1,0,0,0,0,0,0,0,0,0,0,0,0,0,0,0,0
prog_000117_prefix_sum,28,1,5,2,2,0,4,321,179,14,23,74,5,40,15,0.23052959501557632,0.557632398753894,0.04361370716510903,0.01557632398753894,0.07165109034267912,2,4,O2_standard,Os_size,0.167804700000488,0.1330548999994789,45009.0,1.261168885934642,1.0021551245306495,0,0,0,0,0,0,0,0,0,0,0,0,0,0,0,0,0,0,0,0,0,0,0,0,0,1,0,0,0,0,0,0,0,0,0,0,0,0,0,0
prog_000118_quick_sort,32,2,2,1,2,1,4,734,477,18,71,83,5,184,19,0.11307901907356949,0.6498637602179836,0.02452316076294278,0.006811989100817439,0.09673024523160763,3,4,O3_aggressive,Os_size,0.017793499999243,0.017793499999243,46277.0,1.0,1.0371458824037858,0,0,0,0,0,0,0,0,0,0,0,0,0,0,0,0,0,0,0,0,0,0,0,0,0,0,0,0,1,0,0,0,0,0,0,0,0,0,0,0
prog_000119_fibonacci,25,2,0,0,2,0,2,137,79,6,17,17,5,26,7,0.12408759124087591,0.5766423357664233,0.043795620437956206,0.0364963503649635,0.12408759124087591,10,4,O3_combine,Os_size,0.0181606000005558,0.017622699999265,44923.0,1.0305231321711903,1.0135565300625515,0,0,0,0,0,0,0,0,0,0,0,0,0,1,0,0,0,0,0,0,0,0,0,0,0,0,0,0,0,0,0,0,0,0,0,0,0,0,0,0
prog_000120_matrix_mult,30,2,5,3,0,1,4,192,86,12,16,34,18,36,13,0.17708333333333334,0.4479166666666667,0.0625,0.09375,0.08333333333333333,2,4,O2_standard,Os_size,0.0180617999994865,0.0177135999983875,45054.0,1.0196572126010917,1.0021529719891686,0,0,0,0,0,0,0,0,0,0,0,0,0,0,0,0,0,0,0,0,0,0,0,1,0,0,0,0,0,0,0,0,0,0,0,0,0,0,0,0
prog_000101_quick_sort,32,2,2,1,2,1,4,755,493,20,71,83,5,185,21,0.10993377483443709,0.6529801324503312,0.026490066225165563,0.006622516556291391,0.09403973509933775,4,4,Os_size,Os_size,0.0265061000009154,0.024560100000599,46789.0,1.0792342050834052,1.0476821475133045,0,0,0,0,0,0,0,0,0,0,0,0,0,0,0,0,0,0,0,0,0,0,0,0,0,0,0,0,1,0,0,0,0,0,0,0,0,0,0,0
prog_000102_bst,42,4,3,1,5,6,7,273,164,20,24,33,5,49,21,0.12087912087912088,0.6007326007326007,0.07326007326007326,0.018315018315018316,0.08791208791208792,13,4,O2_fast_math,Os_size,0.0361178999992262,0.0299929000011616,45259.0,1.2042149974769822,1.2736472303851167,0,0,0,0,1,0,0,0,0,0,0,0,0,0,0,0,0,0,0,0,0,0,0,0,0,0,0,0,0,0,0,0,0,0,0,0,0,0,0,0
prog_000103_binary_search,35,2,3,1,3,3,3,729,468,23,63,89,5,181,24,0.12208504801097393,0.6419753086419753,0.03155006858710562,0.006858710562414266,0.08641975308641975,3,4,O3_aggressive,Os_size,0.0878640999999333,0.0878640999999333,46288.0,1.0,1.0150146906325614,0,0,0,1,0,0,0,0,0,0,0,0,0,0,0,0,0,0,0,0,0,0,0,0,0,0,0,0,0,0,0,0,0,0,0,0,0,0,0,0
prog_000104_bfs,38,2,3,1,2,0,6,3446,2307,73,324,386,5,738,74,0.11201392919326755,0.6694718514219384,0.02118398142774231,0.0014509576320371445,0.09402205455600697,19,2,full_aggressive,O2_standard,0.0216338999998697,0.0195240000011835,50492.0,1.1080669943945043,1.0202804404658163,0,0,1,0,0,0,0,0,0,0,0,0,0,0,0,0,0,0,0,0,0,0,0,0,0,0,0,0,0,0,0,0,0,0,0,0,0,0,0,0
prog_000105_binary_search,35,2,3,1,3,3,3,693,443,21,63,83,5,180,22,0.11976911976911978,0.6392496392496393,0.030303030303030304,0.007215007215007215,0.09090909090909091,13,4,O2_fast_math,Os_size,0.0269223999985115,0.0262105999991035,46288.0,1.027156951745948,1.0150146906325614,0,0,0,1,0,0,0,0,0,0,0,0,0,0,0,0,0,0,0,0,0,0,0,0,0,0,0,0,0,0,0,0,0,0,0,0,0,0,0,0
prog_000106_lis,34,2,2,1,2,2,4,1543,1036,35,154,157,5,370,36,0.101749837977965,0.6714193130265717,0.02268308489954634,0.0032404406999351912,0.09980557355800389,13,4,O2_fast_math,Os_size,0.022213999998712,0.0189742000002297,47189.0,1.170747646722554,1.0026277310390133,0,0,0,0,0,0,0,0,0,0,0,0,0,0,0,0,0,0,0,0,0,0,1,0,0,0,0,0,0,0,0,0,0,0,0,0,0,0,0,0
prog_000107_dijkstra,43,2,4,1,4,0,7,3972,2643,96,399,419,5,838,97,0.1054884189325277,0.6654078549848943,0.02416918429003021,0.0012588116817724068,0.10045317220543806,4,3,Os_size,O3_aggressive,0.020922600000631,0.0182280000008177,50131.0,1.1478275180871418,1.0,0,0,0,0,0,0,0,0,0,0,1,0,0,0,0,0,0,0,0,0,0,0,0,0,0,0,0,0,0,0,0,0,0,0,0,0,0,0,0,0
prog_000108_coin_change,32,2,4,2,1,1,3,760,493,27,65,87,5,176,28,0.11447368421052631,0.6486842105263158,0.035526315789473684,0.006578947368421052,0.08552631578947369,5,4,O2_unroll_vec,Os_size,0.0192191999994975,0.0175020999995467,46054.0,1.0981082270124884,1.0243409910105528,0,0,0,0,0,0,1,0,0,0,0,0,0,0,0,0,0,0,0,0,0,0,0,0,0,0,0,0,0,0,0,0,0,0,0,0,0,0,0,0
prog_000109_matrix_mult,30,2,5,3,0,1,4,192,86,12,16,34,18,36,13,0.17708333333333334,0.4479166666666667,0.0625,0.09375,0.08333333333333333,19,4,full_aggressive,Os_size,0.0197300999989238,0.017659500001173,45054.0,1.117251337671693,1.0021529719891686,0,0,0,0,0,0,0,0,0,0,0,0,0,0,0,0,0,0,0,0,0,0,0,1,0,0,0,0,0,0,0,0,0,0,0,0,0,0,0,0
prog_000110_fibonacci,40,4,5,3,2,1,5,2831,1916,62,302,289,5,714,63,0.1020840692334864,0.6767926527728718,0.02190038855528082,0.0017661603673613563,0.10667608618862592,19,2,full_aggressive,O2_standard,0.0193819000014627,0.0188944999990781,50801.0,1.0257958666494684,1.030235625282967,0,0,0,0,0,0,0,0,0,0,0,0,0,1,0,0,0,0,0,0,0,0,0,0,0,0,0,0,0,0,0,0,0,0,0,0,0,0,0,0
prog_000121_bubble_sort,30,2,3,2,1,1,3,183,104,11,16,30,5,30,12,0.16393442622950818,0.5683060109289617,0.060109289617486336,0.0273224043715847,0.08743169398907104,19,4,full_aggressive,Os_size,0.0464243000005808,0.0331626999995933,45023.0,1.3998950628612912,1.0021544543899785,0,0,0,0,0,1,0,0,0,0,0,0,0,0,0,0,0,0,0,0,0,0,0,0,0,0,0,0,0,0,0,0,0,0,0,0,0,0,0,0
prog_000122_avl_tree,45,8,1,1,10,14,5,397,253,32,39,29,5,66,33,0.07304785894206549,0.6372795969773299,0.08060453400503778,0.012594458438287154,0.0982367758186398,3,4,O3_aggressive,Os_size,0.0214343999996344,0.0214343999996344,45861.0,1.0,1.1146071825734285,1,0,0,0,0,0,0,0,0,0,0,0,0,0,0,0,0,0,0,0,0,0,0,0,0,0,0,0,0,0,0,0,0,0,0,0,0,0,0,0
prog_000123_priority_queue,34,5,1,1,3,0,7,1739,1144,41,182,197,5,352,42,0.11328349626221966,0.6578493387004025,0.023576768257619323,0.002875215641173088,0.1046578493387004,13,4,O2_fast_math,Os_size,0.0217017000013584,0.0202181999993626,47265.0,1.07337448447649,1.009541944356289,0,0,0,0,0,0,0,0,0,0,0,0,0,0,0,0,0,0,0,0,0,0,0,0,0,0,1,0,0,0,0,0,0,0,0,0,0,0,0,0
prog_000124_union_find,35,4,1,1,5,0,5,1111,731,27,108,128,5,257,28,0.1152115211521152,0.6579657965796579,0.024302430243024302,0.004500450045004501,0.09720972097209721,2,4,O2_standard,Os_size,0.0248926999993273,0.0248054000003321,47388.0,1.0035193949298955,1.0145184434878027,0,0,0,0,0,0,0,0,0,0,0,0,0,0,0,0,0,0,0,0,0,0,0,0,0,0,0,0,0,0,0,0,0,0,0,0,0,0,1,0
prog_000125_knapsack,33,2,3,2,1,2,4,1635,1083,36,158,184,5,415,37,0.11253822629969419,0.6623853211009174,0.022018348623853212,0.0030581039755351682,0.09663608562691131,5,2,O2_unroll_vec,O2_standard,0.0230272999997396,0.0195770999998785,48152.0,1.1762365212356536,1.0017860109652765,0,0,0,0,0,0,0,0,0,0,0,0,0,0,0,0,0,0,0,1,0,0,0,0,0,0,0,0,0,0,0,0,0,0,0,0,0,0,0,0
prog_000126_queue,34,3,1,1,4,1,4,272,168,14,23,34,5,53,15,0.125,0.6176470588235294,0.051470588235294115,0.01838235294117647,0.08455882352941177,10,4,O3_combine,Os_size,0.0208547000001999,0.019030899999052,46224.0,1.0958336180232542,1.01317497403946,0,0,0,0,0,0,0,0,0,0,0,0,0,0,0,0,0,0,0,0,0,0,0,0,0,0,0,1,0,0,0,0,0,0,0,0,0,0,0,0
prog_000127_selection_sort,32,2,3,1,1,1,3,182,108,11,15,26,5,30,12,0.14285714285714285,0.5934065934065934,0.06043956043956044,0.027472527472527472,0.08241758241758242,0,4,O0_baseline,Os_size,0.020226000000548,0.0175006000008579,45032.0,1.1557318034556814,1.0135237164682893,0,0,0,0,0,0,0,0,0,0,0,0,0,0,0,0,0,0,0,0,0,0,0,0,0,0,0,0,0,0,0,0,1,0,0,0,0,0,0,0
prog_000128_selection_sort,32,2,3,1,1,1,3,184,109,11,16,26,5,30,12,0.14130434782608695,0.592391304347826,0.059782608695652176,0.02717391304347826,0.08695652173913043,2,4,O2_standard,Os_size,0.0276770000000396,0.0221760999993421,45032.0,1.2480553388946072,1.0135237164682893,0,0,0,0,0,0,0,0,0,0,0,0,0,0,0,0,0,0,0,0,0,0,0,0,0,0,0,0,0,0,0,0,1,0,0,0,0,0,0,0
prog_000129_bst,42,4,3,1,5,6,7,273,164,20,24,33,5,49,21,0.12087912087912088,0.6007326007326007,0.07326007326007326,0.018315018315018316,0.08791208791208792,4,4,Os_size,Os_size,0.0186413999999786,0.0182511000002705,45259.0,1.0213850123939003,1.2736472303851167,0,0,0,0,1,0,0,0,0,0,0,0,0,0,0,0,0,0,0,0,0,0,0,0,0,0,0,0,0,0,0,0,0,0,0,0,0,0,0,0
prog_000130_dijkstra,43,2,4,1,4,0,7,3972,2643,96,399,419,5,838,97,0.1054884189325277,0.6654078549848943,0.02416918429003021,0.0012588116817724068,0.10045317220543806,10,3,O3_combine,O3_aggressive,0.0198899999995774,0.0177980000007664,50131.0,1.1175412967030518,1.0,0,0,0,0,0,0,0,0,0,0,1,0,0,0,0,0,0,0,0,0,0,0,0,0,0,0,0,0,0,0,0,0,0,0,0,0,0,0,0,0
prog_000141_prefix_sum,27,1,3,1,1,0,3,866,571,20,86,98,5,205,21,0.11316397228637413,0.6593533487297921,0.023094688221709007,0.005773672055427252,0.09930715935334873,5,4,O2_unroll_vec,Os_size,0.0687668999999004,0.0575251000009302,46800.0,1.1954242582592367,1.0026495726495726,0,0,0,0,0,0,0,0,0,0,0,0,0,0,0,0,0,0,0,0,0,0,0,0,0,1,0,0,0,0,0,0,0,0,0,0,0,0,0,0
prog_000142_hash_table,30,4,3,1,1,5,7,223,131,10,21,37,5,41,11,0.16591928251121077,0.5874439461883408,0.04484304932735426,0.02242152466367713,0.09417040358744394,10,4,O3_combine,Os_size,0.0214209000005212,0.0200590999993437,45229.0,1.0678893869227462,1.0134648123991246,0,0,0,0,0,0,0,0,0,0,0,0,0,0,0,1,0,0,0,0,0,0,0,0,0,0,0,0,0,0,0,0,0,0,0,0,0,0,0,0
prog_000143_lis,34,2,2,1,2,2,4,1543,1036,35,154,157,5,370,36,0.101749837977965,0.6714193130265717,0.02268308489954634,0.0032404406999351912,0.09980557355800389,13,4,O2_fast_math,Os_size,0.0208034999996016,0.020011999999042,47189.0,1.0395512692683133,1.0026277310390133,0,0,0,0,0,0,0,0,0,0,0,0,0,0,0,0,0,0,0,0,0,0,1,0,0,0,0,0,0,0,0,0,0,0,0,0,0,0,0,0
prog_000144_stack,35,4,1,1,3,1,5,264,155,16,24,36,5,58,17,0.13636363636363635,0.5871212121212122,0.06060606060606061,0.01893939393939394,0.09090909090909091,2,4,O2_standard,Os_size,0.0256272999995417,0.0213318999994953,46224.0,1.2013604039090764,1.0020984769816546,0,0,0,0,0,0,0,0,0,0,0,0,0,0,0,0,0,0,0,0,0,0,0,0,0,0,0,0,0,0,0,0,0,0,1,0,0,0,0,0
prog_000145_quick_sort,32,2,2,1,5,1,4,813,530,21,74,100,5,187,22,0.12300123001230012,0.6519065190651907,0.025830258302583026,0.006150061500615006,0.0910209102091021,5,4,O2_unroll_vec,Os_size,0.0219751999993604,0.0192810000007739,46277.0,1.139733416237662,1.0150182596106057,0,0,0,0,0,0,0,0,0,0,0,0,0,0,0,0,0,0,0,0,0,0,0,0,0,0,0,0,1,0,0,0,0,0,0,0,0,0,0,0
prog_000146_prefix_sum,27,1,3,1,1,0,3,866,571,20,86,98,5,205,21,0.11316397228637413,0.6593533487297921,0.023094688221709007,0.005773672055427252,0.09930715935334873,10,4,O3_combine,Os_size,0.0258233000004111,0.0205669000006309,46800.0,1.2555757065779944,1.0026495726495726,0,0,0,0,0,0,0,0,0,0,0,0,0,0,0,0,0,0,0,0,0,0,0,0,0,1,0,0,0,0,0,0,0,0,0,0,0,0,0,0
prog_000147_linked_list,28,1,2,1,0,6,2,145,91,8,15,12,5,28,9,0.08275862068965517,0.6275862068965518,0.05517241379310345,0.034482758620689655,0.10344827586206896,3,2,O3_aggressive,O2_standard,0.0176910999998654,0.0176910999998654,44631.0,1.0,1.0,0,0,0,0,0,0,0,0,0,0,0,0,0,0,0,0,0,0,0,0,0,1,0,0,0,0,0,0,0,0,0,0,0,0,0,0,0,0,0,0
prog_000148_topo_sort,39,2,4,1,3,0,5,2703,1816,62,261,293,5,579,63,0.10839807621161672,0.6718460969293377,0.02293747687754347,0.001849796522382538,0.09655937846836848,13,3,O2_fast_math,O3_aggressive,0.018156900001486,0.0175205999985337,50259.0,1.0363172495808106,1.0,0,0,0,0,0,0,0,0,0,0,0,0,0,0,0,0,0,0,0,0,0,0,0,0,0,0,0,0,0,0,0,0,0,0,0,0,1,0,0,0
prog_000149_radix_sort,36,3,6,1,0,2,4,875,553,29,77,112,5,211,30,0.128,0.632,0.03314285714285714,0.005714285714285714,0.088,19,2,full_aggressive,O2_standard,0.0316056000010576,0.0232338999994681,47123.0,1.3603226320928108,1.0018250111410565,0,0,0,0,0,0,0,0,0,0,0,0,0,0,0,0,0,0,0,0,0,0,0,0,0,0,0,0,0,1,0,0,0,0,0,0,0,0,0,0
prog_000150_bubble_sort,30,2,3,2,1,1,3,183,104,11,16,30,5,30,12,0.16393442622950818,0.5683060109289617,0.060109289617486336,0.0273224043715847,0.08743169398907104,5,4,O2_unroll_vec,Os_size,0.0200526999997237,0.0192153999996662,45023.0,1.0435744246839536,1.0021544543899785,0,0,0,0,0,1,0,0,0,0,0,0,0,0,0,0,0,0,0,0,0,0,0,0,0,0,0,0,0,0,0,0,0,0,0,0,0,0,0,0
prog_000131_kmp,41,3,4,1,10,0,5,935,601,34,98,102,5,205,35,0.10909090909090909,0.6427807486631016,0.03636363636363636,0.0053475935828877,0.10481283422459893,2,2,O2_standard,O2_standard,0.0193318999990879,0.0190185999999812,47481.0,1.016473347097421,1.0018112508161159,0,0,0,0,0,0,0,0,0,0,0,0,0,0,0,0,0,0,1,0,0,0,0,0,0,0,0,0,0,0,0,0,0,0,0,0,0,0,0,0
prog_000132_lis,34,2,2,1,2,2,4,1543,1036,35,154,157,5,370,36,0.101749837977965,0.6714193130265717,0.02268308489954634,0.0032404406999351912,0.09980557355800389,4,4,Os_size,Os_size,0.0183464999990974,0.0168666999998094,47189.0,1.0877350044350538,1.0008052724151815,0,0,0,0,0,0,0,0,0,0,0,0,0,0,0,0,0,0,0,0,0,0,1,0,0,0,0,0,0,0,0,0,0,0,0,0,0,0,0,0
prog_000133_avl_tree,45,8,1,1,10,14,5,397,253,32,39,29,5,66,33,0.07304785894206549,0.6372795969773299,0.08060453400503778,0.012594458438287154,0.0982367758186398,4,4,Os_size,Os_size,0.01915850000114,0.0183050000014191,45861.0,1.0466266047339379,1.1146071825734285,1,0,0,0,0,0,0,0,0,0,0,0,0,0,0,0,0,0,0,0,0,0,0,0,0,0,0,0,0,0,0,0,0,0,0,0,0,0,0,0
prog_000134_hash_table,30,4,3,1,1,5,7,223,131,10,21,37,5,41,11,0.16591928251121077,0.5874439461883408,0.04484304932735426,0.02242152466367713,0.09417040358744394,2,4,O2_standard,Os_size,0.0204489000007015,0.0196762000014132,45229.0,1.0392707941184174,1.0134648123991246,0,0,0,0,0,0,0,0,0,0,0,0,0,0,0,1,0,0,0,0,0,0,0,0,0,0,0,0,0,0,0,0,0,0,0,0,0,0,0,0
prog_000135_stack,35,4,1,1,3,1,5,264,155,16,24,36,5,58,17,0.13636363636363635,0.5871212121212122,0.06060606060606061,0.01893939393939394,0.09090909090909091,0,4,O0_baseline,Os_size,0.0193710000003193,0.018427300001349,46224.0,1.0512120603073274,1.0020984769816546,0,0,0,0,0,0,0,0,0,0,0,0,0,0,0,0,0,0,0,0,0,0,0,0,0,0,0,0,0,0,0,0,0,0,1,0,0,0,0,0
prog_000136_topo_sort,39,2,4,1,3,0,5,2703,1816,62,261,293,5,579,63,0.10839807621161672,0.6718460969293377,0.02293747687754347,0.001849796522382538,0.09655937846836848,2,3,O2_standard,O3_aggressive,0.0199376999989908,0.0195046000008005,50259.0,1.02220501820968,1.0,0,0,0,0,0,0,0,0,0,0,0,0,0,0,0,0,0,0,0,0,0,0,0,0,0,0,0,0,0,0,0,0,0,0,0,0,1,0,0,0
prog_000137_quick_sort,32,2,2,1,2,1,4,753,488,18,72,90,5,184,19,0.11952191235059761,0.648074369189907,0.02390438247011952,0.006640106241699867,0.09561752988047809,5,4,O2_unroll_vec,Os_size,0.021662400000423,0.0214500000001862,46277.0,1.0099020979130517,1.048209693800376,0,0,0,0,0,0,0,0,0,0,0,0,0,0,0,0,0,0,0,0,0,0,0,0,0,0,0,0,1,0,0,0,0,0,0,0,0,0,0,0
prog_000138_lcs,33,2,4,2,0,0,5,1798,1196,41,188,190,5,449,42,0.10567296996662959,0.6651835372636262,0.022803114571746386,0.0027808676307007787,0.10456062291434928,3,2,O3_aggressive,O2_standard,0.0248730000002979,0.0248730000002979,48531.0,1.0,1.001772063217325,0,0,0,0,0,0,0,0,0,0,0,0,0,0,0,0,0,0,0,0,1,0,0,0,0,0,0,0,0,0,0,0,0,0,0,0,0,0,0,0
prog_000139_dijkstra,43,2,4,1,4,0,7,3972,2643,96,399,419,5,838,97,0.1054884189325277,0.6654078549848943,0.02416918429003021,0.0012588116817724068,0.10045317220543806,4,3,Os_size,O3_aggressive,0.0282046000011177,0.023704600000201,50131.0,1.1898365718416906,1.0,0,0,0,0,0,0,0,0,0,0,1,0,0,0,0,0,0,0,0,0,0,0,0,0,0,0,0,0,0,0,0,0,0,0,0,0,0,0,0,0
prog_000140_trie,42,4,5,1,2,4,6,473,319,18,51,38,5,92,19,0.080338266384778,0.6744186046511628,0.03805496828752643,0.010570824524312896,0.10782241014799154,2,2,O2_standard,O2_standard,0.0653450000008888,0.0652395999986765,47182.0,1.0016155832073532,1.0,0,0,0,0,0,0,0,0,0,0,0,0,0,0,0,0,0,0,0,0,0,0,0,0,0,0,0,0,0,0,0,0,0,0,0,0,0,1,0,0
prog_000151_dfs,35,2,2,1,2,0,5,1846,1207,42,170,214,5,421,43,0.11592632719393282,0.6538461538461539,0.02275189599133261,0.0027085590465872156,0.09209100758396534,4,4,Os_size,Os_size,0.0189086999998835,0.0178980000000592,47660.0,1.0564699966376667,1.0190725975660933,0,0,0,0,0,0,0,0,0,1,0,0,0,0,0,0,0,0,0,0,0,0,0,0,0,0,0,0,0,0,0,0,0,0,0,0,0,0,0,0
prog_000152_edit_distance,37,2,6,2,2,0,5,1951,1287,48,204,213,5,476,49,0.10917478216299334,0.6596617119425935,0.02460276781137878,0.0025627883136852894,0.10456176319835982,2,2,O2_standard,O2_standard,0.0183208999987982,0.0173823000004631,48551.0,1.0539974570862367,1.0017713332372145,0,0,0,0,0,0,0,0,0,0,0,0,1,0,0,0,0,0,0,0,0,0,0,0,0,0,0,0,0,0,0,0,0,0,0,0,0,0,0,0
prog_000153_stencil,33,2,7,3,0,0,3,199,86,16,15,33,21,40,17,0.1658291457286432,0.4321608040201005,0.08040201005025126,0.10552763819095477,0.07537688442211055,4,4,Os_size,Os_size,0.0190638000003673,0.0167427999986102,45036.0,1.1386267531087848,1.0135225153210765,0,0,0,0,0,0,0,0,0,0,0,0,0,0,0,0,0,0,0,0,0,0,0,0,0,0,0,0,0,0,0,0,0,0,0,1,0,0,0,0
prog_000154_hash_table,30,4,3,1,1,5,7,220,131,10,21,34,5,41,11,0.15454545454545454,0.5954545454545455,0.045454545454545456,0.022727272727272728,0.09545454545454546,3,4,O3_aggressive,Os_size,0.0193448999998508,0.0193448999998508,45229.0,1.0,1.0134648123991246,0,0,0,0,0,0,0,0,0,0,0,0,0,0,0,1,0,0,0,0,0,0,0,0,0,0,0,0,0,0,0,0,0,0,0,0,0,0,0,0
prog_000155_dijkstra,43,2,4,1,4,0,7,3972,2643,96,399,419,5,838,97,0.1054884189325277,0.6654078549848943,0.02416918429003021,0.0012588116817724068,0.10045317220543806,4,3,Os_size,O3_aggressive,0.0244646999999531,0.0215888000002451,50131.0,1.1332125916991842,1.0,0,0,0,0,0,0,0,0,0,0,1,0,0,0,0,0,0,0,0,0,0,0,0,0,0,0,0,0,0,0,0,0,0,0,0,0,0,0,0,0
prog_000156_matrix_mult,30,2,5,3,0,1,4,192,86,12,16,34,18,36,13,0.17708333333333334,0.4479166666666667,0.0625,0.09375,0.08333333333333333,5,4,O2_unroll_vec,Os_size,0.0213958000003913,0.0210027000011905,45054.0,1.018716641154638,1.0135171127979758,0,0,0,0,0,0,0,0,0,0,0,0,0,0,0,0,0,0,0,0,0,0,0,1,0,0,0,0,0,0,0,0,0,0,0,0,0,0,0,0
prog_000157_matrix_mult,30,2,5,3,0,1,4,192,86,12,16,34,18,36,13,0.17708333333333334,0.4479166666666667,0.0625,0.09375,0.08333333333333333,0,4,O0_baseline,Os_size,0.0184675999989849,0.0172420999988389,45054.0,1.0710760290352408,1.0021529719891686,0,0,0,0,0,0,0,0,0,0,0,0,0,0,0,0,0,0,0,0,0,0,0,1,0,0,0,0,0,0,0,0,0,0,0,0,0,0,0,0
prog_000158_lcs,33,2,4,2,0,0,5,1798,1194,41,188,192,5,449,42,0.1067853170189099,0.664071190211346,0.022803114571746386,0.0027808676307007787,0.10456062291434928,10,2,O3_combine,O2_standard,0.0282239000007393,0.0267042000014043,48531.0,1.0569086510457188,1.001772063217325,0,0,0,0,0,0,0,0,0,0,0,0,0,0,0,0,0,0,0,0,1,0,0,0,0,0,0,0,0,0,0,0,0,0,0,0,0,0,0,0
prog_000159_heap_sort,35,3,3,1,3,2,5,774,498,22,72,90,5,189,23,0.11627906976744186,0.6434108527131783,0.028423772609819122,0.006459948320413436,0.09302325581395349,19,4,full_aggressive,Os_size,0.0266246999999566,0.0239600000004429,46818.0,1.1112145241846594,1.0039087530437012,0,0,0,0,0,0,0,0,0,0,0,0,0,0,0,0,1,0,0,0,0,0,0,0,0,0,0,0,0,0,0,0,0,0,0,0,0,0,0,0
prog_000160_fibonacci,24,2,0,0,0,0,2,112,61,4,16,14,5,24,5,0.125,0.5446428571428571,0.03571428571428571,0.044642857142857144,0.14285714285714285,19,4,full_aggressive,Os_size,0.0243186999996396,0.0224003999992419,44908.0,1.0856368636480875,1.024962144829429,0,0,0,0,0,0,0,0,0,0,0,0,0,1,0,0,0,0,0,0,0,0,0,0,0,0,0,0,0,0,0,0,0,0,0,0,0,0,0,0
prog_000161_kmp,41,3,4,1,10,0,5,919,593,34,98,96,5,205,35,0.1044613710554951,0.6452665941240479,0.036996735582154515,0.00544069640914037,0.10663764961915125,4,2,Os_size,O2_standard,0.0218281999987084,0.0210707999995065,47481.0,1.0359454790145433,1.0018112508161159,0,0,0,0,0,0,0,0,0,0,0,0,0,0,0,0,0,0,1,0,0,0,0,0,0,0,0,0,0,0,0,0,0,0,0,0,0,0,0,0
prog_000162_prefix_sum,28,1,5,2,2,0,4,321,179,14,23,74,5,40,15,0.23052959501557632,0.557632398753894,0.04361370716510903,0.01557632398753894,0.07165109034267912,3,4,O3_aggressive,Os_size,0.0248538000014377,0.0248538000014377,45009.0,1.0,1.0021551245306495,0,0,0,0,0,0,0,0,0,0,0,0,0,0,0,0,0,0,0,0,0,0,0,0,0,1,0,0,0,0,0,0,0,0,0,0,0,0,0,0
prog_000163_heap_sort,35,3,3,1,3,2,5,774,498,22,72,90,5,189,23,0.11627906976744186,0.6434108527131783,0.028423772609819122,0.006459948320413436,0.09302325581395349,13,4,O2_fast_math,Os_size,,0.0206703000003471,46818.0,,,0,0,0,0,0,0,0,0,0,0,0,0,0,0,0,0,1,0,0,0,0,0,0,0,0,0,0,0,0,0,0,0,0,0,0,0,0,0,0,0
prog_000164_heap_sort,35,3,3,1,3,2,5,802,517,26,72,91,5,191,27,0.11346633416458853,0.6446384039900249,0.032418952618453865,0.006234413965087282,0.08977556109725686,19,4,full_aggressive,Os_size,,0.0178952000005665,46818.0,,,0,0,0,0,0,0,0,0,0,0,0,0,0,0,0,0,1,0,0,0,0,0,0,0,0,0,0,0,0,0,0,0,0,0,0,0,0,0,0,0
prog_000165_selection_sort,32,2,3,1,1,1,3,165,95,9,15,27,5,29,10,0.16363636363636364,0.5757575757575758,0.05454545454545454,0.030303030303030304,0.09090909090909091,10,4,O3_combine,Os_size,0.0301330999991478,0.0149127999993652,45032.0,2.0206198702075056,1.002154023805294,0,0,0,0,0,0,0,0,0,0,0,0,0,0,0,0,0,0,0,0,0,0,0,0,0,0,0,0,0,0,0,0,1,0,0,0,0,0,0,0
prog_000166_convex_hull,35,3,5,2,1,0,8,3174,2161,108,306,315,5,529,109,0.09924385633270322,0.6808443604284814,0.034026465028355386,0.001575299306868305,0.09640831758034027,4,4,Os_size,Os_size,0.0233028999991802,0.0181941000009828,51582.0,1.280794323320276,1.0069791787832965,0,0,0,0,0,0,0,1,0,0,0,0,0,0,0,0,0,0,0,0,0,0,0,0,0,0,0,0,0,0,0,0,0,0,0,0,0,0,0,0
prog_000167_bellman_ford,35,2,4,2,2,0,4,891,557,26,74,124,5,199,27,0.13916947250280584,0.6251402918069585,0.029180695847362513,0.005611672278338945,0.08305274971941638,2,4,O2_standard,Os_size,0.0208301000002393,0.0192771999991236,45856.0,1.0805563049190907,1.0132807048150734,0,1,0,0,0,0,0,0,0,0,0,0,0,0,0,0,0,0,0,0,0,0,0,0,0,0,0,0,0,0,0,0,0,0,0,0,0,0,0,0
prog_000168_linked_list,26,1,2,1,1,4,2,137,84,7,15,12,5,27,8,0.08759124087591241,0.6131386861313869,0.051094890510948905,0.0364963503649635,0.10948905109489052,4,2,Os_size,O2_standard,0.0186998000008316,0.0169010999998135,44631.0,1.1064250256514636,1.0,0,0,0,0,0,0,0,0,0,0,0,0,0,0,0,0,0,0,0,0,0,1,0,0,0,0,0,0,0,0,0,0,0,0,0,0,0,0,0,0
prog_000169_bst,42,4,3,1,5,6,7,273,164,20,24,33,5,49,21,0.12087912087912088,0.6007326007326007,0.07326007326007326,0.018315018315018316,0.08791208791208792,0,4,O0_baseline,Os_size,0.0193755000000237,0.0173506999999517,45259.0,1.116698461738007,1.2736472303851167,0,0,0,0,1,0,0,0,0,0,0,0,0,0,0,0,0,0,0,0,0,0,0,0,0,0,0,0,0,0,0,0,0,0,0,0,0,0,0,0
prog_000170_segment_tree,50,4,2,1,9,4,6,960,623,30,78,129,5,202,31,0.134375,0.6489583333333333,0.03125,0.005208333333333333,0.08125,2,4,O2_standard,Os_size,0.018107300000338,0.0171717000011994,46860.0,1.0544849956074966,1.3189287238583014,0,0,0,0,0,0,0,0,0,0,0,0,0,0,0,0,0,0,0,0,0,0,0,0,0,0,0,0,0,0,0,1,0,0,0,0,0,0,0,0
prog_000171_floyd_warshall,32,2,6,3,2,0,4,283,157,25,17,50,5,47,26,0.17667844522968199,0.5547703180212014,0.08833922261484099,0.0176678445229682,0.06007067137809187,13,4,O2_fast_math,Os_size,0.1326312000001053,0.101808000001256,45032.0,1.302758132941115,1.0135237164682893,0,0,0,0,0,0,0,0,0,0,0,0,0,0,1,0,0,0,0,0,0,0,0,0,0,0,0,0,0,0,0,0,0,0,0,0,0,0,0,0
prog_000172_selection_sort,32,2,3,1,1,1,3,182,108,11,15,26,5,30,12,0.14285714285714285,0.5934065934065934,0.06043956043956044,0.027472527472527472,0.08241758241758242,13,4,O2_fast_math,Os_size,0.0177983000012318,0.0170877000000473,45032.0,1.0415854679788696,1.0135237164682893,0,0,0,0,0,0,0,0,0,0,0,0,0,0,0,0,0,0,0,0,0,0,0,0,0,0,0,0,0,0,0,0,1,0,0,0,0,0,0,0
prog_000173_sieve,32,2,4,1,2,1,3,954,609,27,82,122,5,201,28,0.1278825995807128,0.6383647798742138,0.02830188679245283,0.005241090146750524,0.0859538784067086,13,2,O2_fast_math,O2_standard,0.0190488000007462,0.0190155000000231,46353.0,1.001751203004026,1.0273984423877636,0,0,0,0,0,0,0,0,0,0,0,0,0,0,0,0,0,0,0,0,0,0,0,0,0,0,0,0,0,0,0,0,0,1,0,0,0,0,0,0
prog_000174_edit_distance,37,2,6,2,2,0,5,1951,1287,48,204,213,5,476,49,0.10917478216299334,0.6596617119425935,0.02460276781137878,0.0025627883136852894,0.10456176319835982,3,2,O3_aggressive,O2_standard,0.0222267999997711,0.0222267999997711,48551.0,1.0,1.0017713332372145,0,0,0,0,0,0,0,0,0,0,0,0,1,0,0,0,0,0,0,0,0,0,0,0,0,0,0,0,0,0,0,0,0,0,0,0,0,0,0,0
prog_000175_merge_sort,38,3,6,1,1,2,5,836,544,27,69,103,5,187,28,0.12320574162679426,0.6507177033492823,0.03229665071770335,0.005980861244019139,0.08253588516746412,19,4,full_aggressive,Os_size,0.0199998999996751,0.0185449999989941,46862.0,1.0784524130903164,1.0366821731893645,0,0,0,0,0,0,0,0,0,0,0,0,0,0,0,0,0,0,0,0,0,0,0,0,1,0,0,0,0,0,0,0,0,0,0,0,0,0,0,0
prog_000176_coin_change,32,2,4,2,1,1,3,760,493,27,65,87,5,176,28,0.11447368421052631,0.6486842105263158,0.035526315789473684,0.006578947368421052,0.08552631578947369,19,4,full_aggressive,Os_size,0.020909600001687,0.0180483999993157,46054.0,1.1585292880521145,1.0132236070699614,0,0,0,0,0,0,1,0,0,0,0,0,0,0,0,0,0,0,0,0,0,0,0,0,0,0,0,0,0,0,0,0,0,0,0,0,0,0,0,0
prog_000177_coin_change,32,2,4,2,1,1,3,760,493,27,65,87,5,176,28,0.11447368421052631,0.6486842105263158,0.035526315789473684,0.006578947368421052,0.08552631578947369,5,4,O2_unroll_vec,Os_size,0.0197750000006635,0.0172543999997287,46054.0,1.1460844770594418,1.0243409910105528,0,0,0,0,0,0,1,0,0,0,0,0,0,0,0,0,0,0,0,0,0,0,0,0,0,0,0,0,0,0,0,0,0,0,0,0,0,0,0,0
prog_000178_coin_change,32,2,4,2,1,1,3,760,493,27,65,87,5,176,28,0.11447368421052631,0.6486842105263158,0.035526315789473684,0.006578947368421052,0.08552631578947369,3,4,O3_aggressive,Os_size,0.0172877999993943,0.0172877999993943,46054.0,1.0,1.0132236070699614,0,0,0,0,0,0,1,0,0,0,0,0,0,0,0,0,0,0,0,0,0,0,0,0,0,0,0,0,0,0,0,0,0,0,0,0,0,0,0,0
prog_000179_lcs,33,2,4,2,0,0,5,1798,1192,41,188,194,5,449,42,0.10789766407119021,0.6629588431590656,0.022803114571746386,0.0027808676307007787,0.10456062291434928,19,2,full_aggressive,O2_standard,0.0413071000002673,0.0360749999999825,48531.0,1.145033957041922,1.001772063217325,0,0,0,0,0,0,0,0,0,0,0,0,0,0,0,0,0,0,0,0,1,0,0,0,0,0,0,0,0,0,0,0,0,0,0,0,0,0,0,0
prog_000180_doubly_linked_list,38,4,2,1,6,7,5,196,125,8,18,22,5,34,9,0.11224489795918367,0.6377551020408163,0.04081632653061224,0.025510204081632654,0.09183673469387756,19,2,full_aggressive,O2_standard,0.0222354000015911,0.0191166000004159,44722.0,1.1631461662171803,1.0,0,0,0,0,0,0,0,0,0,0,0,1,0,0,0,0,0,0,0,0,0,0,0,0,0,0,0,0,0,0,0,0,0,0,0,0,0,0,0,0
prog_000181_prefix_sum,27,1,3,1,1,0,3,866,571,20,86,98,5,205,21,0.11316397228637413,0.6593533487297921,0.023094688221709007,0.005773672055427252,0.09930715935334873,19,4,full_aggressive,Os_size,0.0237025999995239,0.020737700000609,46800.0,1.142971496300353,1.0026495726495726,0,0,0,0,0,0,0,0,0,0,0,0,0,0,0,0,0,0,0,0,0,0,0,0,0,1,0,0,0,0,0,0,0,0,0,0,0,0,0,0
prog_000182_quick_sort,32,2,2,1,2,1,4,755,493,20,71,83,5,185,21,0.10993377483443709,0.6529801324503312,0.026490066225165563,0.006622516556291391,0.09403973509933775,4,4,Os_size,Os_size,0.0291252000006352,0.0241645999994943,46789.0,1.2052837622491046,1.0476821475133045,0,0,0,0,0,0,0,0,0,0,0,0,0,0,0,0,0,0,0,0,0,0,0,0,0,0,0,0,1,0,0,0,0,0,0,0,0,0,0,0
prog_000183_dfs,35,2,2,1,2,0,5,1846,1207,42,170,214,5,421,43,0.11592632719393282,0.6538461538461539,0.02275189599133261,0.0027085590465872156,0.09209100758396534,3,4,O3_aggressive,Os_size,0.0166742999990674,0.0166742999990674,47660.0,1.0,1.0190725975660933,0,0,0,0,0,0,0,0,0,1,0,0,0,0,0,0,0,0,0,0,0,0,0,0,0,0,0,0,0,0,0,0,0,0,0,0,0,0,0,0
prog_000184_linked_list,26,1,2,1,1,4,2,137,84,7,15,12,5,27,8,0.08759124087591241,0.6131386861313869,0.051094890510948905,0.0364963503649635,0.10948905109489052,13,2,O2_fast_math,O2_standard,0.0213677000010648,0.0199417999992874,44631.0,1.071503074036865,1.0,0,0,0,0,0,0,0,0,0,0,0,0,0,0,0,0,0,0,0,0,0,1,0,0,0,0,0,0,0,0,0,0,0,0,0,0,0,0,0,0
prog_000185_stencil,33,2,7,3,0,0,3,199,86,16,15,33,21,40,17,0.1658291457286432,0.4321608040201005,0.08040201005025126,0.10552763819095477,0.07537688442211055,13,4,O2_fast_math,Os_size,0.0184645999997883,0.0168646000001899,45036.0,1.0948732848440155,1.0135225153210765,0,0,0,0,0,0,0,0,0,0,0,0,0,0,0,0,0,0,0,0,0,0,0,0,0,0,0,0,0,0,0,0,0,0,0,1,0,0,0,0
prog_000186_dfs,35,2,2,1,2,0,5,1846,1207,42,170,214,5,421,43,0.11592632719393282,0.6538461538461539,0.02275189599133261,0.0027085590465872156,0.09209100758396534,5,4,O2_unroll_vec,Os_size,0.0255929000013566,0.016971499999272,47660.0,1.5079928116226862,1.0190725975660933,0,0,0,0,0,0,0,0,0,1,0,0,0,0,0,0,0,0,0,0,0,0,0,0,0,0,0,0,0,0,0,0,0,0,0,0,0,0,0,0
prog_000187_edit_distance,37,2,6,2,2,0,5,1951,1287,48,204,213,5,476,49,0.10917478216299334,0.6596617119425935,0.02460276781137878,0.0025627883136852894,0.10456176319835982,19,2,full_aggressive,O2_standard,0.0175175000003946,0.0164919999988342,48551.0,1.062181663936023,1.0017713332372145,0,0,0,0,0,0,0,0,0,0,0,0,1,0,0,0,0,0,0,0,0,0,0,0,0,0,0,0,0,0,0,0,0,0,0,0,0,0,0,0
prog_000188_floyd_warshall,32,2,6,3,2,0,4,283,157,25,17,50,5,47,26,0.17667844522968199,0.5547703180212014,0.08833922261484099,0.0176678445229682,0.06007067137809187,3,4,O3_aggressive,Os_size,0.0161041999999724,0.0161041999999724,45032.0,1.0,1.0135237164682893,0,0,0,0,0,0,0,0,0,0,0,0,0,0,1,0,0,0,0,0,0,0,0,0,0,0,0,0,0,0,0,0,0,0,0,0,0,0,0,0
prog_000189_insertion_sort,32,2,3,1,0,1,3,171,97,11,16,25,5,29,12,0.14619883040935672,0.5672514619883041,0.06432748538011696,0.029239766081871343,0.0935672514619883,5,4,O2_unroll_vec,Os_size,0.0253300999993371,0.0217145000005984,45032.0,1.1665062515203695,1.002154023805294,0,0,0,0,0,0,0,0,0,0,0,0,0,0,0,0,0,1,0,0,0,0,0,0,0,0,0,0,0,0,0,0,0,0,0,0,0,0,0,0
prog_000190_insertion_sort,32,2,3,1,0,1,3,171,97,11,16,25,5,29,12,0.14619883040935672,0.5672514619883041,0.06432748538011696,0.029239766081871343,0.0935672514619883,5,4,O2_unroll_vec,Os_size,0.0267064999989088,0.0227891000013187,45032.0,1.1718979686500748,1.002154023805294,0,0,0,0,0,0,0,0,0,0,0,0,0,0,0,0,0,1,0,0,0,0,0,0,0,0,0,0,0,0,0,0,0,0,0,0,0,0,0,0
prog_000191_union_find,35,4,1,1,5,0,5,1111,731,27,108,128,5,257,28,0.1152115211521152,0.6579657965796579,0.024302430243024302,0.004500450045004501,0.09720972097209721,13,4,O2_fast_math,Os_size,0.0232223000002704,0.0203025999999226,47388.0,1.1438091673164485,1.0145184434878027,0,0,0,0,0,0,0,0,0,0,0,0,0,0,0,0,0,0,0,0,0,0,0,0,0,0,0,0,0,0,0,0,0,0,0,0,0,0,1,0
prog_000192_bst,42,4,3,1,5,6,7,273,164,20,24,33,5,49,21,0.12087912087912088,0.6007326007326007,0.07326007326007326,0.018315018315018316,0.08791208791208792,2,4,O2_standard,Os_size,0.0179383000013331,0.0170096000001649,45259.0,1.054598579693773,1.2736472303851167,0,0,0,0,1,0,0,0,0,0,0,0,0,0,0,0,0,0,0,0,0,0,0,0,0,0,0,0,0,0,0,0,0,0,0,0,0,0,0,0
prog_000193_floyd_warshall,32,2,6,3,2,0,4,283,157,25,17,50,5,47,26,0.17667844522968199,0.5547703180212014,0.08833922261484099,0.0176678445229682,0.06007067137809187,13,4,O2_fast_math,Os_size,0.0275137999997241,0.0204470000007859,45032.0,1.3456154936502462,1.0135237164682893,0,0,0,0,0,0,0,0,0,0,0,0,0,0,1,0,0,0,0,0,0,0,0,0,0,0,0,0,0,0,0,0,0,0,0,0,0,0,0,0
prog_000194_segment_tree,50,4,2,1,9,4,6,960,623,30,78,129,5,202,31,0.134375,0.6489583333333333,0.03125,0.005208333333333333,0.08125,3,4,O3_aggressive,Os_size,0.0359936999993806,0.0359936999993806,46860.0,1.0,1.3207639778062312,0,0,0,0,0,0,0,0,0,0,0,0,0,0,0,0,0,0,0,0,0,0,0,0,0,0,0,0,0,0,0,1,0,0,0,0,0,0,0,0
prog_000195_bubble_sort,30,2,3,2,1,1,3,183,104,11,16,30,5,30,12,0.16393442622950818,0.5683060109289617,0.060109289617486336,0.0273224043715847,0.08743169398907104,10,4,O3_combine,Os_size,0.4157037000004493,0.3109246000003622,45023.0,1.336991990984197,1.0021544543899785,0,0,0,0,0,1,0,0,0,0,0,0,0,0,0,0,0,0,0,0,0,0,0,0,0,0,0,0,0,0,0,0,0,0,0,0,0,0,0,0
prog_000196_heap_sort,35,3,3,1,3,2,5,774,498,22,72,90,5,189,23,0.11627906976744186,0.6434108527131783,0.028423772609819122,0.006459948320413436,0.09302325581395349,2,4,O2_standard,Os_size,0.0201285000002826,0.0179195000000618,46818.0,1.1232735288491968,1.0039087530437012,0,0,0,0,0,0,0,0,0,0,0,0,0,0,0,0,1,0,0,0,0,0,0,0,0,0,0,0,0,0,0,0,0,0,0,0,0,0,0,0
prog_000197_avl_tree,45,8,1,1,10,14,5,397,253,32,39,29,5,66,33,0.07304785894206549,0.6372795969773299,0.08060453400503778,0.012594458438287154,0.0982367758186398,5,4,O2_unroll_vec,Os_size,0.0205824000004213,0.0175245999998878,45861.0,1.1744861509280142,1.1146071825734285,1,0,0,0,0,0,0,0,0,0,0,0,0,0,0,0,0,0,0,0,0,0,0,0,0,0,0,0,0,0,0,0,0,0,0,0,0,0,0,0
prog_000198_lis,34,2,2,1,2,2,4,1543,1036,35,154,157,5,370,36,0.101749837977965,0.6714193130265717,0.02268308489954634,0.0032404406999351912,0.09980557355800389,3,4,O3_aggressive,Os_size,0.0169189000007463,0.0169189000007463,47189.0,1.0,1.0026277310390133,0,0,0,0,0,0,0,0,0,0,0,0,0,0,0,0,0,0,0,0,0,0,1,0,0,0,0,0,0,0,0,0,0,0,0,0,0,0,0,0
prog_000199_matrix_mult,30,2,5,3,0,1,4,192,86,12,16,34,18,36,13,0.17708333333333334,0.4479166666666667,0.0625,0.09375,0.08333333333333333,10,4,O3_combine,Os_size,0.0241621999994094,0.0198101000005408,45054.0,1.219690965656397,1.0021529719891686,0,0,0,0,0,0,0,0,0,0,0,0,0,0,0,0,0,0,0,0,0,0,0,1,0,0,0,0,0,0,0,0,0,0,0,0,0,0,0,0
prog_000200_coin_change,32,2,4,2,1,1,3,760,493,27,65,87,5,176,28,0.11447368421052631,0.6486842105263158,0.035526315789473684,0.006578947368421052,0.08552631578947369,10,4,O3_combine,Os_size,0.0187033000001974,0.0168020000000979,46054.0,1.113159147725772,1.0132236070699614,0,0,0,0,0,0,1,0,0,0,0,0,0,0,0,0,0,0,0,0,0,0,0,0,0,0,0,0,0,0,0,0,0,0,0,0,0,0,0,0
prog_000201_hash_table,30,4,3,1,1,5,7,223,131,10,21,37,5,41,11,0.16591928251121077,0.5874439461883408,0.04484304932735426,0.02242152466367713,0.09417040358744394,19,4,full_aggressive,Os_size,0.0533388999992894,0.0490265999997063,45229.0,1.0879583736096106,1.0134648123991246,0,0,0,0,0,0,0,0,0,0,0,0,0,0,0,1,0,0,0,0,0,0,0,0,0,0,0,0,0,0,0,0,0,0,0,0,0,0,0,0
prog_000202_bellman_ford,35,2,4,2,2,0,4,891,557,26,74,124,5,199,27,0.13916947250280584,0.6251402918069585,0.029180695847362513,0.005611672278338945,0.08305274971941638,5,4,O2_unroll_vec,Os_size,0.016973699999653,0.0169377000001986,45856.0,1.0021254361249743,1.0132807048150734,0,1,0,0,0,0,0,0,0,0,0,0,0,0,0,0,0,0,0,0,0,0,0,0,0,0,0,0,0,0,0,0,0,0,0,0,0,0,0,0
prog_000203_hash_table,30,4,3,1,1,5,7,223,131,10,21,37,5,41,11,0.16591928251121077,0.5874439461883408,0.04484304932735426,0.02242152466367713,0.09417040358744394,10,4,O3_combine,Os_size,0.01765290000003,0.0175373999991279,45229.0,1.006585924989328,1.0134648123991246,0,0,0,0,0,0,0,0,0,0,0,0,0,0,0,1,0,0,0,0,0,0,0,0,0,0,0,0,0,0,0,0,0,0,0,0,0,0,0,0
prog_000204_vector_ops,25,1,2,1,0,0,3,720,444,17,79,80,25,175,18,0.1111111111111111,0.6166666666666667,0.02361111111111111,0.034722222222222224,0.10972222222222222,13,4,O2_fast_math,Os_size,0.0283639999997831,0.0219889999989391,46870.0,1.2899176861681556,1.0026456155323233,0,0,0,0,0,0,0,0,0,0,0,0,0,0,0,0,0,0,0,0,0,0,0,0,0,0,0,0,0,0,0,0,0,0,0,0,0,0,0,1
prog_000205_lcs,33,2,4,2,0,0,5,1798,1196,41,188,190,5,449,42,0.10567296996662959,0.6651835372636262,0.022803114571746386,0.0027808676307007787,0.10456062291434928,2,2,O2_standard,O2_standard,0.0440287000001262,0.0401940000010654,48531.0,1.0954047867582017,1.001772063217325,0,0,0,0,0,0,0,0,0,0,0,0,0,0,0,0,0,0,0,0,1,0,0,0,0,0,0,0,0,0,0,0,0,0,0,0,0,0,0,0
prog_000206_topo_sort,39,2,4,1,3,0,5,2703,1816,62,261,293,5,579,63,0.10839807621161672,0.6718460969293377,0.02293747687754347,0.001849796522382538,0.09655937846836848,19,3,full_aggressive,O3_aggressive,0.0210582999989128,0.0188899999993736,50259.0,1.1147856008264214,1.0,0,0,0,0,0,0,0,0,0,0,0,0,0,0,0,0,0,0,0,0,0,0,0,0,0,0,0,0,0,0,0,0,0,0,0,0,1,0,0,0
prog_000207_segment_tree,50,4,2,1,9,4,6,960,623,30,78,129,5,202,31,0.134375,0.6489583333333333,0.03125,0.005208333333333333,0.08125,5,4,O2_unroll_vec,Os_size,0.0650937999998859,0.0650856000011117,46860.0,1.000125987910906,1.3207639778062312,0,0,0,0,0,0,0,0,0,0,0,0,0,0,0,0,0,0,0,0,0,0,0,0,0,0,0,0,0,0,0,1,0,0,0,0,0,0,0,0
prog_000208_knapsack,33,2,3,2,1,2,4,1641,1085,36,158,187,5,415,37,0.11395490554539915,0.6611822059719683,0.021937842778793418,0.0030469226081657527,0.09628275441803778,19,2,full_aggressive,O2_standard,0.019930899999963,0.0189291999995475,48152.0,1.052918242738174,1.0017860109652765,0,0,0,0,0,0,0,0,0,0,0,0,0,0,0,0,0,0,0,1,0,0,0,0,0,0,0,0,0,0,0,0,0,0,0,0,0,0,0,0
prog_000209_floyd_warshall,32,2,6,3,2,0,4,283,157,25,17,50,5,47,26,0.17667844522968199,0.5547703180212014,0.08833922261484099,0.0176678445229682,0.06007067137809187,5,4,O2_unroll_vec,Os_size,0.0201601999997365,0.0183567000003677,45032.0,1.0982475063237223,1.0135237164682893,0,0,0,0,0,0,0,0,0,0,0,0,0,0,1,0,0,0,0,0,0,0,0,0,0,0,0,0,0,0,0,0,0,0,0,0,0,0,0,0
prog_000210_linked_list,26,1,2,1,1,4,2,137,84,7,15,12,5,27,8,0.08759124087591241,0.6131386861313869,0.051094890510948905,0.0364963503649635,0.10948905109489052,0,2,O0_baseline,O2_standard,0.0208275999993929,0.0189539000002696,44631.0,1.0988556444371158,1.0,0,0,0,0,0,0,0,0,0,0,0,0,0,0,0,0,0,0,0,0,0,1,0,0,0,0,0,0,0,0,0,0,0,0,0,0,0,0,0,0
prog_000221_priority_queue,34,5,1,1,3,0,7,1739,1144,41,182,197,5,352,42,0.11328349626221966,0.6578493387004025,0.023576768257619323,0.002875215641173088,0.1046578493387004,2,4,O2_standard,Os_size,0.0260944999990897,0.0238023999991128,47265.0,1.0962970120686288,1.009541944356289,0,0,0,0,0,0,0,0,0,0,0,0,0,0,0,0,0,0,0,0,0,0,0,0,0,0,1,0,0,0,0,0,0,0,0,0,0,0,0,0
prog_000222_dfs,35,2,2,1,2,0,5,1846,1207,42,170,214,5,421,43,0.11592632719393282,0.6538461538461539,0.02275189599133261,0.0027085590465872156,0.09209100758396534,10,4,O3_combine,Os_size,0.0237042000007932,0.0212924000006751,47660.0,1.1132704627022616,1.0190725975660933,0,0,0,0,0,0,0,0,0,1,0,0,0,0,0,0,0,0,0,0,0,0,0,0,0,0,0,0,0,0,0,0,0,0,0,0,0,0,0,0
prog_000223_queue,34,3,1,1,4,1,4,272,168,14,23,34,5,53,15,0.125,0.6176470588235294,0.051470588235294115,0.01838235294117647,0.08455882352941177,10,4,O3_combine,Os_size,0.0275922000000718,0.0213253999991138,46224.0,1.2938655313015663,1.01317497403946,0,0,0,0,0,0,0,0,0,0,0,0,0,0,0,0,0,0,0,0,0,0,0,0,0,0,0,1,0,0,0,0,0,0,0,0,0,0,0,0
prog_000224_edit_distance,37,2,6,2,2,0,5,1951,1287,48,204,213,5,476,49,0.10917478216299334,0.6596617119425935,0.02460276781137878,0.0025627883136852894,0.10456176319835982,3,2,O3_aggressive,O2_standard,0.0371316000000661,0.0371316000000661,48551.0,1.0,1.0017713332372145,0,0,0,0,0,0,0,0,0,0,0,0,1,0,0,0,0,0,0,0,0,0,0,0,0,0,0,0,0,0,0,0,0,0,0,0,0,0,0,0
prog_000225_insertion_sort,32,2,3,1,0,1,3,158,87,9,16,27,5,28,10,0.17088607594936708,0.5506329113924051,0.056962025316455694,0.03164556962025317,0.10126582278481013,19,4,full_aggressive,Os_size,0.024661699999342,0.0234643000003416,45032.0,1.0510307147020355,1.002154023805294,0,0,0,0,0,0,0,0,0,0,0,0,0,0,0,0,0,1,0,0,0,0,0,0,0,0,0,0,0,0,0,0,0,0,0,0,0,0,0,0
prog_000226_quick_sort,32,2,2,1,5,1,4,813,530,21,74,100,5,187,22,0.12300123001230012,0.6519065190651907,0.025830258302583026,0.006150061500615006,0.0910209102091021,4,4,Os_size,Os_size,0.0235444999998435,0.0218671000002359,46277.0,1.076708845690078,1.0131598850400847,0,0,0,0,0,0,0,0,0,0,0,0,0,0,0,0,0,0,0,0,0,0,0,0,0,0,0,0,1,0,0,0,0,0,0,0,0,0,0,0
prog_000227_quick_sort,32,2,2,1,2,1,4,755,493,20,71,83,5,185,21,0.10993377483443709,0.6529801324503312,0.026490066225165563,0.006622516556291391,0.09403973509933775,10,4,O3_combine,Os_size,0.0238829999998415,0.0220440000011876,46789.0,1.0834240609034125,1.0476821475133045,0,0,0,0,0,0,0,0,0,0,0,0,0,0,0,0,0,0,0,0,0,0,0,0,0,0,0,0,1,0,0,0,0,0,0,0,0,0,0,0
prog_000228_dijkstra,43,2,4,1,4,0,7,3972,2643,96,399,419,5,838,97,0.1054884189325277,0.6654078549848943,0.02416918429003021,0.0012588116817724068,0.10045317220543806,2,3,O2_standard,O3_aggressive,0.0385822000007465,0.0226793000001634,50131.0,1.7012077092533067,1.0,0,0,0,0,0,0,0,0,0,0,1,0,0,0,0,0,0,0,0,0,0,0,0,0,0,0,0,0,0,0,0,0,0,0,0,0,0,0,0,0
prog_000229_convex_hull,35,3,5,2,1,0,8,3174,2161,108,306,315,5,529,109,0.09924385633270322,0.6808443604284814,0.034026465028355386,0.001575299306868305,0.09640831758034027,4,4,Os_size,Os_size,0.0236406000003626,0.0221910999989631,51582.0,1.06531897929653,1.0069791787832965,0,0,0,0,0,0,0,1,0,0,0,0,0,0,0,0,0,0,0,0,0,0,0,0,0,0,0,0,0,0,0,0,0,0,0,0,0,0,0,0
prog_000230_fibonacci,25,2,0,0,2,0,2,137,79,6,17,17,5,26,7,0.12408759124087591,0.5766423357664233,0.043795620437956206,0.0364963503649635,0.12408759124087591,3,4,O3_aggressive,Os_size,0.022769999999582,0.022769999999582,44923.0,1.0,1.0135565300625515,0,0,0,0,0,0,0,0,0,0,0,0,0,1,0,0,0,0,0,0,0,0,0,0,0,0,0,0,0,0,0,0,0,0,0,0,0,0,0,0
prog_000211_rod_cutting,30,2,4,2,0,1,3,699,454,21,63,79,5,175,22,0.11301859799713877,0.6494992846924177,0.030042918454935622,0.00715307582260372,0.09012875536480687,5,4,O2_unroll_vec,Os_size,0.0206533999989915,0.0178981000008207,46042.0,1.1539437145867135,1.015094913339994,0,0,0,0,0,0,0,0,0,0,0,0,0,0,0,0,0,0,0,0,0,0,0,0,0,0,0,0,0,0,1,0,0,0,0,0,0,0,0,0
prog_000212_bfs,38,2,3,1,2,0,6,3446,2307,73,324,386,5,738,74,0.11201392919326755,0.6694718514219384,0.02118398142774231,0.0014509576320371445,0.09402205455600697,4,2,Os_size,O2_standard,0.0196703000001434,0.0184336000002076,50492.0,1.0670894453564075,1.0202804404658163,0,0,1,0,0,0,0,0,0,0,0,0,0,0,0,0,0,0,0,0,0,0,0,0,0,0,0,0,0,0,0,0,0,0,0,0,0,0,0,0
prog_000213_radix_sort,36,3,6,1,0,2,4,875,553,29,77,112,5,211,30,0.128,0.632,0.03314285714285714,0.005714285714285714,0.088,3,2,O3_aggressive,O2_standard,0.025011199999426,0.025011199999426,47123.0,1.0,1.0018250111410565,0,0,0,0,0,0,0,0,0,0,0,0,0,0,0,0,0,0,0,0,0,0,0,0,0,0,0,0,0,1,0,0,0,0,0,0,0,0,0,0
prog_000214_queue,34,3,1,1,4,1,4,272,168,14,23,34,5,53,15,0.125,0.6176470588235294,0.051470588235294115,0.01838235294117647,0.08455882352941177,10,4,O3_combine,Os_size,0.0251623000003746,0.0236369999984162,46224.0,1.0645301858129461,1.01317497403946,0,0,0,0,0,0,0,0,0,0,0,0,0,0,0,0,0,0,0,0,0,0,0,0,0,0,0,1,0,0,0,0,0,0,0,0,0,0,0,0
prog_000215_counting_sort,32,2,5,1,0,1,3,880,580,23,92,96,5,219,24,0.10909090909090909,0.6590909090909091,0.026136363636363635,0.005681818181818182,0.10454545454545454,10,2,O3_combine,O2_standard,0.0259248000002116,0.0244863999996596,47099.0,1.0587428123600038,1.0018259411027834,0,0,0,0,0,0,0,0,1,0,0,0,0,0,0,0,0,0,0,0,0,0,0,0,0,0,0,0,0,0,0,0,0,0,0,0,0,0,0,0
prog_000216_dijkstra,43,2,4,1,4,0,7,3972,2643,96,399,419,5,838,97,0.1054884189325277,0.6654078549848943,0.02416918429003021,0.0012588116817724068,0.10045317220543806,2,3,O2_standard,O3_aggressive,0.0244266999998217,0.0230754999993223,50131.0,1.0585556109527023,1.0,0,0,0,0,0,0,0,0,0,0,1,0,0,0,0,0,0,0,0,0,0,0,0,0,0,0,0,0,0,0,0,0,0,0,0,0,0,0,0,0
prog_000217_quick_sort,32,2,2,1,5,1,4,855,554,29,74,101,5,191,30,0.11812865497076024,0.6479532163742691,0.03391812865497076,0.005847953216374269,0.08654970760233918,3,4,O3_aggressive,Os_size,0.0308979999990697,0.0308979999990697,46789.0,1.0,1.003911175703691,0,0,0,0,0,0,0,0,0,0,0,0,0,0,0,0,0,0,0,0,0,0,0,0,0,0,0,0,1,0,0,0,0,0,0,0,0,0,0,0
prog_000218_quick_sort,32,2,2,1,5,1,4,814,530,21,74,100,5,187,22,0.12285012285012285,0.6511056511056511,0.025798525798525797,0.006142506142506142,0.09090909090909091,5,4,O2_unroll_vec,Os_size,0.024616299999252,0.021838700000444,46277.0,1.1271870577805239,1.0131598850400847,0,0,0,0,0,0,0,0,0,0,0,0,0,0,0,0,0,0,0,0,0,0,0,0,0,0,0,0,1,0,0,0,0,0,0,0,0,0,0,0
prog_000219_convex_hull,35,3,5,2,1,0,8,3174,2161,108,306,315,5,529,109,0.09924385633270322,0.6808443604284814,0.034026465028355386,0.001575299306868305,0.09640831758034027,2,4,O2_standard,Os_size,0.0252494999986083,0.0242825999994238,51582.0,1.039818635533569,1.0069791787832965,0,0,0,0,0,0,0,1,0,0,0,0,0,0,0,0,0,0,0,0,0,0,0,0,0,0,0,0,0,0,0,0,0,0,0,0,0,0,0,0
prog_000220_merge_sort,38,3,6,1,1,2,5,837,544,27,69,103,5,187,28,0.12305854241338113,0.6499402628434886,0.03225806451612903,0.005973715651135006,0.08243727598566308,0,4,O0_baseline,Os_size,0.0227878999994572,0.0219041000000288,46862.0,1.0403486105079525,1.0348469975673253,0,0,0,0,0,0,0,0,0,0,0,0,0,0,0,0,0,0,0,0,0,0,0,0,1,0,0,0,0,0,0,0,0,0,0,0,0,0,0,0
prog_000231_dijkstra,43,2,4,1,4,0,7,3972,2643,96,399,419,5,838,97,0.1054884189325277,0.6654078549848943,0.02416918429003021,0.0012588116817724068,0.10045317220543806,5,3,O2_unroll_vec,O3_aggressive,0.025939200000721,0.0250061999995523,50131.0,1.0373107469821645,1.0,0,0,0,0,0,0,0,0,0,0,1,0,0,0,0,0,0,0,0,0,0,0,0,0,0,0,0,0,0,0,0,0,0,0,0,0,0,0,0,0
prog_000232_fibonacci,24,2,0,0,0,0,2,112,61,4,16,14,5,24,5,0.125,0.5446428571428571,0.03571428571428571,0.044642857142857144,0.14285714285714285,13,4,O2_fast_math,Os_size,0.1500992999990558,0.1450989000004483,44908.0,1.0344620117629564,1.024962144829429,0,0,0,0,0,0,0,0,0,0,0,0,0,1,0,0,0,0,0,0,0,0,0,0,0,0,0,0,0,0,0,0,0,0,0,0,0,0,0,0
prog_000233_rod_cutting,30,2,4,2,0,1,3,699,454,21,63,79,5,175,22,0.11301859799713877,0.6494992846924177,0.030042918454935622,0.00715307582260372,0.09012875536480687,19,4,full_aggressive,Os_size,0.0223763000012695,0.0220974999992904,46042.0,1.0126168119465122,1.015094913339994,0,0,0,0,0,0,0,0,0,0,0,0,0,0,0,0,0,0,0,0,0,0,0,0,0,0,0,0,0,0,1,0,0,0,0,0,0,0,0,0
prog_000234_priority_queue,34,5,1,1,3,0,7,1739,1144,41,182,197,5,352,42,0.11328349626221966,0.6578493387004025,0.023576768257619323,0.002875215641173088,0.1046578493387004,13,4,O2_fast_math,Os_size,0.0328666999994311,0.0292288000000553,47265.0,1.1244628585288796,1.009541944356289,0,0,0,0,0,0,0,0,0,0,0,0,0,0,0,0,0,0,0,0,0,0,0,0,0,0,1,0,0,0,0,0,0,0,0,0,0,0,0,0
prog_000235_trie,42,4,5,1,2,4,6,473,319,18,51,38,5,92,19,0.080338266384778,0.6744186046511628,0.03805496828752643,0.010570824524312896,0.10782241014799154,5,2,O2_unroll_vec,O2_standard,0.0263028999997914,0.0249801999998453,47182.0,1.0529499363477592,1.0,0,0,0,0,0,0,0,0,0,0,0,0,0,0,0,0,0,0,0,0,0,0,0,0,0,0,0,0,0,0,0,0,0,0,0,0,0,1,0,0
prog_000236_lis,34,2,2,1,2,2,4,1543,1036,35,154,157,5,370,36,0.101749837977965,0.6714193130265717,0.02268308489954634,0.0032404406999351912,0.09980557355800389,4,4,Os_size,Os_size,0.0241824999993696,0.0235118000000511,47189.0,1.0285261017581402,1.0026277310390133,0,0,0,0,0,0,0,0,0,0,0,0,0,0,0,0,0,0,0,0,0,0,1,0,0,0,0,0,0,0,0,0,0,0,0,0,0,0,0,0
prog_000237_coin_change,32,2,4,2,1,1,3,760,493,27,65,87,5,176,28,0.11447368421052631,0.6486842105263158,0.035526315789473684,0.006578947368421052,0.08552631578947369,4,4,Os_size,Os_size,0.0305287000010139,0.0235988999993423,46054.0,1.293649280342081,1.0243409910105528,0,0,0,0,0,0,1,0,0,0,0,0,0,0,0,0,0,0,0,0,0,0,0,0,0,0,0,0,0,0,0,0,0,0,0,0,0,0,0,0
prog_000238_insertion_sort,32,2,3,1,0,1,3,171,97,11,16,25,5,29,12,0.14619883040935672,0.5672514619883041,0.06432748538011696,0.029239766081871343,0.0935672514619883,4,4,Os_size,Os_size,0.0231599999988247,0.0221273000006476,45032.0,1.0466708544714844,1.002154023805294,0,0,0,0,0,0,0,0,0,0,0,0,0,0,0,0,0,1,0,0,0,0,0,0,0,0,0,0,0,0,0,0,0,0,0,0,0,0,0,0
prog_000239_lcs,33,2,4,2,0,0,5,1794,1192,41,188,190,5,449,42,0.10590858416945373,0.6644370122630993,0.022853957636566332,0.002787068004459309,0.10479375696767002,19,2,full_aggressive,O2_standard,0.0327686000000539,0.0305395999985194,48531.0,1.0729872035535033,1.001772063217325,0,0,0,0,0,0,0,0,0,0,0,0,0,0,0,0,0,0,0,0,1,0,0,0,0,0,0,0,0,0,0,0,0,0,0,0,0,0,0,0
prog_000240_topo_sort,39,2,4,1,3,0,5,2703,1816,62,261,293,5,579,63,0.10839807621161672,0.6718460969293377,0.02293747687754347,0.001849796522382538,0.09655937846836848,4,3,Os_size,O3_aggressive,0.031828500001211,0.0215558999989298,50259.0,1.476556302580324,1.0,0,0,0,0,0,0,0,0,0,0,0,0,0,0,0,0,0,0,0,0,0,0,0,0,0,0,0,0,0,0,0,0,0,0,0,0,1,0,0,0
prog_000241_avl_tree,45,8,1,1,10,14,5,397,253,32,39,29,5,66,33,0.07304785894206549,0.6372795969773299,0.08060453400503778,0.012594458438287154,0.0982367758186398,2,4,O2_standard,Os_size,0.0221718000011605,0.0216596999998728,45861.0,1.0236429868045591,1.1146071825734285,1,0,0,0,0,0,0,0,0,0,0,0,0,0,0,0,0,0,0,0,0,0,0,0,0,0,0,0,0,0,0,0,0,0,0,0,0,0,0,0
prog_000242_queue,34,3,1,1,4,1,4,272,168,14,23,34,5,53,15,0.125,0.6176470588235294,0.051470588235294115,0.01838235294117647,0.08455882352941177,3,4,O3_aggressive,Os_size,0.0214154999994207,0.0214154999994207,46224.0,1.0,1.01317497403946,0,0,0,0,0,0,0,0,0,0,0,0,0,0,0,0,0,0,0,0,0,0,0,0,0,0,0,1,0,0,0,0,0,0,0,0,0,0,0,0
prog_000243_fibonacci,40,4,5,3,2,1,5,2831,1916,62,302,289,5,714,63,0.1020840692334864,0.6767926527728718,0.02190038855528082,0.0017661603673613563,0.10667608618862592,2,2,O2_standard,O2_standard,0.0275959999999031,0.0258198999999876,50801.0,1.0687880278357529,1.030235625282967,0,0,0,0,0,0,0,0,0,0,0,0,0,1,0,0,0,0,0,0,0,0,0,0,0,0,0,0,0,0,0,0,0,0,0,0,0,0,0,0
prog_000244_hash_table,30,4,3,1,1,5,7,223,131,10,21,37,5,41,11,0.16591928251121077,0.5874439461883408,0.04484304932735426,0.02242152466367713,0.09417040358744394,13,4,O2_fast_math,Os_size,0.0263784999988274,0.0194226999992679,45229.0,1.3581273458284215,1.0134648123991246,0,0,0,0,0,0,0,0,0,0,0,0,0,0,0,1,0,0,0,0,0,0,0,0,0,0,0,0,0,0,0,0,0,0,0,0,0,0,0,0
prog_000245_lis,34,2,2,1,2,2,4,1543,1036,35,154,157,5,370,36,0.101749837977965,0.6714193130265717,0.02268308489954634,0.0032404406999351912,0.09980557355800389,13,4,O2_fast_math,Os_size,0.0586544999987381,0.0175218000003951,47189.0,3.3475156660511756,1.0008052724151815,0,0,0,0,0,0,0,0,0,0,0,0,0,0,0,0,0,0,0,0,0,0,1,0,0,0,0,0,0,0,0,0,0,0,0,0,0,0,0,0
prog_000246_selection_sort,32,2,3,1,1,1,3,184,109,11,16,26,5,30,12,0.14130434782608695,0.592391304347826,0.059782608695652176,0.02717391304347826,0.08695652173913043,13,4,O2_fast_math,Os_size,0.0488022000008641,0.0248604999997041,45032.0,1.9630417731519867,1.0135237164682893,0,0,0,0,0,0,0,0,0,0,0,0,0,0,0,0,0,0,0,0,0,0,0,0,0,0,0,0,0,0,0,0,1,0,0,0,0,0,0,0
prog_000247_binary_search,35,2,3,1,3,3,3,693,443,21,63,83,5,180,22,0.11976911976911978,0.6392496392496393,0.030303030303030304,0.007215007215007215,0.09090909090909091,2,4,O2_standard,Os_size,0.0815843000000313,0.0767386999996233,46288.0,1.063144150219274,1.0150146906325614,0,0,0,1,0,0,0,0,0,0,0,0,0,0,0,0,0,0,0,0,0,0,0,0,0,0,0,0,0,0,0,0,0,0,0,0,0,0,0,0
prog_000248_lis,34,2,2,1,2,2,4,1543,1036,35,154,157,5,370,36,0.101749837977965,0.6714193130265717,0.02268308489954634,0.0032404406999351912,0.09980557355800389,19,4,full_aggressive,Os_size,0.0219560000005003,0.0173022999988461,47189.0,1.2689642418617502,1.0026277310390133,0,0,0,0,0,0,0,0,0,0,0,0,0,0,0,0,0,0,0,0,0,0,1,0,0,0,0,0,0,0,0,0,0,0,0,0,0,0,0,0
prog_000249_quick_sort,32,2,2,1,2,1,4,735,477,18,71,83,5,184,19,0.11292517006802721,0.6489795918367347,0.024489795918367346,0.006802721088435374,0.09659863945578231,13,4,O2_fast_math,Os_size,0.0252567999996244,0.0189547000009042,46277.0,1.3324821811170615,1.0371458824037858,0,0,0,0,0,0,0,0,0,0,0,0,0,0,0,0,0,0,0,0,0,0,0,0,0,0,0,0,1,0,0,0,0,0,0,0,0,0,0,0
prog_000250_dfs,35,2,2,1,2,0,5,1846,1207,42,170,214,5,421,43,0.11592632719393282,0.6538461538461539,0.02275189599133261,0.0027085590465872156,0.09209100758396534,13,4,O2_fast_math,Os_size,0.0205236000001605,0.0178306999987398,47660.0,1.1510260394494338,1.0190725975660933,0,0,0,0,0,0,0,0,0,1,0,0,0,0,0,0,0,0,0,0,0,0,0,0,0,0,0,0,0,0,0,0,0,0,0,0,0,0,0,0
prog_000261_fibonacci,40,4,5,3,2,1,5,2831,1916,62,302,289,5,714,63,0.1020840692334864,0.6767926527728718,0.02190038855528082,0.0017661603673613563,0.10667608618862592,4,2,Os_size,O2_standard,0.0175244000001839,0.0163083000006736,50801.0,1.0745693910131693,1.030235625282967,0,0,0,0,0,0,0,0,0,0,0,0,0,1,0,0,0,0,0,0,0,0,0,0,0,0,0,0,0,0,0,0,0,0,0,0,0,0,0,0
prog_000262_linked_list,26,1,2,1,0,4,2,136,83,6,15,13,5,26,7,0.09558823529411764,0.6102941176470589,0.04411764705882353,0.03676470588235294,0.11029411764705882,19,2,full_aggressive,O2_standard,0.021525100000872,0.0203105000000505,44631.0,1.0598015805036054,1.0,0,0,0,0,0,0,0,0,0,0,0,0,0,0,0,0,0,0,0,0,0,1,0,0,0,0,0,0,0,0,0,0,0,0,0,0,0,0,0,0
prog_000263_bst,42,4,3,1,5,6,7,273,164,20,24,33,5,49,21,0.12087912087912088,0.6007326007326007,0.07326007326007326,0.018315018315018316,0.08791208791208792,5,4,O2_unroll_vec,Os_size,0.0374437000009493,0.0306796999993821,45259.0,1.2204715170521039,1.2736472303851167,0,0,0,0,1,0,0,0,0,0,0,0,0,0,0,0,0,0,0,0,0,0,0,0,0,0,0,0,0,0,0,0,0,0,0,0,0,0,0,0
prog_000264_avl_tree,45,8,1,1,10,14,5,397,253,32,39,29,5,66,33,0.07304785894206549,0.6372795969773299,0.08060453400503778,0.012594458438287154,0.0982367758186398,13,4,O2_fast_math,Os_size,0.0184988999990309,0.0181141000011848,45861.0,1.0212431198801448,1.1146071825734285,1,0,0,0,0,0,0,0,0,0,0,0,0,0,0,0,0,0,0,0,0,0,0,0,0,0,0,0,0,0,0,0,0,0,0,0,0,0,0,0
prog_000265_queue,34,3,1,1,4,1,4,272,168,14,23,34,5,53,15,0.125,0.6176470588235294,0.051470588235294115,0.01838235294117647,0.08455882352941177,0,4,O0_baseline,Os_size,0.0191387000013492,0.0189246999998431,46224.0,1.0113079732575878,1.01317497403946,0,0,0,0,0,0,0,0,0,0,0,0,0,0,0,0,0,0,0,0,0,0,0,0,0,0,0,1,0,0,0,0,0,0,0,0,0,0,0,0
prog_000266_convex_hull,35,3,5,2,1,0,8,3174,2161,108,306,315,5,529,109,0.09924385633270322,0.6808443604284814,0.034026465028355386,0.001575299306868305,0.09640831758034027,5,4,O2_unroll_vec,Os_size,0.0187451000001601,0.0178553999994619,51582.0,1.0498280632595747,1.0069791787832965,0,0,0,0,0,0,0,1,0,0,0,0,0,0,0,0,0,0,0,0,0,0,0,0,0,0,0,0,0,0,0,0,0,0,0,0,0,0,0,0
prog_000267_kmp,41,3,4,1,10,0,5,927,599,34,98,98,5,205,35,0.10571736785329018,0.6461704422869471,0.036677454153182305,0.005393743257820928,0.10571736785329018,2,2,O2_standard,O2_standard,0.0205666000001656,0.0190985000008367,47481.0,1.076869911211068,1.0018112508161159,0,0,0,0,0,0,0,0,0,0,0,0,0,0,0,0,0,0,1,0,0,0,0,0,0,0,0,0,0,0,0,0,0,0,0,0,0,0,0,0
prog_000268_edit_distance,37,2,6,2,2,0,5,1963,1295,48,204,217,5,476,49,0.11054508405501783,0.6597045338767193,0.02445236882322975,0.0025471217524197657,0.10392256749872644,19,2,full_aggressive,O2_standard,0.0272358999991411,0.0269996000006358,48551.0,1.008751981455271,1.0123169450680727,0,0,0,0,0,0,0,0,0,0,0,0,1,0,0,0,0,0,0,0,0,0,0,0,0,0,0,0,0,0,0,0,0,0,0,0,0,0,0,0
prog_000269_avl_tree,45,8,1,1,10,14,5,397,253,32,39,29,5,66,33,0.07304785894206549,0.6372795969773299,0.08060453400503778,0.012594458438287154,0.0982367758186398,13,4,O2_fast_math,Os_size,0.0223433999999542,0.0186924999998154,45861.0,1.1953136284699668,1.1146071825734285,1,0,0,0,0,0,0,0,0,0,0,0,0,0,0,0,0,0,0,0,0,0,0,0,0,0,0,0,0,0,0,0,0,0,0,0,0,0,0,0
prog_000270_hash_table,30,4,3,1,1,5,7,220,131,10,21,34,5,41,11,0.15454545454545454,0.5954545454545455,0.045454545454545456,0.022727272727272728,0.09545454545454546,3,4,O3_aggressive,Os_size,0.0182368000005226,0.0182368000005226,45229.0,1.0,1.0134648123991246,0,0,0,0,0,0,0,0,0,0,0,0,0,0,0,1,0,0,0,0,0,0,0,0,0,0,0,0,0,0,0,0,0,0,0,0,0,0,0,0
prog_000251_linked_list,28,1,2,1,0,6,2,145,91,8,15,12,5,28,9,0.08275862068965517,0.6275862068965518,0.05517241379310345,0.034482758620689655,0.10344827586206896,0,2,O0_baseline,O2_standard,0.0171855999997205,0.0163658000001305,44631.0,1.0500922655527662,1.0,0,0,0,0,0,0,0,0,0,0,0,0,0,0,0,0,0,0,0,0,0,1,0,0,0,0,0,0,0,0,0,0,0,0,0,0,0,0,0,0
prog_000252_insertion_sort,32,2,3,1,0,1,3,158,87,9,16,27,5,28,10,0.17088607594936708,0.5506329113924051,0.056962025316455694,0.03164556962025317,0.10126582278481013,5,4,O2_unroll_vec,Os_size,0.0429289999992761,0.029474900000423,45032.0,1.4564595638546702,1.002154023805294,0,0,0,0,0,0,0,0,0,0,0,0,0,0,0,0,0,1,0,0,0,0,0,0,0,0,0,0,0,0,0,0,0,0,0,0,0,0,0,0
prog_000253_knapsack,33,2,3,2,1,2,4,1639,1086,36,158,185,5,415,37,0.11287370347773032,0.6625991458206223,0.021964612568639415,0.003050640634533252,0.09640024405125076,13,2,O2_fast_math,O2_standard,0.0213492999992013,0.0184365999994042,48152.0,1.1579846609402615,1.0017860109652765,0,0,0,0,0,0,0,0,0,0,0,0,0,0,0,0,0,0,0,1,0,0,0,0,0,0,0,0,0,0,0,0,0,0,0,0,0,0,0,0
prog_000254_heap_sort,35,3,3,1,3,2,5,774,498,22,72,90,5,189,23,0.11627906976744186,0.6434108527131783,0.028423772609819122,0.006459948320413436,0.09302325581395349,19,4,full_aggressive,Os_size,0.0192440999999234,0.0166950000002543,46818.0,1.1526864330416455,1.002071852706224,0,0,0,0,0,0,0,0,0,0,0,0,0,0,0,0,1,0,0,0,0,0,0,0,0,0,0,0,0,0,0,0,0,0,0,0,0,0,0,0
prog_000255_kmp,41,3,4,1,10,0,5,919,593,34,98,96,5,205,35,0.1044613710554951,0.6452665941240479,0.036996735582154515,0.00544069640914037,0.10663764961915125,3,2,O3_aggressive,O2_standard,0.0184174000005441,0.0184174000005441,47481.0,1.0,1.0018112508161159,0,0,0,0,0,0,0,0,0,0,0,0,0,0,0,0,0,0,1,0,0,0,0,0,0,0,0,0,0,0,0,0,0,0,0,0,0,0,0,0
prog_000256_union_find,35,4,1,1,5,0,5,1111,731,27,108,128,5,257,28,0.1152115211521152,0.6579657965796579,0.024302430243024302,0.004500450045004501,0.09720972097209721,4,4,Os_size,Os_size,0.0381374999997206,0.0349990000013349,47388.0,1.0896739906359039,1.0145184434878027,0,0,0,0,0,0,0,0,0,0,0,0,0,0,0,0,0,0,0,0,0,0,0,0,0,0,0,0,0,0,0,0,0,0,0,0,0,0,1,0
prog_000257_lis,34,2,2,1,2,2,4,1543,1036,35,154,157,5,370,36,0.101749837977965,0.6714193130265717,0.02268308489954634,0.0032404406999351912,0.09980557355800389,19,4,full_aggressive,Os_size,0.0200272000001859,0.0178156999991188,47189.0,1.1241320858106325,1.0008052724151815,0,0,0,0,0,0,0,0,0,0,0,0,0,0,0,0,0,0,0,0,0,0,1,0,0,0,0,0,0,0,0,0,0,0,0,0,0,0,0,0
prog_000258_prefix_sum,27,1,3,1,1,0,3,866,571,20,86,98,5,205,21,0.11316397228637413,0.6593533487297921,0.023094688221709007,0.005773672055427252,0.09930715935334873,3,4,O3_aggressive,Os_size,0.0201570000008359,0.0201570000008359,46800.0,1.0,1.0026495726495726,0,0,0,0,0,0,0,0,0,0,0,0,0,0,0,0,0,0,0,0,0,0,0,0,0,1,0,0,0,0,0,0,0,0,0,0,0,0,0,0
prog_000259_dijkstra,43,2,4,1,4,0,7,3972,2643,96,399,419,5,838,97,0.1054884189325277,0.6654078549848943,0.02416918429003021,0.0012588116817724068,0.10045317220543806,10,3,O3_combine,O3_aggressive,0.0191782999991119,0.0185281000012764,50131.0,1.0350926429472374,1.0,0,0,0,0,0,0,0,0,0,0,1,0,0,0,0,0,0,0,0,0,0,0,0,0,0,0,0,0,0,0,0,0,0,0,0,0,0,0,0,0
prog_000260_insertion_sort,32,2,3,1,0,1,3,158,86,9,16,27,5,28,10,0.17088607594936708,0.5443037974683544,0.056962025316455694,0.03164556962025317,0.10126582278481013,3,4,O3_aggressive,Os_size,0.020433800000319,0.020433800000319,45032.0,1.0,1.002154023805294,0,0,0,0,0,0,0,0,0,0,0,0,0,0,0,0,0,1,0,0,0,0,0,0,0,0,0,0,0,0,0,0,0,0,0,0,0,0,0,0
prog_000271_dfs,35,2,2,1,2,0,5,1846,1207,42,170,214,5,421,43,0.11592632719393282,0.6538461538461539,0.02275189599133261,0.0027085590465872156,0.09209100758396534,19,4,full_aggressive,Os_size,0.0198645999989821,0.0176415999994787,47660.0,1.1260089787530092,1.0190725975660933,0,0,0,0,0,0,0,0,0,1,0,0,0,0,0,0,0,0,0,0,0,0,0,0,0,0,0,0,0,0,0,0,0,0,0,0,0,0,0,0
prog_000272_stencil,33,2,7,3,0,0,3,199,86,16,15,33,21,40,17,0.1658291457286432,0.4321608040201005,0.08040201005025126,0.10552763819095477,0.07537688442211055,19,4,full_aggressive,Os_size,0.0180839000004198,0.0171793000008619,45036.0,1.0526563945860725,1.0135225153210765,0,0,0,0,0,0,0,0,0,0,0,0,0,0,0,0,0,0,0,0,0,0,0,0,0,0,0,0,0,0,0,0,0,0,0,1,0,0,0,0
prog_000273_stencil,33,2,7,3,0,0,3,199,86,16,15,33,21,40,17,0.1658291457286432,0.4321608040201005,0.08040201005025126,0.10552763819095477,0.07537688442211055,10,4,O3_combine,Os_size,0.0513835999990988,0.0492310999998153,45036.0,1.0437223624759873,1.0135225153210765,0,0,0,0,0,0,0,0,0,0,0,0,0,0,0,0,0,0,0,0,0,0,0,0,0,0,0,0,0,0,0,0,0,0,0,1,0,0,0,0
prog_000274_avl_tree,45,8,1,1,10,14,5,397,253,32,39,29,5,66,33,0.07304785894206549,0.6372795969773299,0.08060453400503778,0.012594458438287154,0.0982367758186398,19,4,full_aggressive,Os_size,0.0208774000002449,0.0165245000007416,45861.0,1.2634209809257737,1.1146071825734285,1,0,0,0,0,0,0,0,0,0,0,0,0,0,0,0,0,0,0,0,0,0,0,0,0,0,0,0,0,0,0,0,0,0,0,0,0,0,0,0
prog_000275_fibonacci,25,2,0,0,2,0,2,137,79,6,17,17,5,26,7,0.12408759124087591,0.5766423357664233,0.043795620437956206,0.0364963503649635,0.12408759124087591,2,4,O2_standard,Os_size,0.0194387000010465,0.0169514999997772,44923.0,1.1467244787365123,1.0135565300625515,0,0,0,0,0,0,0,0,0,0,0,0,0,1,0,0,0,0,0,0,0,0,0,0,0,0,0,0,0,0,0,0,0,0,0,0,0,0,0,0
prog_000276_segment_tree,50,4,2,1,9,4,6,960,623,30,78,129,5,202,31,0.134375,0.6489583333333333,0.03125,0.005208333333333333,0.08125,19,4,full_aggressive,Os_size,0.1173409999992145,0.1147727000006852,46860.0,1.0223772726311569,1.3207639778062312,0,0,0,0,0,0,0,0,0,0,0,0,0,0,0,0,0,0,0,0,0,0,0,0,0,0,0,0,0,0,0,1,0,0,0,0,0,0,0,0
prog_000277_hash_table,30,4,3,1,1,5,7,220,131,10,21,34,5,41,11,0.15454545454545454,0.5954545454545455,0.045454545454545456,0.022727272727272728,0.09545454545454546,2,4,O2_standard,Os_size,0.022137300000395,0.0164476999998441,45229.0,1.345920706275335,1.0134648123991246,0,0,0,0,0,0,0,0,0,0,0,0,0,0,0,1,0,0,0,0,0,0,0,0,0,0,0,0,0,0,0,0,0,0,0,0,0,0,0,0
prog_000278_matrix_mult,30,2,5,3,0,1,4,192,86,12,16,34,18,36,13,0.17708333333333334,0.4479166666666667,0.0625,0.09375,0.08333333333333333,3,4,O3_aggressive,Os_size,0.0217702000009012,0.0217702000009012,45054.0,1.0,1.0135171127979758,0,0,0,0,0,0,0,0,0,0,0,0,0,0,0,0,0,0,0,0,0,0,0,1,0,0,0,0,0,0,0,0,0,0,0,0,0,0,0,0
prog_000279_counting_sort,32,2,5,1,0,1,3,880,580,23,92,96,5,219,24,0.10909090909090909,0.6590909090909091,0.026136363636363635,0.005681818181818182,0.10454545454545454,4,2,Os_size,O2_standard,0.0176510000001144,0.0176417000002402,47099.0,1.0005271600738066,1.0018259411027834,0,0,0,0,0,0,0,0,1,0,0,0,0,0,0,0,0,0,0,0,0,0,0,0,0,0,0,0,0,0,0,0,0,0,0,0,0,0,0,0
prog_000280_lis,34,2,2,1,2,2,4,1543,1036,35,154,157,5,370,36,0.101749837977965,0.6714193130265717,0.02268308489954634,0.0032404406999351912,0.09980557355800389,2,4,O2_standard,Os_size,0.0201116999996884,0.0161031999996339,47189.0,1.2489256793771195,1.0008052724151815,0,0,0,0,0,0,0,0,0,0,0,0,0,0,0,0,0,0,0,0,0,0,1,0,0,0,0,0,0,0,0,0,0,0,0,0,0,0,0,0
prog_000281_avl_tree,45,8,1,1,10,14,5,397,253,32,39,29,5,66,33,0.07304785894206549,0.6372795969773299,0.08060453400503778,0.012594458438287154,0.0982367758186398,0,4,O0_baseline,Os_size,0.0189868999987083,0.0163962000005994,45861.0,1.1580061232489354,1.1146071825734285,1,0,0,0,0,0,0,0,0,0,0,0,0,0,0,0,0,0,0,0,0,0,0,0,0,0,0,0,0,0,0,0,0,0,0,0,0,0,0,0
prog_000282_linked_list,26,1,2,1,0,4,2,136,83,6,15,13,5,26,7,0.09558823529411764,0.6102941176470589,0.04411764705882353,0.03676470588235294,0.11029411764705882,0,2,O0_baseline,O2_standard,0.0221381000010296,0.0177046000007976,44631.0,1.25041514634797,1.0,0,0,0,0,0,0,0,0,0,0,0,0,0,0,0,0,0,0,0,0,0,1,0,0,0,0,0,0,0,0,0,0,0,0,0,0,0,0,0,0
prog_000283_coin_change,32,2,4,2,1,1,3,760,493,27,65,87,5,176,28,0.11447368421052631,0.6486842105263158,0.035526315789473684,0.006578947368421052,0.08552631578947369,10,4,O3_combine,Os_size,0.0214582000007794,0.0189321000016207,46054.0,1.133429466300223,1.0243409910105528,0,0,0,0,0,0,1,0,0,0,0,0,0,0,0,0,0,0,0,0,0,0,0,0,0,0,0,0,0,0,0,0,0,0,0,0,0,0,0,0
prog_000284_radix_sort,36,3,6,1,0,2,4,875,553,29,77,112,5,211,30,0.128,0.632,0.03314285714285714,0.005714285714285714,0.088,3,2,O3_aggressive,O2_standard,0.0178230999990773,0.0178230999990773,47123.0,1.0,1.0018250111410565,0,0,0,0,0,0,0,0,0,0,0,0,0,0,0,0,0,0,0,0,0,0,0,0,0,0,0,0,0,1,0,0,0,0,0,0,0,0,0,0
prog_000285_linked_list,26,1,2,1,0,4,2,136,83,6,15,13,5,26,7,0.09558823529411764,0.6102941176470589,0.04411764705882353,0.03676470588235294,0.11029411764705882,4,2,Os_size,O2_standard,0.0172099999999773,0.0164497000005212,44631.0,1.046219687862515,1.0,0,0,0,0,0,0,0,0,0,0,0,0,0,0,0,0,0,0,0,0,0,1,0,0,0,0,0,0,0,0,0,0,0,0,0,0,0,0,0,0
prog_000286_vector_ops,25,1,2,1,0,1,3,707,433,17,76,77,29,175,18,0.10891089108910891,0.6124469589816125,0.024045261669024046,0.04101838755304102,0.1074964639321075,10,4,O3_combine,Os_size,0.0238229999995382,0.0234901999992871,46870.0,1.014167610333722,1.0026456155323233,0,0,0,0,0,0,0,0,0,0,0,0,0,0,0,0,0,0,0,0,0,0,0,0,0,0,0,0,0,0,0,0,0,0,0,0,0,0,0,1
prog_000287_edit_distance,37,2,6,2,2,0,5,1951,1287,48,204,213,5,476,49,0.10917478216299334,0.6596617119425935,0.02460276781137878,0.0025627883136852894,0.10456176319835982,10,2,O3_combine,O2_standard,0.0224002999984804,0.0216781999988597,48551.0,1.0333099611433922,1.0017713332372145,0,0,0,0,0,0,0,0,0,0,0,0,1,0,0,0,0,0,0,0,0,0,0,0,0,0,0,0,0,0,0,0,0,0,0,0,0,0,0,0
prog_000288_trie,42,4,5,1,2,4,6,473,319,18,51,38,5,92,19,0.080338266384778,0.6744186046511628,0.03805496828752643,0.010570824524312896,0.10782241014799154,19,2,full_aggressive,O2_standard,0.0364386000001104,0.0329050999989704,47182.0,1.1073845696032094,1.0,0,0,0,0,0,0,0,0,0,0,0,0,0,0,0,0,0,0,0,0,0,0,0,0,0,0,0,0,0,0,0,0,0,0,0,0,0,1,0,0
prog_000289_quick_sort,32,2,2,1,5,1,4,855,554,29,74,101,5,191,30,0.11812865497076024,0.6479532163742691,0.03391812865497076,0.005847953216374269,0.08654970760233918,3,4,O3_aggressive,Os_size,0.0183386000007885,0.0183386000007885,46789.0,1.0,1.003911175703691,0,0,0,0,0,0,0,0,0,0,0,0,0,0,0,0,0,0,0,0,0,0,0,0,0,0,0,0,1,0,0,0,0,0,0,0,0,0,0,0
prog_000290_fibonacci,24,2,0,0,0,0,2,112,61,4,16,14,5,24,5,0.125,0.5446428571428571,0.03571428571428571,0.044642857142857144,0.14285714285714285,0,4,O0_baseline,Os_size,0.0182406000003538,0.0179119000003993,44908.0,1.0183509287092476,1.024962144829429,0,0,0,0,0,0,0,0,0,0,0,0,0,1,0,0,0,0,0,0,0,0,0,0,0,0,0,0,0,0,0,0,0,0,0,0,0,0,0,0
prog_000291_priority_queue,34,5,1,1,3,0,7,1739,1144,41,182,197,5,352,42,0.11328349626221966,0.6578493387004025,0.023576768257619323,0.002875215641173088,0.1046578493387004,10,4,O3_combine,Os_size,0.0210279999992053,0.0208947999999509,47265.0,1.0063747917785628,1.009541944356289,0,0,0,0,0,0,0,0,0,0,0,0,0,0,0,0,0,0,0,0,0,0,0,0,0,0,1,0,0,0,0,0,0,0,0,0,0,0,0,0
prog_000292_hash_table,30,4,3,1,1,5,7,223,131,10,21,37,5,41,11,0.16591928251121077,0.5874439461883408,0.04484304932735426,0.02242152466367713,0.09417040358744394,10,4,O3_combine,Os_size,0.0198464000004605,0.0175830999996833,45229.0,1.1287201915940857,1.0134648123991246,0,0,0,0,0,0,0,0,0,0,0,0,0,0,0,1,0,0,0,0,0,0,0,0,0,0,0,0,0,0,0,0,0,0,0,0,0,0,0,0
prog_000293_prefix_sum,27,1,3,1,1,0,3,866,571,20,86,98,5,205,21,0.11316397228637413,0.6593533487297921,0.023094688221709007,0.005773672055427252,0.09930715935334873,10,4,O3_combine,Os_size,0.052792500000578,0.0480222999995021,46800.0,1.0993330182253944,1.0026495726495726,0,0,0,0,0,0,0,0,0,0,0,0,0,0,0,0,0,0,0,0,0,0,0,0,0,1,0,0,0,0,0,0,0,0,0,0,0,0,0,0
prog_000294_hash_table,30,4,3,1,1,5,7,220,131,10,21,34,5,41,11,0.15454545454545454,0.5954545454545455,0.045454545454545456,0.022727272727272728,0.09545454545454546,2,4,O2_standard,Os_size,0.0238305999992007,0.0226986999987275,45229.0,1.049866291925822,1.0134648123991246,0,0,0,0,0,0,0,0,0,0,0,0,0,0,0,1,0,0,0,0,0,0,0,0,0,0,0,0,0,0,0,0,0,0,0,0,0,0,0,0
prog_000295_bst,42,4,3,1,5,6,7,273,164,20,24,33,5,49,21,0.12087912087912088,0.6007326007326007,0.07326007326007326,0.018315018315018316,0.08791208791208792,19,4,full_aggressive,Os_size,0.0200533000006544,0.0197201000009954,45259.0,1.0168964660241167,1.2736472303851167,0,0,0,0,1,0,0,0,0,0,0,0,0,0,0,0,0,0,0,0,0,0,0,0,0,0,0,0,0,0,0,0,0,0,0,0,0,0,0,0
prog_000296_queue,34,3,1,1,4,1,4,272,168,14,23,34,5,53,15,0.125,0.6176470588235294,0.051470588235294115,0.01838235294117647,0.08455882352941177,10,4,O3_combine,Os_size,0.0174588999998377,0.0167933000011544,46224.0,1.0396348542953169,1.01317497403946,0,0,0,0,0,0,0,0,0,0,0,0,0,0,0,0,0,0,0,0,0,0,0,0,0,0,0,1,0,0,0,0,0,0,0,0,0,0,0,0
prog_000297_lcs,33,2,4,2,0,0,5,1796,1192,41,188,192,5,449,42,0.10690423162583519,0.6636971046770601,0.022828507795100223,0.0027839643652561247,0.10467706013363029,5,2,O2_unroll_vec,O2_standard,0.0301724999990256,0.0250768999994761,48531.0,1.2031989599853234,1.001772063217325,0,0,0,0,0,0,0,0,0,0,0,0,0,0,0,0,0,0,0,0,1,0,0,0,0,0,0,0,0,0,0,0,0,0,0,0,0,0,0,0
prog_000298_bellman_ford,35,2,4,2,2,0,4,891,557,26,74,124,5,199,27,0.13916947250280584,0.6251402918069585,0.029180695847362513,0.005611672278338945,0.08305274971941638,10,4,O3_combine,Os_size,0.0199862999998003,0.0172968999995646,45856.0,1.1554845088023518,1.0132807048150734,0,1,0,0,0,0,0,0,0,0,0,0,0,0,0,0,0,0,0,0,0,0,0,0,0,0,0,0,0,0,0,0,0,0,0,0,0,0,0,0
prog_000299_fibonacci,24,2,0,0,0,0,2,112,61,4,16,14,5,24,5,0.125,0.5446428571428571,0.03571428571428571,0.044642857142857144,0.14285714285714285,13,4,O2_fast_math,Os_size,0.052772899998672,0.046803600000203,44908.0,1.1275393345478362,1.024962144829429,0,0,0,0,0,0,0,0,0,0,0,0,0,1,0,0,0,0,0,0,0,0,0,0,0,0,0,0,0,0,0,0,0,0,0,0,0,0,0,0
prog_000300_segment_tree,50,4,2,1,9,4,6,960,623,30,78,129,5,202,31,0.134375,0.6489583333333333,0.03125,0.005208333333333333,0.08125,19,4,full_aggressive,Os_size,0.0199962999995477,0.0181773000003886,46860.0,1.100069867313639,1.3189287238583014,0,0,0,0,0,0,0,0,0,0,0,0,0,0,0,0,0,0,0,0,0,0,0,0,0,0,0,0,0,0,0,1,0,0,0,0,0,0,0,0
prog_000301_prefix_sum,28,1,5,2,2,0,4,321,179,14,23,74,5,40,15,0.23052959501557632,0.557632398753894,0.04361370716510903,0.01557632398753894,0.07165109034267912,3,4,O3_aggressive,Os_size,0.0516478000008646,0.0516478000008646,45009.0,1.0,1.0021551245306495,0,0,0,0,0,0,0,0,0,0,0,0,0,0,0,0,0,0,0,0,0,0,0,0,0,1,0,0,0,0,0,0,0,0,0,0,0,0,0,0
prog_000302_merge_sort,38,3,6,1,1,2,5,837,544,27,69,103,5,187,28,0.12305854241338113,0.6499402628434886,0.03225806451612903,0.005973715651135006,0.08243727598566308,3,4,O3_aggressive,Os_size,0.0198619000002509,0.0198619000002509,46862.0,1.0,1.0366821731893645,0,0,0,0,0,0,0,0,0,0,0,0,0,0,0,0,0,0,0,0,0,0,0,0,1,0,0,0,0,0,0,0,0,0,0,0,0,0,0,0
prog_000303_dfs,35,2,2,1,2,0,5,1846,1207,42,170,214,5,421,43,0.11592632719393282,0.6538461538461539,0.02275189599133261,0.0027085590465872156,0.09209100758396534,10,4,O3_combine,Os_size,0.0214762000014161,0.0178446999998413,47660.0,1.2035058029334815,1.0190725975660933,0,0,0,0,0,0,0,0,0,1,0,0,0,0,0,0,0,0,0,0,0,0,0,0,0,0,0,0,0,0,0,0,0,0,0,0,0,0,0,0
prog_000304_coin_change,32,2,4,2,1,1,3,760,493,27,65,87,5,176,28,0.11447368421052631,0.6486842105263158,0.035526315789473684,0.006578947368421052,0.08552631578947369,4,4,Os_size,Os_size,0.019127199999275,0.0189140000002225,46054.0,1.01127207354605,1.0132236070699614,0,0,0,0,0,0,1,0,0,0,0,0,0,0,0,0,0,0,0,0,0,0,0,0,0,0,0,0,0,0,0,0,0,0,0,0,0,0,0,0
prog_000305_union_find,35,4,1,1,5,0,5,1111,731,27,108,128,5,257,28,0.1152115211521152,0.6579657965796579,0.024302430243024302,0.004500450045004501,0.09720972097209721,3,4,O3_aggressive,Os_size,0.0174401000003854,0.0174401000003854,47388.0,1.0,1.0145184434878027,0,0,0,0,0,0,0,0,0,0,0,0,0,0,0,0,0,0,0,0,0,0,0,0,0,0,0,0,0,0,0,0,0,0,0,0,0,0,1,0
prog_000306_binary_search,35,2,3,1,3,3,3,693,443,21,63,83,5,180,22,0.11976911976911978,0.6392496392496393,0.030303030303030304,0.007215007215007215,0.09090909090909091,2,4,O2_standard,Os_size,0.0560889000007591,0.0527989999991405,46288.0,1.0623098922644776,1.0150146906325614,0,0,0,1,0,0,0,0,0,0,0,0,0,0,0,0,0,0,0,0,0,0,0,0,0,0,0,0,0,0,0,0,0,0,0,0,0,0,0,0
prog_000307_edit_distance,37,2,6,2,2,0,5,1961,1295,48,204,215,5,476,49,0.10963793982661907,0.660377358490566,0.02447730749617542,0.0025497195308516064,0.10402855685874554,3,2,O3_aggressive,O2_standard,0.0195870000006834,0.0195870000006834,48551.0,1.0,1.0123169450680727,0,0,0,0,0,0,0,0,0,0,0,0,1,0,0,0,0,0,0,0,0,0,0,0,0,0,0,0,0,0,0,0,0,0,0,0,0,0,0,0
prog_000308_segment_tree,50,4,2,1,9,4,6,960,623,30,78,129,5,202,31,0.134375,0.6489583333333333,0.03125,0.005208333333333333,0.08125,10,4,O3_combine,Os_size,0.0221800999988772,0.0176162000007025,46860.0,1.2590740340137319,1.3189287238583014,0,0,0,0,0,0,0,0,0,0,0,0,0,0,0,0,0,0,0,0,0,0,0,0,0,0,0,0,0,0,0,1,0,0,0,0,0,0,0,0
prog_000309_fibonacci,25,2,0,0,2,0,2,137,79,6,17,17,5,26,7,0.12408759124087591,0.5766423357664233,0.043795620437956206,0.0364963503649635,0.12408759124087591,10,4,O3_combine,Os_size,0.0192748000008577,0.0163876000005984,44923.0,1.1761819912710754,1.0135565300625515,0,0,0,0,0,0,0,0,0,0,0,0,0,1,0,0,0,0,0,0,0,0,0,0,0,0,0,0,0,0,0,0,0,0,0,0,0,0,0,0
prog_000310_convex_hull,35,3,5,2,1,0,8,3174,2161,108,306,315,5,529,109,0.09924385633270322,0.6808443604284814,0.034026465028355386,0.001575299306868305,0.09640831758034027,2,4,O2_standard,Os_size,0.0194954000016878,0.0165818000004946,51582.0,1.1757107190477687,1.0069791787832965,0,0,0,0,0,0,0,1,0,0,0,0,0,0,0,0,0,0,0,0,0,0,0,0,0,0,0,0,0,0,0,0,0,0,0,0,0,0,0,0
prog_000311_quick_sort,32,2,2,1,2,1,4,734,477,18,71,83,5,184,19,0.11307901907356949,0.6498637602179836,0.02452316076294278,0.006811989100817439,0.09673024523160763,13,4,O2_fast_math,Os_size,0.0186528000012913,0.0178927999986626,46277.0,1.0424751856995833,1.0371458824037858,0,0,0,0,0,0,0,0,0,0,0,0,0,0,0,0,0,0,0,0,0,0,0,0,0,0,0,0,1,0,0,0,0,0,0,0,0,0,0,0
prog_000312_selection_sort,32,2,3,1,1,1,3,182,108,11,15,26,5,30,12,0.14285714285714285,0.5934065934065934,0.06043956043956044,0.027472527472527472,0.08241758241758242,0,4,O0_baseline,Os_size,0.019572799999878,0.0165629999992233,45032.0,1.1817182877978532,1.0135237164682893,0,0,0,0,0,0,0,0,0,0,0,0,0,0,0,0,0,0,0,0,0,0,0,0,0,0,0,0,0,0,0,0,1,0,0,0,0,0,0,0
prog_000313_knapsack,33,2,3,2,1,2,4,1641,1088,36,158,185,5,415,37,0.11273613650213285,0.6630103595368677,0.021937842778793418,0.0030469226081657527,0.09628275441803778,2,2,O2_standard,O2_standard,0.0250049000005674,0.0215159999988827,48152.0,1.162153746136172,1.0017860109652765,0,0,0,0,0,0,0,0,0,0,0,0,0,0,0,0,0,0,0,1,0,0,0,0,0,0,0,0,0,0,0,0,0,0,0,0,0,0,0,0
prog_000314_union_find,35,4,1,1,5,0,5,1111,731,27,108,128,5,257,28,0.1152115211521152,0.6579657965796579,0.024302430243024302,0.004500450045004501,0.09720972097209721,3,4,O3_aggressive,Os_size,0.0194447999983822,0.0194447999983822,47388.0,1.0,1.0145184434878027,0,0,0,0,0,0,0,0,0,0,0,0,0,0,0,0,0,0,0,0,0,0,0,0,0,0,0,0,0,0,0,0,0,0,0,0,0,0,1,0
prog_000315_segment_tree,50,4,2,1,9,4,6,960,623,30,78,129,5,202,31,0.134375,0.6489583333333333,0.03125,0.005208333333333333,0.08125,19,4,full_aggressive,Os_size,0.0305838000003859,0.0298159000012674,46860.0,1.025754714735623,1.3207639778062312,0,0,0,0,0,0,0,0,0,0,0,0,0,0,0,0,0,0,0,0,0,0,0,0,0,0,0,0,0,0,0,1,0,0,0,0,0,0,0,0
prog_000316_merge_sort,38,3,6,1,1,2,5,836,544,27,69,103,5,187,28,0.12320574162679426,0.6507177033492823,0.03229665071770335,0.005980861244019139,0.08253588516746412,5,4,O2_unroll_vec,Os_size,0.0173582000006717,0.0171735999992961,46862.0,1.0107490567722066,1.0348469975673253,0,0,0,0,0,0,0,0,0,0,0,0,0,0,0,0,0,0,0,0,0,0,0,0,1,0,0,0,0,0,0,0,0,0,0,0,0,0,0,0
prog_000317_dijkstra,43,2,4,1,4,0,7,3972,2643,96,399,419,5,838,97,0.1054884189325277,0.6654078549848943,0.02416918429003021,0.0012588116817724068,0.10045317220543806,5,3,O2_unroll_vec,O3_aggressive,0.0185999999994237,0.0174133000000438,50131.0,1.0681490584425073,1.0,0,0,0,0,0,0,0,0,0,0,1,0,0,0,0,0,0,0,0,0,0,0,0,0,0,0,0,0,0,0,0,0,0,0,0,0,0,0,0,0
prog_000318_convex_hull,35,3,5,2,1,0,8,3174,2161,108,306,315,5,529,109,0.09924385633270322,0.6808443604284814,0.034026465028355386,0.001575299306868305,0.09640831758034027,5,4,O2_unroll_vec,Os_size,0.0200504000004002,0.0168849999990925,51582.0,1.187468167099664,1.0069791787832965,0,0,0,0,0,0,0,1,0,0,0,0,0,0,0,0,0,0,0,0,0,0,0,0,0,0,0,0,0,0,0,0,0,0,0,0,0,0,0,0
prog_000319_queue,34,3,1,1,4,1,4,272,168,14,23,34,5,53,15,0.125,0.6176470588235294,0.051470588235294115,0.01838235294117647,0.08455882352941177,2,4,O2_standard,Os_size,0.0180650999991485,0.0178766999997606,46224.0,1.0105388578087915,1.01317497403946,0,0,0,0,0,0,0,0,0,0,0,0,0,0,0,0,0,0,0,0,0,0,0,0,0,0,0,1,0,0,0,0,0,0,0,0,0,0,0,0
prog_000320_selection_sort,32,2,3,1,1,1,3,184,109,11,16,26,5,30,12,0.14130434782608695,0.592391304347826,0.059782608695652176,0.02717391304347826,0.08695652173913043,2,4,O2_standard,Os_size,0.0561034000002109,0.032021099999838,45032.0,1.7520759749194978,1.0135237164682893,0,0,0,0,0,0,0,0,0,0,0,0,0,0,0,0,0,0,0,0,0,0,0,0,0,0,0,0,0,0,0,0,1,0,0,0,0,0,0,0
prog_000321_matrix_mult,30,2,5,3,0,1,4,192,86,12,16,34,18,36,13,0.17708333333333334,0.4479166666666667,0.0625,0.09375,0.08333333333333333,10,4,O3_combine,Os_size,0.1840969000004406,0.1723473000001831,45054.0,1.068173971975453,1.0135171127979758,0,0,0,0,0,0,0,0,0,0,0,0,0,0,0,0,0,0,0,0,0,0,0,1,0,0,0,0,0,0,0,0,0,0,0,0,0,0,0,0
prog_000322_binary_search,35,2,3,1,3,3,3,729,468,23,63,89,5,181,24,0.12208504801097393,0.6419753086419753,0.03155006858710562,0.006858710562414266,0.08641975308641975,19,4,full_aggressive,Os_size,0.0460008000009111,0.0413953000006586,46288.0,1.1112565919362638,1.0150146906325614,0,0,0,1,0,0,0,0,0,0,0,0,0,0,0,0,0,0,0,0,0,0,0,0,0,0,0,0,0,0,0,0,0,0,0,0,0,0,0,0
prog_000323_insertion_sort,32,2,3,1,0,1,3,152,84,9,15,25,5,28,10,0.16447368421052633,0.5526315789473685,0.05921052631578947,0.03289473684210526,0.09868421052631579,10,4,O3_combine,Os_size,0.0190055000002757,0.0163396000007196,45032.0,1.1631557687727174,1.002154023805294,0,0,0,0,0,0,0,0,0,0,0,0,0,0,0,0,0,1,0,0,0,0,0,0,0,0,0,0,0,0,0,0,0,0,0,0,0,0,0,0
prog_000324_stack,35,4,1,1,3,1,5,264,155,16,24,36,5,58,17,0.13636363636363635,0.5871212121212122,0.06060606060606061,0.01893939393939394,0.09090909090909091,4,4,Os_size,Os_size,0.0193076000014116,0.0178697999999712,46224.0,1.0804597701956777,1.0020984769816546,0,0,0,0,0,0,0,0,0,0,0,0,0,0,0,0,0,0,0,0,0,0,0,0,0,0,0,0,0,0,0,0,0,0,1,0,0,0,0,0
prog_000325_quick_sort,32,2,2,1,2,1,4,755,493,20,71,83,5,185,21,0.10993377483443709,0.6529801324503312,0.026490066225165563,0.006622516556291391,0.09403973509933775,13,4,O2_fast_math,Os_size,0.0272870999997394,0.0177754000014829,46789.0,1.5351046951102643,1.0476821475133045,0,0,0,0,0,0,0,0,0,0,0,0,0,0,0,0,0,0,0,0,0,0,0,0,0,0,0,0,1,0,0,0,0,0,0,0,0,0,0,0
prog_000326_hash_table,30,4,3,1,1,5,7,220,131,10,21,34,5,41,11,0.15454545454545454,0.5954545454545455,0.045454545454545456,0.022727272727272728,0.09545454545454546,5,4,O2_unroll_vec,Os_size,0.0253472000003966,0.0191890000005514,45229.0,1.3209234457068237,1.0134648123991246,0,0,0,0,0,0,0,0,0,0,0,0,0,0,0,1,0,0,0,0,0,0,0,0,0,0,0,0,0,0,0,0,0,0,0,0,0,0,0,0
prog_000327_edit_distance,37,2,6,2,2,0,5,1951,1287,48,204,213,5,476,49,0.10917478216299334,0.6596617119425935,0.02460276781137878,0.0025627883136852894,0.10456176319835982,5,2,O2_unroll_vec,O2_standard,0.0197741000010864,0.0191144000000349,48551.0,1.034513246612517,1.0017713332372145,0,0,0,0,0,0,0,0,0,0,0,0,1,0,0,0,0,0,0,0,0,0,0,0,0,0,0,0,0,0,0,0,0,0,0,0,0,0,0,0
prog_000328_union_find,35,4,1,1,5,0,5,1111,731,27,108,128,5,257,28,0.1152115211521152,0.6579657965796579,0.024302430243024302,0.004500450045004501,0.09720972097209721,4,4,Os_size,Os_size,0.020972400001483,0.019716700000572,47388.0,1.0636871282148925,1.0145184434878027,0,0,0,0,0,0,0,0,0,0,0,0,0,0,0,0,0,0,0,0,0,0,0,0,0,0,0,0,0,0,0,0,0,0,0,0,0,0,1,0
prog_000329_binary_search,35,2,3,1,3,3,3,693,443,21,63,83,5,180,22,0.11976911976911978,0.6392496392496393,0.030303030303030304,0.007215007215007215,0.09090909090909091,3,4,O3_aggressive,Os_size,0.0621109999992768,0.0621109999992768,46288.0,1.0,1.0131567576909781,0,0,0,1,0,0,0,0,0,0,0,0,0,0,0,0,0,0,0,0,0,0,0,0,0,0,0,0,0,0,0,0,0,0,0,0,0,0,0,0
prog_000330_convex_hull,35,3,5,2,1,0,8,3174,2161,108,306,315,5,529,109,0.09924385633270322,0.6808443604284814,0.034026465028355386,0.001575299306868305,0.09640831758034027,0,4,O0_baseline,Os_size,0.0177117000002908,0.0165105999985826,51582.0,1.0727472049356965,1.0069791787832965,0,0,0,0,0,0,0,1,0,0,0,0,0,0,0,0,0,0,0,0,0,0,0,0,0,0,0,0,0,0,0,0,0,0,0,0,0,0,0,0
prog_000341_coin_change,32,2,4,2,1,1,3,760,493,27,65,87,5,176,28,0.11447368421052631,0.6486842105263158,0.035526315789473684,0.006578947368421052,0.08552631578947369,5,4,O2_unroll_vec,Os_size,0.020421900000656,0.0199570000004314,46054.0,1.0232950844422783,1.0243409910105528,0,0,0,0,0,0,1,0,0,0,0,0,0,0,0,0,0,0,0,0,0,0,0,0,0,0,0,0,0,0,0,0,0,0,0,0,0,0,0,0
prog_000342_segment_tree,50,4,2,1,9,4,6,960,623,30,78,129,5,202,31,0.134375,0.6489583333333333,0.03125,0.005208333333333333,0.08125,3,4,O3_aggressive,Os_size,0.0530448999998043,0.0530448999998043,46860.0,1.0,1.3207639778062312,0,0,0,0,0,0,0,0,0,0,0,0,0,0,0,0,0,0,0,0,0,0,0,0,0,0,0,0,0,0,0,1,0,0,0,0,0,0,0,0
prog_000343_prefix_sum,28,1,5,2,2,0,4,321,179,14,23,74,5,40,15,0.23052959501557632,0.557632398753894,0.04361370716510903,0.01557632398753894,0.07165109034267912,19,4,full_aggressive,Os_size,0.0391687000010279,0.0334285999997518,45009.0,1.1717122464392382,1.0021551245306495,0,0,0,0,0,0,0,0,0,0,0,0,0,0,0,0,0,0,0,0,0,0,0,0,0,1,0,0,0,0,0,0,0,0,0,0,0,0,0,0
prog_000344_dijkstra,43,2,4,1,4,0,7,3972,2643,96,399,419,5,838,97,0.1054884189325277,0.6654078549848943,0.02416918429003021,0.0012588116817724068,0.10045317220543806,2,3,O2_standard,O3_aggressive,0.0224199999993288,0.0165321000004041,50131.0,1.3561495514048898,1.0,0,0,0,0,0,0,0,0,0,0,1,0,0,0,0,0,0,0,0,0,0,0,0,0,0,0,0,0,0,0,0,0,0,0,0,0,0,0,0,0
prog_000345_segment_tree,50,4,2,1,9,4,6,960,623,30,78,129,5,202,31,0.134375,0.6489583333333333,0.03125,0.005208333333333333,0.08125,19,4,full_aggressive,Os_size,0.0258687000005011,0.0213199999998323,46860.0,1.2133536585696332,1.3207639778062312,0,0,0,0,0,0,0,0,0,0,0,0,0,0,0,0,0,0,0,0,0,0,0,0,0,0,0,0,0,0,0,1,0,0,0,0,0,0,0,0
prog_000346_knapsack,33,2,3,2,1,2,4,1641,1088,36,158,185,5,415,37,0.11273613650213285,0.6630103595368677,0.021937842778793418,0.0030469226081657527,0.09628275441803778,5,2,O2_unroll_vec,O2_standard,0.029322399999728,0.0180467999998654,48152.0,1.624797748074268,1.0017860109652765,0,0,0,0,0,0,0,0,0,0,0,0,0,0,0,0,0,0,0,1,0,0,0,0,0,0,0,0,0,0,0,0,0,0,0,0,0,0,0,0
prog_000347_vector_ops,25,1,2,1,0,1,3,711,433,17,77,77,32,175,18,0.10829817158931083,0.6090014064697609,0.02390998593530239,0.0450070323488045,0.10829817158931083,13,4,O2_fast_math,Os_size,0.0233931999991909,0.0228189000008569,46954.0,1.0251677336906,1.0026408825659157,0,0,0,0,0,0,0,0,0,0,0,0,0,0,0,0,0,0,0,0,0,0,0,0,0,0,0,0,0,0,0,0,0,0,0,0,0,0,0,1
prog_000348_fibonacci,24,2,0,0,0,0,2,112,61,4,16,14,5,24,5,0.125,0.5446428571428571,0.03571428571428571,0.044642857142857144,0.14285714285714285,5,4,O2_unroll_vec,Os_size,0.1009496999995462,0.1005131000001711,44908.0,1.0043437124053916,1.024962144829429,0,0,0,0,0,0,0,0,0,0,0,0,0,1,0,0,0,0,0,0,0,0,0,0,0,0,0,0,0,0,0,0,0,0,0,0,0,0,0,0
prog_000349_prefix_sum,28,1,5,2,2,0,4,321,179,14,23,74,5,40,15,0.23052959501557632,0.557632398753894,0.04361370716510903,0.01557632398753894,0.07165109034267912,0,4,O0_baseline,Os_size,0.0398546999986137,0.033686700000544,45009.0,1.1830989677816495,1.0021551245306495,0,0,0,0,0,0,0,0,0,0,0,0,0,0,0,0,0,0,0,0,0,0,0,0,0,1,0,0,0,0,0,0,0,0,0,0,0,0,0,0
prog_000350_trie,42,4,5,1,2,4,6,473,319,18,51,38,5,92,19,0.080338266384778,0.6744186046511628,0.03805496828752643,0.010570824524312896,0.10782241014799154,2,2,O2_standard,O2_standard,0.0240437000011297,0.0229349000001093,47182.0,1.0483455345789656,1.0,0,0,0,0,0,0,0,0,0,0,0,0,0,0,0,0,0,0,0,0,0,0,0,0,0,0,0,0,0,0,0,0,0,0,0,0,0,1,0,0
prog_000331_edit_distance,37,2,6,2,2,0,5,1965,1295,48,204,217,5,476,49,0.11043256997455471,0.6590330788804071,0.024427480916030534,0.002544529262086514,0.10381679389312977,2,2,O2_standard,O2_standard,0.0261258999998972,0.0193230000004405,48551.0,1.3520623091291009,1.0123169450680727,0,0,0,0,0,0,0,0,0,0,0,0,1,0,0,0,0,0,0,0,0,0,0,0,0,0,0,0,0,0,0,0,0,0,0,0,0,0,0,0
prog_000332_bellman_ford,35,2,4,2,2,0,4,891,557,26,74,124,5,199,27,0.13916947250280584,0.6251402918069585,0.029180695847362513,0.005611672278338945,0.08305274971941638,19,4,full_aggressive,Os_size,0.021155100001124,0.0174309000012726,45856.0,1.2136550608161083,1.0132807048150734,0,1,0,0,0,0,0,0,0,0,0,0,0,0,0,0,0,0,0,0,0,0,0,0,0,0,0,0,0,0,0,0,0,0,0,0,0,0,0,0
prog_000333_bfs,38,2,3,1,2,0,6,3446,2307,73,324,386,5,738,74,0.11201392919326755,0.6694718514219384,0.02118398142774231,0.0014509576320371445,0.09402205455600697,10,2,O3_combine,O2_standard,0.0202641999985644,0.0175080999997589,50492.0,1.1574185661975573,1.0202804404658163,0,0,1,0,0,0,0,0,0,0,0,0,0,0,0,0,0,0,0,0,0,0,0,0,0,0,0,0,0,0,0,0,0,0,0,0,0,0,0,0
prog_000334_queue,34,3,1,1,4,1,4,272,168,14,23,34,5,53,15,0.125,0.6176470588235294,0.051470588235294115,0.01838235294117647,0.08455882352941177,4,4,Os_size,Os_size,0.0212641000016446,0.0169263000007049,46224.0,1.2562757366204693,1.01317497403946,0,0,0,0,0,0,0,0,0,0,0,0,0,0,0,0,0,0,0,0,0,0,0,0,0,0,0,1,0,0,0,0,0,0,0,0,0,0,0,0
prog_000335_segment_tree,50,4,2,1,9,4,6,960,623,30,78,129,5,202,31,0.134375,0.6489583333333333,0.03125,0.005208333333333333,0.08125,3,4,O3_aggressive,Os_size,0.0796714999996766,0.0796714999996766,46860.0,1.0,1.3207639778062312,0,0,0,0,0,0,0,0,0,0,0,0,0,0,0,0,0,0,0,0,0,0,0,0,0,0,0,0,0,0,0,1,0,0,0,0,0,0,0,0
prog_000336_doubly_linked_list,38,4,2,1,6,7,5,196,125,8,18,22,5,34,9,0.11224489795918367,0.6377551020408163,0.04081632653061224,0.025510204081632654,0.09183673469387756,0,2,O0_baseline,O2_standard,0.0193853999990096,0.016938000000664,44722.0,1.1444916754191556,1.0,0,0,0,0,0,0,0,0,0,0,0,1,0,0,0,0,0,0,0,0,0,0,0,0,0,0,0,0,0,0,0,0,0,0,0,0,0,0,0,0
prog_000337_radix_sort,36,3,6,1,0,2,4,875,553,29,77,112,5,211,30,0.128,0.632,0.03314285714285714,0.005714285714285714,0.088,19,2,full_aggressive,O2_standard,0.0308239999994839,0.0231905000000551,47123.0,1.3291649597641562,1.0018250111410565,0,0,0,0,0,0,0,0,0,0,0,0,0,0,0,0,0,0,0,0,0,0,0,0,0,0,0,0,0,1,0,0,0,0,0,0,0,0,0,0
prog_000338_rod_cutting,30,2,4,2,0,1,3,699,454,21,63,79,5,175,22,0.11301859799713877,0.6494992846924177,0.030042918454935622,0.00715307582260372,0.09012875536480687,5,4,O2_unroll_vec,Os_size,0.0192026999993686,0.0170514000001276,46042.0,1.126165593395551,1.015094913339994,0,0,0,0,0,0,0,0,0,0,0,0,0,0,0,0,0,0,0,0,0,0,0,0,0,0,0,0,0,0,1,0,0,0,0,0,0,0,0,0
prog_000339_dijkstra,43,2,4,1,4,0,7,3972,2643,96,399,419,5,838,97,0.1054884189325277,0.6654078549848943,0.02416918429003021,0.0012588116817724068,0.10045317220543806,5,3,O2_unroll_vec,O3_aggressive,0.0195994999994582,0.018614399999933,50131.0,1.052921394164128,1.0,0,0,0,0,0,0,0,0,0,0,1,0,0,0,0,0,0,0,0,0,0,0,0,0,0,0,0,0,0,0,0,0,0,0,0,0,0,0,0,0
prog_000340_bst,42,4,3,1,5,6,7,273,164,20,24,33,5,49,21,0.12087912087912088,0.6007326007326007,0.07326007326007326,0.018315018315018316,0.08791208791208792,3,4,O3_aggressive,Os_size,0.0186967000008735,0.0186967000008735,45259.0,1.0,1.2736472303851167,0,0,0,0,1,0,0,0,0,0,0,0,0,0,0,0,0,0,0,0,0,0,0,0,0,0,0,0,0,0,0,0,0,0,0,0,0,0,0,0
prog_000351_avl_tree,45,8,1,1,10,14,5,397,253,32,39,29,5,66,33,0.07304785894206549,0.6372795969773299,0.08060453400503778,0.012594458438287154,0.0982367758186398,10,4,O3_combine,Os_size,0.0216486000008444,0.0192910000005213,45861.0,1.1222124306805967,1.1146071825734285,1,0,0,0,0,0,0,0,0,0,0,0,0,0,0,0,0,0,0,0,0,0,0,0,0,0,0,0,0,0,0,0,0,0,0,0,0,0,0,0
prog_000352_priority_queue,34,5,1,1,3,0,7,1739,1144,41,182,197,5,352,42,0.11328349626221966,0.6578493387004025,0.023576768257619323,0.002875215641173088,0.1046578493387004,13,4,O2_fast_math,Os_size,0.0224190000008093,0.0181637000005139,47265.0,1.2342749550022851,1.009541944356289,0,0,0,0,0,0,0,0,0,0,0,0,0,0,0,0,0,0,0,0,0,0,0,0,0,0,1,0,0,0,0,0,0,0,0,0,0,0,0,0
prog_000353_bellman_ford,35,2,4,2,2,0,4,891,557,26,74,124,5,199,27,0.13916947250280584,0.6251402918069585,0.029180695847362513,0.005611672278338945,0.08305274971941638,13,4,O2_fast_math,Os_size,0.0231115999995381,0.0187191999993956,45856.0,1.2346467797921024,1.0132807048150734,0,1,0,0,0,0,0,0,0,0,0,0,0,0,0,0,0,0,0,0,0,0,0,0,0,0,0,0,0,0,0,0,0,0,0,0,0,0,0,0
prog_000354_trie,42,4,5,1,2,4,6,473,319,18,51,38,5,92,19,0.080338266384778,0.6744186046511628,0.03805496828752643,0.010570824524312896,0.10782241014799154,4,2,Os_size,O2_standard,0.0288691000005201,0.0253445999987889,47182.0,1.1390631535672142,1.0,0,0,0,0,0,0,0,0,0,0,0,0,0,0,0,0,0,0,0,0,0,0,0,0,0,0,0,0,0,0,0,0,0,0,0,0,0,1,0,0
prog_000355_bfs,38,2,3,1,2,0,6,3446,2307,73,324,386,5,738,74,0.11201392919326755,0.6694718514219384,0.02118398142774231,0.0014509576320371445,0.09402205455600697,3,2,O3_aggressive,O2_standard,0.0176800999997794,0.0176800999997794,50492.0,1.0,1.0202804404658163,0,0,1,0,0,0,0,0,0,0,0,0,0,0,0,0,0,0,0,0,0,0,0,0,0,0,0,0,0,0,0,0,0,0,0,0,0,0,0,0
prog_000356_hash_table,30,4,3,1,1,5,7,223,131,10,21,37,5,41,11,0.16591928251121077,0.5874439461883408,0.04484304932735426,0.02242152466367713,0.09417040358744394,10,4,O3_combine,Os_size,0.0182604000001447,0.0171860000009473,45229.0,1.0625160013463386,1.0134648123991246,0,0,0,0,0,0,0,0,0,0,0,0,0,0,0,1,0,0,0,0,0,0,0,0,0,0,0,0,0,0,0,0,0,0,0,0,0,0,0,0
prog_000357_matrix_mult,30,2,5,3,0,1,4,192,86,12,16,34,18,36,13,0.17708333333333334,0.4479166666666667,0.0625,0.09375,0.08333333333333333,3,4,O3_aggressive,Os_size,0.016502100001162,0.016502100001162,45054.0,1.0,1.0021529719891686,0,0,0,0,0,0,0,0,0,0,0,0,0,0,0,0,0,0,0,0,0,0,0,1,0,0,0,0,0,0,0,0,0,0,0,0,0,0,0,0
prog_000358_bellman_ford,35,2,4,2,2,0,4,891,557,26,74,124,5,199,27,0.13916947250280584,0.6251402918069585,0.029180695847362513,0.005611672278338945,0.08305274971941638,19,4,full_aggressive,Os_size,0.01893039999959,0.015598999998474,45856.0,1.2135649722060324,1.0132807048150734,0,1,0,0,0,0,0,0,0,0,0,0,0,0,0,0,0,0,0,0,0,0,0,0,0,0,0,0,0,0,0,0,0,0,0,0,0,0,0,0
prog_000359_edit_distance,37,2,6,2,2,0,5,1967,1299,48,204,215,5,476,49,0.10930350788002034,0.6603965429588206,0.02440264361972547,0.002541942043721403,0.10371123538383324,19,2,full_aggressive,O2_standard,0.0197952999988046,0.0178966000003129,48551.0,1.1060927773129254,1.0123169450680727,0,0,0,0,0,0,0,0,0,0,0,0,1,0,0,0,0,0,0,0,0,0,0,0,0,0,0,0,0,0,0,0,0,0,0,0,0,0,0,0
prog_000360_vector_ops,25,1,2,1,0,0,3,702,432,17,76,77,25,176,18,0.10968660968660969,0.6153846153846154,0.024216524216524215,0.03561253561253561,0.10826210826210826,2,4,O2_standard,Os_size,0.0253384999996342,0.0209643999987747,46870.0,1.2086441778021384,1.0026456155323233,0,0,0,0,0,0,0,0,0,0,0,0,0,0,0,0,0,0,0,0,0,0,0,0,0,0,0,0,0,0,0,0,0,0,0,0,0,0,0,1
prog_000361_linked_list,26,1,2,1,0,4,2,136,83,6,15,13,5,26,7,0.09558823529411764,0.6102941176470589,0.04411764705882353,0.03676470588235294,0.11029411764705882,4,2,Os_size,O2_standard,0.022343999999066,0.0167656000012357,44631.0,1.3327289209702693,1.0,0,0,0,0,0,0,0,0,0,0,0,0,0,0,0,0,0,0,0,0,0,1,0,0,0,0,0,0,0,0,0,0,0,0,0,0,0,0,0,0
prog_000362_doubly_linked_list,38,4,2,1,6,7,5,196,125,8,18,22,5,34,9,0.11224489795918367,0.6377551020408163,0.04081632653061224,0.025510204081632654,0.09183673469387756,4,2,Os_size,O2_standard,0.0173000999984651,0.0165853000016795,44722.0,1.0430984062219686,1.0,0,0,0,0,0,0,0,0,0,0,0,1,0,0,0,0,0,0,0,0,0,0,0,0,0,0,0,0,0,0,0,0,0,0,0,0,0,0,0,0
prog_000363_bfs,38,2,3,1,2,0,6,3446,2307,73,324,386,5,738,74,0.11201392919326755,0.6694718514219384,0.02118398142774231,0.0014509576320371445,0.09402205455600697,3,2,O3_aggressive,O2_standard,0.0180139999993116,0.0180139999993116,50492.0,1.0,1.0202804404658163,0,0,1,0,0,0,0,0,0,0,0,0,0,0,0,0,0,0,0,0,0,0,0,0,0,0,0,0,0,0,0,0,0,0,0,0,0,0,0,0
prog_000364_segment_tree,50,4,2,1,9,4,6,960,623,30,78,129,5,202,31,0.134375,0.6489583333333333,0.03125,0.005208333333333333,0.08125,3,4,O3_aggressive,Os_size,0.0729932000012922,0.0729932000012922,46860.0,1.0,1.3207639778062312,0,0,0,0,0,0,0,0,0,0,0,0,0,0,0,0,0,0,0,0,0,0,0,0,0,0,0,0,0,0,0,1,0,0,0,0,0,0,0,0
prog_000365_kmp,41,3,4,1,10,0,5,931,603,34,98,98,5,205,35,0.10526315789473684,0.6476906552094522,0.036519871106337275,0.0053705692803437165,0.10526315789473684,10,2,O3_combine,O2_standard,0.025455700000748,0.0199725000002217,47481.0,1.2745374890707442,1.0018112508161159,0,0,0,0,0,0,0,0,0,0,0,0,0,0,0,0,0,0,1,0,0,0,0,0,0,0,0,0,0,0,0,0,0,0,0,0,0,0,0,0
prog_000366_lis,34,2,2,1,2,2,4,1543,1036,35,154,157,5,370,36,0.101749837977965,0.6714193130265717,0.02268308489954634,0.0032404406999351912,0.09980557355800389,3,4,O3_aggressive,Os_size,0.017049299998689,0.017049299998689,47189.0,1.0,1.0026277310390133,0,0,0,0,0,0,0,0,0,0,0,0,0,0,0,0,0,0,0,0,0,0,1,0,0,0,0,0,0,0,0,0,0,0,0,0,0,0,0,0
prog_000367_quick_sort,32,2,2,1,2,1,4,774,504,20,72,90,5,185,21,0.11627906976744186,0.6511627906976745,0.025839793281653745,0.006459948320413436,0.09302325581395349,2,4,O2_standard,Os_size,0.0339169000017136,0.0308805000004213,46789.0,1.098327423495438,1.003911175703691,0,0,0,0,0,0,0,0,0,0,0,0,0,0,0,0,0,0,0,0,0,0,0,0,0,0,0,0,1,0,0,0,0,0,0,0,0,0,0,0
prog_000368_stack,35,4,1,1,3,1,5,264,155,16,24,36,5,58,17,0.13636363636363635,0.5871212121212122,0.06060606060606061,0.01893939393939394,0.09090909090909091,5,4,O2_unroll_vec,Os_size,0.0222066999995149,0.0216519000005064,46224.0,1.025623617280494,1.0020984769816546,0,0,0,0,0,0,0,0,0,0,0,0,0,0,0,0,0,0,0,0,0,0,0,0,0,0,0,0,0,0,0,0,0,0,1,0,0,0,0,0
prog_000369_doubly_linked_list,38,4,2,1,6,7,5,196,125,8,18,22,5,34,9,0.11224489795918367,0.6377551020408163,0.04081632653061224,0.025510204081632654,0.09183673469387756,0,2,O0_baseline,O2_standard,0.0189899999986664,0.0173025999993114,44722.0,1.0975229155977804,1.0,0,0,0,0,0,0,0,0,0,0,0,1,0,0,0,0,0,0,0,0,0,0,0,0,0,0,0,0,0,0,0,0,0,0,0,0,0,0,0,0
prog_000370_bfs,38,2,3,1,2,0,6,3446,2307,73,324,386,5,738,74,0.11201392919326755,0.6694718514219384,0.02118398142774231,0.0014509576320371445,0.09402205455600697,10,2,O3_combine,O2_standard,0.0191298999998252,0.0166644000000815,50492.0,1.1479501212003818,1.0202804404658163,0,0,1,0,0,0,0,0,0,0,0,0,0,0,0,0,0,0,0,0,0,0,0,0,0,0,0,0,0,0,0,0,0,0,0,0,0,0,0,0
prog_000371_linked_list,28,1,2,1,0,6,2,145,91,8,15,12,5,28,9,0.08275862068965517,0.6275862068965518,0.05517241379310345,0.034482758620689655,0.10344827586206896,2,2,O2_standard,O2_standard,0.0200321000011172,0.016613399999187,44631.0,1.2057796719574259,1.0,0,0,0,0,0,0,0,0,0,0,0,0,0,0,0,0,0,0,0,0,0,1,0,0,0,0,0,0,0,0,0,0,0,0,0,0,0,0,0,0
prog_000372_prefix_sum,27,1,3,1,1,0,3,866,571,20,86,98,5,205,21,0.11316397228637413,0.6593533487297921,0.023094688221709007,0.005773672055427252,0.09930715935334873,4,4,Os_size,Os_size,0.0245374999994965,0.0212307000001601,46800.0,1.1557555803299686,1.0026495726495726,0,0,0,0,0,0,0,0,0,0,0,0,0,0,0,0,0,0,0,0,0,0,0,0,0,1,0,0,0,0,0,0,0,0,0,0,0,0,0,0
prog_000373_stencil,33,2,7,3,0,0,3,199,86,16,15,33,21,40,17,0.1658291457286432,0.4321608040201005,0.08040201005025126,0.10552763819095477,0.07537688442211055,19,4,full_aggressive,Os_size,0.0429268999996566,0.0413011999989976,45036.0,1.0393620524512233,1.0135225153210765,0,0,0,0,0,0,0,0,0,0,0,0,0,0,0,0,0,0,0,0,0,0,0,0,0,0,0,0,0,0,0,0,0,0,0,1,0,0,0,0
prog_000374_dijkstra,43,2,4,1,4,0,7,3972,2643,96,399,419,5,838,97,0.1054884189325277,0.6654078549848943,0.02416918429003021,0.0012588116817724068,0.10045317220543806,2,3,O2_standard,O3_aggressive,0.0199673000006441,0.0179131000004417,50131.0,1.1146758517594246,1.0,0,0,0,0,0,0,0,0,0,0,1,0,0,0,0,0,0,0,0,0,0,0,0,0,0,0,0,0,0,0,0,0,0,0,0,0,0,0,0,0
prog_000375_queue,34,3,1,1,4,1,4,272,168,14,23,34,5,53,15,0.125,0.6176470588235294,0.051470588235294115,0.01838235294117647,0.08455882352941177,10,4,O3_combine,Os_size,0.0199873000001389,0.0187674999997398,46224.0,1.064995337706994,1.01317497403946,0,0,0,0,0,0,0,0,0,0,0,0,0,0,0,0,0,0,0,0,0,0,0,0,0,0,0,1,0,0,0,0,0,0,0,0,0,0,0,0
prog_000376_fibonacci,24,1,2,1,0,0,2,129,81,6,14,12,5,23,7,0.09302325581395349,0.627906976744186,0.046511627906976744,0.03875968992248062,0.10852713178294573,13,2,O2_fast_math,O2_standard,0.9692039999990812,0.9457628000000112,44642.0,1.0247854958971423,1.0,0,0,0,0,0,0,0,0,0,0,0,0,0,1,0,0,0,0,0,0,0,0,0,0,0,0,0,0,0,0,0,0,0,0,0,0,0,0,0,0
prog_000377_avl_tree,45,8,1,1,10,14,5,397,253,32,39,29,5,66,33,0.07304785894206549,0.6372795969773299,0.08060453400503778,0.012594458438287154,0.0982367758186398,2,4,O2_standard,Os_size,0.0182573000001866,0.0174016999990271,45861.0,1.0491676101304663,1.1146071825734285,1,0,0,0,0,0,0,0,0,0,0,0,0,0,0,0,0,0,0,0,0,0,0,0,0,0,0,0,0,0,0,0,0,0,0,0,0,0,0,0
prog_000378_dfs,35,2,2,1,2,0,5,1846,1207,42,170,214,5,421,43,0.11592632719393282,0.6538461538461539,0.02275189599133261,0.0027085590465872156,0.09209100758396534,5,4,O2_unroll_vec,Os_size,0.0249315999990358,0.0201289999986329,47660.0,1.2385910875219375,1.0190725975660933,0,0,0,0,0,0,0,0,0,1,0,0,0,0,0,0,0,0,0,0,0,0,0,0,0,0,0,0,0,0,0,0,0,0,0,0,0,0,0,0
prog_000379_segment_tree,50,4,2,1,9,4,6,960,623,30,78,129,5,202,31,0.134375,0.6489583333333333,0.03125,0.005208333333333333,0.08125,3,4,O3_aggressive,Os_size,0.0400822999999945,0.0400822999999945,46860.0,1.0,1.3207639778062312,0,0,0,0,0,0,0,0,0,0,0,0,0,0,0,0,0,0,0,0,0,0,0,0,0,0,0,0,0,0,0,1,0,0,0,0,0,0,0,0
prog_000380_vector_ops,25,1,2,1,0,0,3,702,432,17,76,77,25,176,18,0.10968660968660969,0.6153846153846154,0.024216524216524215,0.03561253561253561,0.10826210826210826,10,4,O3_combine,Os_size,0.0233114999991812,0.0212393999991036,46870.0,1.0975592530940164,1.0026456155323233,0,0,0,0,0,0,0,0,0,0,0,0,0,0,0,0,0,0,0,0,0,0,0,0,0,0,0,0,0,0,0,0,0,0,0,0,0,0,0,1
prog_000381_selection_sort,32,2,3,1,1,1,3,184,109,11,16,26,5,30,12,0.14130434782608695,0.592391304347826,0.059782608695652176,0.02717391304347826,0.08695652173913043,2,4,O2_standard,Os_size,0.0205984999993233,0.0179893000004085,45032.0,1.145041774769199,1.0135237164682893,0,0,0,0,0,0,0,0,0,0,0,0,0,0,0,0,0,0,0,0,0,0,0,0,0,0,0,0,0,0,0,0,1,0,0,0,0,0,0,0
prog_000382_union_find,35,4,1,1,5,0,5,1111,731,27,108,128,5,257,28,0.1152115211521152,0.6579657965796579,0.024302430243024302,0.004500450045004501,0.09720972097209721,19,4,full_aggressive,Os_size,0.0204537999998137,0.0171685999994224,47388.0,1.191349323794708,1.0145184434878027,0,0,0,0,0,0,0,0,0,0,0,0,0,0,0,0,0,0,0,0,0,0,0,0,0,0,0,0,0,0,0,0,0,0,0,0,0,0,1,0
prog_000383_bfs,38,2,3,1,2,0,6,3446,2307,73,324,386,5,738,74,0.11201392919326755,0.6694718514219384,0.02118398142774231,0.0014509576320371445,0.09402205455600697,13,2,O2_fast_math,O2_standard,0.0204532999996445,0.0189910999997664,50492.0,1.0769939603233138,1.0202804404658163,0,0,1,0,0,0,0,0,0,0,0,0,0,0,0,0,0,0,0,0,0,0,0,0,0,0,0,0,0,0,0,0,0,0,0,0,0,0,0,0
prog_000384_radix_sort,36,3,6,1,0,2,4,875,553,29,77,112,5,211,30,0.128,0.632,0.03314285714285714,0.005714285714285714,0.088,2,2,O2_standard,O2_standard,0.0191802999997889,0.0184738999996625,47123.0,1.0382377299941703,1.0018250111410565,0,0,0,0,0,0,0,0,0,0,0,0,0,0,0,0,0,0,0,0,0,0,0,0,0,0,0,0,0,1,0,0,0,0,0,0,0,0,0,0
prog_000385_bellman_ford,35,2,4,2,2,0,4,891,557,26,74,124,5,199,27,0.13916947250280584,0.6251402918069585,0.029180695847362513,0.005611672278338945,0.08305274971941638,3,4,O3_aggressive,Os_size,0.0166294999999081,0.0166294999999081,45856.0,1.0,1.0132807048150734,0,1,0,0,0,0,0,0,0,0,0,0,0,0,0,0,0,0,0,0,0,0,0,0,0,0,0,0,0,0,0,0,0,0,0,0,0,0,0,0
prog_000386_prefix_sum,27,1,3,1,1,0,3,866,571,20,86,98,5,205,21,0.11316397228637413,0.6593533487297921,0.023094688221709007,0.005773672055427252,0.09930715935334873,0,4,O0_baseline,Os_size,0.0247570999999879,0.0215394000006199,46800.0,1.149386705259914,1.0026495726495726,0,0,0,0,0,0,0,0,0,0,0,0,0,0,0,0,0,0,0,0,0,0,0,0,0,1,0,0,0,0,0,0,0,0,0,0,0,0,0,0
prog_000387_union_find,35,4,1,1,5,0,5,1111,731,27,108,128,5,257,28,0.1152115211521152,0.6579657965796579,0.024302430243024302,0.004500450045004501,0.09720972097209721,3,4,O3_aggressive,Os_size,0.0167583000002196,0.0167583000002196,47388.0,1.0,1.0145184434878027,0,0,0,0,0,0,0,0,0,0,0,0,0,0,0,0,0,0,0,0,0,0,0,0,0,0,0,0,0,0,0,0,0,0,0,0,0,0,1,0
prog_000388_dijkstra,43,2,4,1,4,0,7,3972,2643,96,399,419,5,838,97,0.1054884189325277,0.6654078549848943,0.02416918429003021,0.0012588116817724068,0.10045317220543806,5,3,O2_unroll_vec,O3_aggressive,0.0239837999997689,0.0213965000002644,50131.0,1.1209216460389564,1.0,0,0,0,0,0,0,0,0,0,0,1,0,0,0,0,0,0,0,0,0,0,0,0,0,0,0,0,0,0,0,0,0,0,0,0,0,0,0,0,0
prog_000389_queue,34,3,1,1,4,1,4,272,168,14,23,34,5,53,15,0.125,0.6176470588235294,0.051470588235294115,0.01838235294117647,0.08455882352941177,13,4,O2_fast_math,Os_size,0.0219333000004553,0.0170340000004216,46224.0,1.2876188798821437,1.01317497403946,0,0,0,0,0,0,0,0,0,0,0,0,0,0,0,0,0,0,0,0,0,0,0,0,0,0,0,1,0,0,0,0,0,0,0,0,0,0,0,0
prog_000390_bst,42,4,3,1,5,6,7,273,164,20,24,33,5,49,21,0.12087912087912088,0.6007326007326007,0.07326007326007326,0.018315018315018316,0.08791208791208792,4,4,Os_size,Os_size,0.0186266000000614,0.0180046999994374,45259.0,1.034540981001818,1.2736472303851167,0,0,0,0,1,0,0,0,0,0,0,0,0,0,0,0,0,0,0,0,0,0,0,0,0,0,0,0,0,0,0,0,0,0,0,0,0,0,0,0
prog_000391_matrix_mult,30,2,5,3,0,1,4,192,86,12,16,34,18,36,13,0.17708333333333334,0.4479166666666667,0.0625,0.09375,0.08333333333333333,13,4,O2_fast_math,Os_size,0.0440075999995315,0.0372096999999485,45054.0,1.1826916099724645,1.0135171127979758,0,0,0,0,0,0,0,0,0,0,0,0,0,0,0,0,0,0,0,0,0,0,0,1,0,0,0,0,0,0,0,0,0,0,0,0,0,0,0,0
prog_000392_radix_sort,36,3,6,1,0,2,4,875,553,29,77,112,5,211,30,0.128,0.632,0.03314285714285714,0.005714285714285714,0.088,4,2,Os_size,O2_standard,0.0175049000008584,0.0170216000005893,47123.0,1.0283933355414514,1.0018250111410565,0,0,0,0,0,0,0,0,0,0,0,0,0,0,0,0,0,0,0,0,0,0,0,0,0,0,0,0,0,1,0,0,0,0,0,0,0,0,0,0
prog_000393_selection_sort,32,2,3,1,1,1,3,184,109,11,16,26,5,30,12,0.14130434782608695,0.592391304347826,0.059782608695652176,0.02717391304347826,0.08695652173913043,4,4,Os_size,Os_size,0.0189860000009503,0.016938000000664,45032.0,1.1209115598185155,1.0135237164682893,0,0,0,0,0,0,0,0,0,0,0,0,0,0,0,0,0,0,0,0,0,0,0,0,0,0,0,0,0,0,0,0,1,0,0,0,0,0,0,0
prog_000394_union_find,35,4,1,1,5,0,5,1111,731,27,108,128,5,257,28,0.1152115211521152,0.6579657965796579,0.024302430243024302,0.004500450045004501,0.09720972097209721,5,4,O2_unroll_vec,Os_size,0.0284518999997089,0.0244539999985136,47388.0,1.1634865462271329,1.0145184434878027,0,0,0,0,0,0,0,0,0,0,0,0,0,0,0,0,0,0,0,0,0,0,0,0,0,0,0,0,0,0,0,0,0,0,0,0,0,0,1,0
prog_000395_bfs,38,2,3,1,2,0,6,3446,2307,73,324,386,5,738,74,0.11201392919326755,0.6694718514219384,0.02118398142774231,0.0014509576320371445,0.09402205455600697,5,2,O2_unroll_vec,O2_standard,0.0176314000000274,0.017428999999538,50492.0,1.0116128292211122,1.0202804404658163,0,0,1,0,0,0,0,0,0,0,0,0,0,0,0,0,0,0,0,0,0,0,0,0,0,0,0,0,0,0,0,0,0,0,0,0,0,0,0,0
prog_000396_stencil,33,2,7,3,0,0,3,199,86,16,15,33,21,40,17,0.1658291457286432,0.4321608040201005,0.08040201005025126,0.10552763819095477,0.07537688442211055,4,4,Os_size,Os_size,0.027815700001156,0.0240942000000359,45036.0,1.154456259228966,1.0135225153210765,0,0,0,0,0,0,0,0,0,0,0,0,0,0,0,0,0,0,0,0,0,0,0,0,0,0,0,0,0,0,0,0,0,0,0,1,0,0,0,0
prog_000397_union_find,35,4,1,1,5,0,5,1111,731,27,108,128,5,257,28,0.1152115211521152,0.6579657965796579,0.024302430243024302,0.004500450045004501,0.09720972097209721,10,4,O3_combine,Os_size,0.0210986999991291,0.0210396999991644,47388.0,1.0028042224921003,1.0145184434878027,0,0,0,0,0,0,0,0,0,0,0,0,0,0,0,0,0,0,0,0,0,0,0,0,0,0,0,0,0,0,0,0,0,0,0,0,0,0,1,0
prog_000398_quick_sort,32,2,2,1,2,1,4,735,477,18,71,83,5,184,19,0.11292517006802721,0.6489795918367347,0.024489795918367346,0.006802721088435374,0.09659863945578231,0,4,O0_baseline,Os_size,0.01984210000046,0.0173091000015119,46277.0,1.1463392087819038,1.0352875078332648,0,0,0,0,0,0,0,0,0,0,0,0,0,0,0,0,0,0,0,0,0,0,0,0,0,0,0,0,1,0,0,0,0,0,0,0,0,0,0,0
prog_000399_dfs,35,2,2,1,2,0,5,1846,1207,42,170,214,5,421,43,0.11592632719393282,0.6538461538461539,0.02275189599133261,0.0027085590465872156,0.09209100758396534,2,4,O2_standard,Os_size,0.0226306000004115,0.0182134000006044,47660.0,1.2425247345174717,1.0190725975660933,0,0,0,0,0,0,0,0,0,1,0,0,0,0,0,0,0,0,0,0,0,0,0,0,0,0,0,0,0,0,0,0,0,0,0,0,0,0,0,0
prog_000400_doubly_linked_list,38,4,2,1,6,7,5,196,125,8,18,22,5,34,9,0.11224489795918367,0.6377551020408163,0.04081632653061224,0.025510204081632654,0.09183673469387756,4,2,Os_size,O2_standard,0.017735100000209,0.0162795000014739,44722.0,1.0894130654260459,1.0,0,0,0,0,0,0,0,0,0,0,0,1,0,0,0,0,0,0,0,0,0,0,0,0,0,0,0,0,0,0,0,0,0,0,0,0,0,0,0,0
prog_000401_fibonacci,24,2,0,0,0,0,2,112,61,4,16,14,5,24,5,0.125,0.5446428571428571,0.03571428571428571,0.044642857142857144,0.14285714285714285,2,4,O2_standard,Os_size,0.0448481999992509,0.0360887000006187,44908.0,1.242721405827365,1.024962144829429,0,0,0,0,0,0,0,0,0,0,0,0,0,1,0,0,0,0,0,0,0,0,0,0,0,0,0,0,0,0,0,0,0,0,0,0,0,0,0,0
prog_000402_dfs,35,2,2,1,2,0,5,1846,1207,42,170,214,5,421,43,0.11592632719393282,0.6538461538461539,0.02275189599133261,0.0027085590465872156,0.09209100758396534,2,4,O2_standard,Os_size,0.0190220999993471,0.01726459999918,47660.0,1.1017978986046923,1.0190725975660933,0,0,0,0,0,0,0,0,0,1,0,0,0,0,0,0,0,0,0,0,0,0,0,0,0,0,0,0,0,0,0,0,0,0,0,0,0,0,0,0
prog_000403_queue,34,3,1,1,4,1,4,272,168,14,23,34,5,53,15,0.125,0.6176470588235294,0.051470588235294115,0.01838235294117647,0.08455882352941177,13,4,O2_fast_math,Os_size,0.0188551000010193,0.0180153000001155,46224.0,1.0466159320632138,1.01317497403946,0,0,0,0,0,0,0,0,0,0,0,0,0,0,0,0,0,0,0,0,0,0,0,0,0,0,0,1,0,0,0,0,0,0,0,0,0,0,0,0
prog_000404_priority_queue,34,5,1,1,3,0,7,1739,1144,41,182,197,5,352,42,0.11328349626221966,0.6578493387004025,0.023576768257619323,0.002875215641173088,0.1046578493387004,3,4,O3_aggressive,Os_size,0.0163838999997096,0.0163838999997096,47265.0,1.0,1.009541944356289,0,0,0,0,0,0,0,0,0,0,0,0,0,0,0,0,0,0,0,0,0,0,0,0,0,0,1,0,0,0,0,0,0,0,0,0,0,0,0,0
prog_000405_vector_ops,25,1,2,1,0,1,3,725,440,17,78,78,36,178,18,0.10758620689655173,0.6068965517241379,0.023448275862068966,0.0496551724137931,0.10758620689655173,4,4,Os_size,Os_size,0.0293643999993946,0.0223573000002943,47133.0,1.3134144104613734,1.002630853117773,0,0,0,0,0,0,0,0,0,0,0,0,0,0,0,0,0,0,0,0,0,0,0,0,0,0,0,0,0,0,0,0,0,0,0,0,0,0,0,1
prog_000406_linked_list,28,1,2,1,0,6,2,145,91,8,15,12,5,28,9,0.08275862068965517,0.6275862068965518,0.05517241379310345,0.034482758620689655,0.10344827586206896,5,2,O2_unroll_vec,O2_standard,0.0187946000005467,0.0178309999992052,44631.0,1.0540407156852925,1.0,0,0,0,0,0,0,0,0,0,0,0,0,0,0,0,0,0,0,0,0,0,1,0,0,0,0,0,0,0,0,0,0,0,0,0,0,0,0,0,0
prog_000407_fibonacci,24,1,2,1,0,0,2,129,81,6,14,12,5,23,7,0.09302325581395349,0.627906976744186,0.046511627906976744,0.03875968992248062,0.10852713178294573,2,2,O2_standard,O2_standard,0.0288876999984495,0.0209707000012713,44642.0,1.3775267395317394,1.0,0,0,0,0,0,0,0,0,0,0,0,0,0,1,0,0,0,0,0,0,0,0,0,0,0,0,0,0,0,0,0,0,0,0,0,0,0,0,0,0
prog_000408_rod_cutting,30,2,4,2,0,1,3,699,454,21,63,79,5,175,22,0.11301859799713877,0.6494992846924177,0.030042918454935622,0.00715307582260372,0.09012875536480687,13,4,O2_fast_math,Os_size,0.0206782999994175,0.0174753999999666,46042.0,1.183280497124931,1.015094913339994,0,0,0,0,0,0,0,0,0,0,0,0,0,0,0,0,0,0,0,0,0,0,0,0,0,0,0,0,0,0,1,0,0,0,0,0,0,0,0,0
prog_000409_kmp,41,3,4,1,10,0,5,931,601,34,98,98,5,205,35,0.10526315789473684,0.6455424274973147,0.036519871106337275,0.0053705692803437165,0.10526315789473684,3,2,O3_aggressive,O2_standard,0.0212293000004137,0.0212293000004137,47481.0,1.0,1.0018112508161159,0,0,0,0,0,0,0,0,0,0,0,0,0,0,0,0,0,0,1,0,0,0,0,0,0,0,0,0,0,0,0,0,0,0,0,0,0,0,0,0
prog_000410_convex_hull,35,3,5,2,1,0,8,3174,2161,108,306,315,5,529,109,0.09924385633270322,0.6808443604284814,0.034026465028355386,0.001575299306868305,0.09640831758034027,19,4,full_aggressive,Os_size,0.0172566999990522,0.0165188000009948,51582.0,1.0446703149147007,1.0069791787832965,0,0,0,0,0,0,0,1,0,0,0,0,0,0,0,0,0,0,0,0,0,0,0,0,0,0,0,0,0,0,0,0,0,0,0,0,0,0,0,0
prog_000421_bellman_ford,35,2,4,2,2,0,4,891,557,26,74,124,5,199,27,0.13916947250280584,0.6251402918069585,0.029180695847362513,0.005611672278338945,0.08305274971941638,4,4,Os_size,Os_size,0.0225575000004027,0.016996399999698,45856.0,1.327192817349763,1.0132807048150734,0,1,0,0,0,0,0,0,0,0,0,0,0,0,0,0,0,0,0,0,0,0,0,0,0,0,0,0,0,0,0,0,0,0,0,0,0,0,0,0
prog_000422_floyd_warshall,32,2,6,3,2,0,4,283,157,25,17,50,5,47,26,0.17667844522968199,0.5547703180212014,0.08833922261484099,0.0176678445229682,0.06007067137809187,2,4,O2_standard,Os_size,0.0212777999986428,0.0204529999991791,45032.0,1.0403266024298052,1.0135237164682893,0,0,0,0,0,0,0,0,0,0,0,0,0,0,1,0,0,0,0,0,0,0,0,0,0,0,0,0,0,0,0,0,0,0,0,0,0,0,0,0
prog_000423_quick_sort,32,2,2,1,2,1,4,753,488,18,72,90,5,184,19,0.11952191235059761,0.648074369189907,0.02390438247011952,0.006640106241699867,0.09561752988047809,4,4,Os_size,Os_size,0.020899900000586,0.0183925000001181,46277.0,1.1363273073509201,1.048209693800376,0,0,0,0,0,0,0,0,0,0,0,0,0,0,0,0,0,0,0,0,0,0,0,0,0,0,0,0,1,0,0,0,0,0,0,0,0,0,0,0
prog_000424_kmp,41,3,4,1,10,0,5,919,593,34,98,96,5,205,35,0.1044613710554951,0.6452665941240479,0.036996735582154515,0.00544069640914037,0.10663764961915125,13,2,O2_fast_math,O2_standard,0.0216350999999122,0.0188757000014447,47481.0,1.1461879558509778,1.0018112508161159,0,0,0,0,0,0,0,0,0,0,0,0,0,0,0,0,0,0,1,0,0,0,0,0,0,0,0,0,0,0,0,0,0,0,0,0,0,0,0,0
prog_000425_vector_ops,25,1,2,1,0,0,3,702,432,17,76,77,25,176,18,0.10968660968660969,0.6153846153846154,0.024216524216524215,0.03561253561253561,0.10826210826210826,5,4,O2_unroll_vec,Os_size,0.0283550000003742,0.0217665999989549,46870.0,1.3026839286675749,1.0026456155323233,0,0,0,0,0,0,0,0,0,0,0,0,0,0,0,0,0,0,0,0,0,0,0,0,0,0,0,0,0,0,0,0,0,0,0,0,0,0,0,1
prog_000426_bubble_sort,30,2,3,2,1,1,3,183,104,11,16,30,5,30,12,0.16393442622950818,0.5683060109289617,0.060109289617486336,0.0273224043715847,0.08743169398907104,5,4,O2_unroll_vec,Os_size,0.0190421000006608,0.0171897999989596,45023.0,1.1077557622434995,1.0021544543899785,0,0,0,0,0,1,0,0,0,0,0,0,0,0,0,0,0,0,0,0,0,0,0,0,0,0,0,0,0,0,0,0,0,0,0,0,0,0,0,0
prog_000427_bst,42,4,3,1,5,6,7,273,164,20,24,33,5,49,21,0.12087912087912088,0.6007326007326007,0.07326007326007326,0.018315018315018316,0.08791208791208792,4,4,Os_size,Os_size,0.0169526999998197,0.0165324000008695,45259.0,1.0254228060613155,1.2736472303851167,0,0,0,0,1,0,0,0,0,0,0,0,0,0,0,0,0,0,0,0,0,0,0,0,0,0,0,0,0,0,0,0,0,0,0,0,0,0,0,0
prog_000428_binary_search,35,2,3,1,3,3,3,729,468,23,63,89,5,181,24,0.12208504801097393,0.6419753086419753,0.03155006858710562,0.006858710562414266,0.08641975308641975,3,4,O3_aggressive,Os_size,0.0298508999985642,0.0298508999985642,46288.0,1.0,1.0150146906325614,0,0,0,1,0,0,0,0,0,0,0,0,0,0,0,0,0,0,0,0,0,0,0,0,0,0,0,0,0,0,0,0,0,0,0,0,0,0,0,0
prog_000429_rod_cutting,30,2,4,2,0,1,3,699,454,21,63,79,5,175,22,0.11301859799713877,0.6494992846924177,0.030042918454935622,0.00715307582260372,0.09012875536480687,0,4,O0_baseline,Os_size,0.0182404000006499,0.0168542999999772,46042.0,1.0822401405382944,1.015094913339994,0,0,0,0,0,0,0,0,0,0,0,0,0,0,0,0,0,0,0,0,0,0,0,0,0,0,0,0,0,0,1,0,0,0,0,0,0,0,0,0
prog_000411_dfs,35,2,2,1,2,0,5,1846,1207,42,170,214,5,421,43,0.11592632719393282,0.6538461538461539,0.02275189599133261,0.0027085590465872156,0.09209100758396534,3,4,O3_aggressive,Os_size,0.0188973999993322,0.0188973999993322,47660.0,1.0,1.0190725975660933,0,0,0,0,0,0,0,0,0,1,0,0,0,0,0,0,0,0,0,0,0,0,0,0,0,0,0,0,0,0,0,0,0,0,0,0,0,0,0,0
prog_000412_bst,42,4,3,1,5,6,7,273,164,20,24,33,5,49,21,0.12087912087912088,0.6007326007326007,0.07326007326007326,0.018315018315018316,0.08791208791208792,3,4,O3_aggressive,Os_size,0.0177910000002157,0.0177910000002157,45259.0,1.0,1.2736472303851167,0,0,0,0,1,0,0,0,0,0,0,0,0,0,0,0,0,0,0,0,0,0,0,0,0,0,0,0,0,0,0,0,0,0,0,0,0,0,0,0
prog_000413_heap_sort,35,3,3,1,3,2,5,802,517,26,72,91,5,191,27,0.11346633416458853,0.6446384039900249,0.032418952618453865,0.006234413965087282,0.08977556109725686,19,4,full_aggressive,Os_size,0.019709000000148,0.018296399999599,46818.0,1.0772064450154109,1.0148447178435644,0,0,0,0,0,0,0,0,0,0,0,0,0,0,0,0,1,0,0,0,0,0,0,0,0,0,0,0,0,0,0,0,0,0,0,0,0,0,0,0
prog_000414_selection_sort,32,2,3,1,1,1,3,167,96,9,16,27,5,29,10,0.16167664670658682,0.5748502994011976,0.05389221556886228,0.029940119760479042,0.09580838323353294,10,4,O3_combine,Os_size,0.0187198999992688,0.016496600001119,45032.0,1.134773225876786,1.002154023805294,0,0,0,0,0,0,0,0,0,0,0,0,0,0,0,0,0,0,0,0,0,0,0,0,0,0,0,0,0,0,0,0,1,0,0,0,0,0,0,0
prog_000415_vector_ops,25,1,2,1,0,1,3,711,433,17,77,77,32,175,18,0.10829817158931083,0.6090014064697609,0.02390998593530239,0.0450070323488045,0.10829817158931083,10,4,O3_combine,Os_size,0.0241538999998738,0.0225658999988809,46954.0,1.0703716670317451,1.0026408825659157,0,0,0,0,0,0,0,0,0,0,0,0,0,0,0,0,0,0,0,0,0,0,0,0,0,0,0,0,0,0,0,0,0,0,0,0,0,0,0,1
prog_000416_binary_search,35,2,3,1,3,3,3,694,443,21,63,84,5,180,22,0.12103746397694524,0.638328530259366,0.03025936599423631,0.007204610951008645,0.09077809798270893,5,4,O2_unroll_vec,Os_size,0.0428482000006624,0.0358350000005884,46288.0,1.1957081065985444,1.0150146906325614,0,0,0,1,0,0,0,0,0,0,0,0,0,0,0,0,0,0,0,0,0,0,0,0,0,0,0,0,0,0,0,0,0,0,0,0,0,0,0,0
prog_000417_bfs,38,2,3,1,2,0,6,3446,2307,73,324,386,5,738,74,0.11201392919326755,0.6694718514219384,0.02118398142774231,0.0014509576320371445,0.09402205455600697,10,2,O3_combine,O2_standard,0.0192678999992494,0.0173654999998689,50492.0,1.1095505455872197,1.0202804404658163,0,0,1,0,0,0,0,0,0,0,0,0,0,0,0,0,0,0,0,0,0,0,0,0,0,0,0,0,0,0,0,0,0,0,0,0,0,0,0,0
prog_000418_lcs,33,2,4,2,0,0,5,1798,1196,41,188,190,5,449,42,0.10567296996662959,0.6651835372636262,0.022803114571746386,0.0027808676307007787,0.10456062291434928,2,2,O2_standard,O2_standard,0.0184264999988954,0.0172370000000228,48531.0,1.0690085281006572,1.001772063217325,0,0,0,0,0,0,0,0,0,0,0,0,0,0,0,0,0,0,0,0,1,0,0,0,0,0,0,0,0,0,0,0,0,0,0,0,0,0,0,0
prog_000419_hash_table,30,4,3,1,1,5,7,223,131,10,21,37,5,41,11,0.16591928251121077,0.5874439461883408,0.04484304932735426,0.02242152466367713,0.09417040358744394,5,4,O2_unroll_vec,Os_size,0.0191517000002932,0.0170400999995763,45229.0,1.1239194606116987,1.0134648123991246,0,0,0,0,0,0,0,0,0,0,0,0,0,0,0,1,0,0,0,0,0,0,0,0,0,0,0,0,0,0,0,0,0,0,0,0,0,0,0,0
prog_000420_queue,34,3,1,1,4,1,4,272,168,14,23,34,5,53,15,0.125,0.6176470588235294,0.051470588235294115,0.01838235294117647,0.08455882352941177,10,4,O3_combine,Os_size,0.0173888000008446,0.0171501000004354,46224.0,1.0139182862142577,1.01317497403946,0,0,0,0,0,0,0,0,0,0,0,0,0,0,0,0,0,0,0,0,0,0,0,0,0,0,0,1,0,0,0,0,0,0,0,0,0,0,0,0
