program,seq_id,seq_name,flags,exec_time_s,binary_size_bytes
prog_000001_queue,0,O0_baseline,-O0,0.019831600000543403,47861
prog_000001_queue,2,O2_standard,-O2,0.02242399999886402,46833
prog_000001_queue,3,O3_aggressive,-O3,0.02170480000131647,46833
prog_000001_queue,4,Os_size,-Os,0.021154899999601184,46224
prog_000001_queue,5,O2_unroll_vec,-O2 -funroll-loops -ftree-vectorize,0.020869199999651755,47345
prog_000001_queue,10,O3_combine,-O3 -funroll-loops -finline-functions -ftree-vectorize,0.02038200000060897,47345
prog_000001_queue,13,O2_fast_math,-O2 -ffast-math,0.02117809999981546,50547
prog_000001_queue,19,full_aggressive,-O3 -ffast-math -funroll-loops -finline-functions -ftree-vectorize,0.021428000000014435,51059
prog_000002_dfs,0,O0_baseline,-O0,0.01973069999985455,81376
prog_000002_dfs,2,O2_standard,-O2,0.019013900000572903,48057
prog_000002_dfs,3,O3_aggressive,-O3,0.018081500000334927,48569
prog_000002_dfs,4,Os_size,-Os,0.021798900001158472,47660
prog_000002_dfs,5,O2_unroll_vec,-O2 -funroll-loops -ftree-vectorize,0.020796799999516224,48569
prog_000002_dfs,10,O3_combine,-O3 -funroll-loops -finline-functions -ftree-vectorize,0.02002809999976307,49593
prog_000002_dfs,13,O2_fast_math,-O2 -ffast-math,0.021382299999459065,51771
prog_000002_dfs,19,full_aggressive,-O3 -ffast-math -funroll-loops -finline-functions -ftree-vectorize,0.019109999999272986,53307
prog_000003_bst,0,O0_baseline,-O0,0.026242100000672508,46201
prog_000003_bst,2,O2_standard,-O2,0.021962999999232125,45868
prog_000003_bst,3,O3_aggressive,-O3,0.028739200000927667,57644
prog_000003_bst,4,Os_size,-Os,0.02768619999915245,45259
prog_000003_bst,5,O2_unroll_vec,-O2 -funroll-loops -ftree-vectorize,0.027079299999968498,45868
prog_000003_bst,10,O3_combine,-O3 -funroll-loops -finline-functions -ftree-vectorize,0.023496399999203277,57644
prog_000003_bst,13,O2_fast_math,-O2 -ffast-math,0.025538500000038766,49582
prog_000003_bst,19,full_aggressive,-O3 -ffast-math -funroll-loops -finline-functions -ftree-vectorize,0.021672800001397263,61358
prog_000004_convex_hull,0,O0_baseline,-O0,0.02596550000089337,90733
prog_000004_convex_hull,2,O2_standard,-O2,0.025835899999947287,52123
prog_000004_convex_hull,3,O3_aggressive,-O3,0.02339130000109435,51942
prog_000004_convex_hull,4,Os_size,-Os,0.02122589999999036,51582
prog_000004_convex_hull,5,O2_unroll_vec,-O2 -funroll-loops -ftree-vectorize,0.021193799999309704,54683
prog_000004_convex_hull,10,O3_combine,-O3 -funroll-loops -finline-functions -ftree-vectorize,0.021865899998374516,53990
prog_000004_convex_hull,13,O2_fast_math,-O2 -ffast-math,0.021536700000069686,56349
prog_000004_convex_hull,19,full_aggressive,-O3 -ffast-math -funroll-loops -finline-functions -ftree-vectorize,0.02039179999883345,58728
prog_000006_trie,0,O0_baseline,-O0,0.02756269999918004,54618
prog_000006_trie,2,O2_standard,-O2,0.02474159999837866,47182
prog_000006_trie,3,O3_aggressive,-O3,0.025492099999610218,47182
prog_000006_trie,4,Os_size,-Os,0.024596999999630498,47215
prog_000006_trie,5,O2_unroll_vec,-O2 -funroll-loops -ftree-vectorize,0.026535799999692244,48718
prog_000006_trie,10,O3_combine,-O3 -funroll-loops -finline-functions -ftree-vectorize,0.03077850000045146,49230
prog_000006_trie,13,O2_fast_math,-O2 -ffast-math,0.026608999998643412,50896
prog_000006_trie,19,full_aggressive,-O3 -ffast-math -funroll-loops -finline-functions -ftree-vectorize,0.024703300001419848,53456
prog_000005_topo_sort,0,O0_baseline,-O0,0.020226000000548083,95247
prog_000005_topo_sort,2,O2_standard,-O2,0.016431100000772858,50289
prog_000005_topo_sort,3,O3_aggressive,-O3,0.01975730000049225,50259
prog_000005_topo_sort,4,Os_size,-Os,0.01869079999960377,50797
prog_000005_topo_sort,5,O2_unroll_vec,-O2 -funroll-loops -ftree-vectorize,0.01963430000068911,52337
prog_000005_topo_sort,10,O3_combine,-O3 -funroll-loops -finline-functions -ftree-vectorize,0.01820640000005369,54355
prog_000005_topo_sort,13,O2_fast_math,-O2 -ffast-math,0.0191475999999966,54515
prog_000005_topo_sort,19,full_aggressive,-O3 -ffast-math -funroll-loops -finline-functions -ftree-vectorize,0.018166500000006636,58581
prog_000008_vector_ops,0,O0_baseline,-O0,0.030537699998603784,57793
prog_000008_vector_ops,2,O2_standard,-O2,0.028526999998575775,46908
prog_000008_vector_ops,3,O3_aggressive,-O3,0.028673900000285357,46994
prog_000008_vector_ops,4,Os_size,-Os,0.02943539999978384,46870
prog_000008_vector_ops,5,O2_unroll_vec,-O2 -funroll-loops -ftree-vectorize,0.026252700001350604,46908
prog_000008_vector_ops,10,O3_combine,-O3 -funroll-loops -finline-functions -ftree-vectorize,0.028188699998281663,46994
prog_000008_vector_ops,13,O2_fast_math,-O2 -ffast-math,0.021299800000633695,50622
prog_000008_vector_ops,19,full_aggressive,-O3 -ffast-math -funroll-loops -finline-functions -ftree-vectorize,0.02267810000012105,50708
prog_000007_edit_distance,0,O0_baseline,-O0,0.07262420000006387,87474
prog_000007_edit_distance,2,O2_standard,-O2,0.029775299999528215,48551
prog_000007_edit_distance,3,O3_aggressive,-O3,0.029083800000080373,49149
prog_000007_edit_distance,4,Os_size,-Os,0.033036900000297464,49505
prog_000007_edit_distance,5,O2_unroll_vec,-O2 -funroll-loops -ftree-vectorize,0.0318381999986741,51111
prog_000007_edit_distance,10,O3_combine,-O3 -funroll-loops -finline-functions -ftree-vectorize,0.030520599999363185,51709
prog_000007_edit_distance,13,O2_fast_math,-O2 -ffast-math,0.026492499999221764,52777
prog_000007_edit_distance,19,full_aggressive,-O3 -ffast-math -funroll-loops -finline-functions -ftree-vectorize,0.028285299998970004,55423
prog_000010_kmp,0,O0_baseline,-O0,0.023460699998395285,63096
prog_000010_kmp,2,O2_standard,-O2,0.02023410000037984,47481
prog_000010_kmp,3,O3_aggressive,-O3,0.01915519999965909,47567
prog_000010_kmp,4,Os_size,-Os,0.02300930000092194,47672
prog_000010_kmp,5,O2_unroll_vec,-O2 -funroll-loops -ftree-vectorize,0.020767199999681907,48505
prog_000010_kmp,10,O3_combine,-O3 -funroll-loops -finline-functions -ftree-vectorize,0.022436599998400197,48079
prog_000010_kmp,13,O2_fast_math,-O2 -ffast-math,0.02170230000047013,51707
prog_000010_kmp,19,full_aggressive,-O3 -ffast-math -funroll-loops -finline-functions -ftree-vectorize,0.019000899999809917,52305
prog_000011_queue,0,O0_baseline,-O0,0.02236780000021099,47861
prog_000011_queue,2,O2_standard,-O2,0.022059200000512647,46833
prog_000011_queue,3,O3_aggressive,-O3,0.021355599999878905,46833
prog_000011_queue,4,Os_size,-Os,0.02087059999939811,46224
prog_000011_queue,5,O2_unroll_vec,-O2 -funroll-loops -ftree-vectorize,0.02252529999896069,47345
prog_000011_queue,10,O3_combine,-O3 -funroll-loops -finline-functions -ftree-vectorize,0.02262950000113051,47345
prog_000011_queue,13,O2_fast_math,-O2 -ffast-math,0.021689100000003236,50547
prog_000011_queue,19,full_aggressive,-O3 -ffast-math -funroll-loops -finline-functions -ftree-vectorize,0.0228860999995959,51059
prog_000009_bubble_sort,0,O0_baseline,-O0,0.2590366999993421,45810
prog_000009_bubble_sort,2,O2_standard,-O2,0.09697530000084953,45120
prog_000009_bubble_sort,3,O3_aggressive,-O3,0.11106110000037006,45120
prog_000009_bubble_sort,4,Os_size,-Os,0.1235593000001245,45023
prog_000009_bubble_sort,5,O2_unroll_vec,-O2 -funroll-loops -ftree-vectorize,0.09198770000148215,45632
prog_000009_bubble_sort,10,O3_combine,-O3 -funroll-loops -finline-functions -ftree-vectorize,0.1098667000005662,45632
prog_000009_bubble_sort,13,O2_fast_math,-O2 -ffast-math,0.09544210000058229,49346
prog_000009_bubble_sort,19,full_aggressive,-O3 -ffast-math -funroll-loops -finline-functions -ftree-vectorize,0.10750509999888891,49858
prog_000012_convex_hull,0,O0_baseline,-O0,0.025198299999829032,90733
prog_000012_convex_hull,2,O2_standard,-O2,0.022473099999842816,52123
prog_000012_convex_hull,3,O3_aggressive,-O3,0.02154539999901317,51942
prog_000012_convex_hull,4,Os_size,-Os,0.02350740000110818,51582
prog_000012_convex_hull,5,O2_unroll_vec,-O2 -funroll-loops -ftree-vectorize,0.0209815999987768,54683
prog_000012_convex_hull,10,O3_combine,-O3 -funroll-loops -finline-functions -ftree-vectorize,0.019575100001020473,54502
prog_000012_convex_hull,13,O2_fast_math,-O2 -ffast-math,0.021256599999105674,56349
prog_000012_convex_hull,19,full_aggressive,-O3 -ffast-math -funroll-loops -finline-functions -ftree-vectorize,0.02432070000031672,58728
prog_000014_heap_sort,0,O0_baseline,-O0,0.019110299999738345,59542
prog_000014_heap_sort,2,O2_standard,-O2,0.020021799999085488,46915
prog_000014_heap_sort,3,O3_aggressive,-O3,0.019117700001515914,46915
prog_000014_heap_sort,4,Os_size,-Os,0.01804489999994985,46818
prog_000014_heap_sort,5,O2_unroll_vec,-O2 -funroll-loops -ftree-vectorize,0.017762399998900946,47939
prog_000014_heap_sort,10,O3_combine,-O3 -funroll-loops -finline-functions -ftree-vectorize,0.017805999999836786,47427
prog_000014_heap_sort,13,O2_fast_math,-O2 -ffast-math,0.01749989999916579,50629
prog_000014_heap_sort,19,full_aggressive,-O3 -ffast-math -funroll-loops -finline-functions -ftree-vectorize,0.018667899999854853,51141
prog_000015_vector_ops,0,O0_baseline,-O0,0.024787000000287662,58708
prog_000015_vector_ops,2,O2_standard,-O2,0.024433399999907124,47171
prog_000015_vector_ops,3,O3_aggressive,-O3,0.024892999999792664,47257
prog_000015_vector_ops,4,Os_size,-Os,0.025937399999747868,47133
prog_000015_vector_ops,5,O2_unroll_vec,-O2 -funroll-loops -ftree-vectorize,0.027496900000187452,47171
prog_000015_vector_ops,10,O3_combine,-O3 -funroll-loops -finline-functions -ftree-vectorize,0.024350800000320305,47257
prog_000015_vector_ops,13,O2_fast_math,-O2 -ffast-math,0.02510230000007141,50622
prog_000015_vector_ops,19,full_aggressive,-O3 -ffast-math -funroll-loops -finline-functions -ftree-vectorize,0.02488439999979164,50708
prog_000013_priority_queue,0,O0_baseline,-O0,0.3439531000003626,79104
prog_000013_priority_queue,2,O2_standard,-O2,0.054971999999906984,47874
prog_000013_priority_queue,3,O3_aggressive,-O3,0.05219709999983024,47716
prog_000013_priority_queue,4,Os_size,-Os,0.06186089999937394,47265
prog_000013_priority_queue,5,O2_unroll_vec,-O2 -funroll-loops -ftree-vectorize,0.05337630000030913,47874
prog_000013_priority_queue,10,O3_combine,-O3 -funroll-loops -finline-functions -ftree-vectorize,0.05241099999875587,47716
prog_000013_priority_queue,13,O2_fast_math,-O2 -ffast-math,0.05114359999970475,51588
prog_000013_priority_queue,19,full_aggressive,-O3 -ffast-math -funroll-loops -finline-functions -ftree-vectorize,0.05805059999875084,51430
prog_000016_knapsack,0,O0_baseline,-O0,0.027755000000979635,80027
prog_000016_knapsack,2,O2_standard,-O2,0.020368400000734255,48152
prog_000016_knapsack,3,O3_aggressive,-O3,0.02104739999958838,48238
prog_000016_knapsack,4,Os_size,-Os,0.02512169999863545,48306
prog_000016_knapsack,5,O2_unroll_vec,-O2 -funroll-loops -ftree-vectorize,0.022062500000174623,49688
prog_000016_knapsack,10,O3_combine,-O3 -funroll-loops -finline-functions -ftree-vectorize,0.02349809999941499,50286
prog_000016_knapsack,13,O2_fast_math,-O2 -ffast-math,0.021270100000037928,51866
prog_000016_knapsack,19,full_aggressive,-O3 -ffast-math -funroll-loops -finline-functions -ftree-vectorize,0.01922520000152872,54512
prog_000017_union_find,0,O0_baseline,-O0,0.043730699999287026,65328
prog_000017_union_find,2,O2_standard,-O2,0.02791609999985667,47990
prog_000017_union_find,3,O3_aggressive,-O3,0.03384920000098646,48076
prog_000017_union_find,4,Os_size,-Os,0.030000400000062655,47388
prog_000017_union_find,5,O2_unroll_vec,-O2 -funroll-loops -ftree-vectorize,0.03424530000120285,48502
prog_000017_union_find,10,O3_combine,-O3 -funroll-loops -finline-functions -ftree-vectorize,0.029270199998791213,48588
prog_000017_union_find,13,O2_fast_math,-O2 -ffast-math,0.03279180000026827,52216
prog_000017_union_find,19,full_aggressive,-O3 -ffast-math -funroll-loops -finline-functions -ftree-vectorize,0.03276139999979932,52302
prog_000019_stack,0,O0_baseline,-O0,0.020477400001254864,48001
prog_000019_stack,2,O2_standard,-O2,0.0216588999992382,46321
prog_000019_stack,3,O3_aggressive,-O3,0.017771500000890228,46321
prog_000019_stack,4,Os_size,-Os,0.01878469999974186,46224
prog_000019_stack,5,O2_unroll_vec,-O2 -funroll-loops -ftree-vectorize,0.020112500000323053,46833
prog_000019_stack,10,O3_combine,-O3 -funroll-loops -finline-functions -ftree-vectorize,0.020893700000669924,46833
prog_000019_stack,13,O2_fast_math,-O2 -ffast-math,0.020251599999028258,50547
prog_000019_stack,19,full_aggressive,-O3 -ffast-math -funroll-loops -finline-functions -ftree-vectorize,0.020516100001259474,50547
prog_000018_avl_tree,0,O0_baseline,-O0,0.02065480000055686,46964
prog_000018_avl_tree,2,O2_standard,-O2,0.020484799999394454,46470
prog_000018_avl_tree,3,O3_aggressive,-O3,0.019308400000227266,51117
prog_000018_avl_tree,4,Os_size,-Os,0.01836899999943853,45861
prog_000018_avl_tree,5,O2_unroll_vec,-O2 -funroll-loops -ftree-vectorize,0.018785399999615038,46470
prog_000018_avl_tree,10,O3_combine,-O3 -funroll-loops -finline-functions -ftree-vectorize,0.018076800000926596,51117
prog_000018_avl_tree,13,O2_fast_math,-O2 -ffast-math,0.02035249999971711,50184
prog_000018_avl_tree,19,full_aggressive,-O3 -ffast-math -funroll-loops -finline-functions -ftree-vectorize,0.019155399999363,55343
prog_000020_avl_tree,0,O0_baseline,-O0,0.030908200000340003,46964
prog_000020_avl_tree,2,O2_standard,-O2,0.023094999998647836,46470
prog_000020_avl_tree,3,O3_aggressive,-O3,0.024312600000484963,51117
prog_000020_avl_tree,4,Os_size,-Os,0.020968900000298163,45861
prog_000020_avl_tree,5,O2_unroll_vec,-O2 -funroll-loops -ftree-vectorize,0.021677300001101685,46470
prog_000020_avl_tree,10,O3_combine,-O3 -funroll-loops -finline-functions -ftree-vectorize,0.02166899999974703,51117
prog_000020_avl_tree,13,O2_fast_math,-O2 -ffast-math,0.020658000001276378,50184
prog_000020_avl_tree,19,full_aggressive,-O3 -ffast-math -funroll-loops -finline-functions -ftree-vectorize,0.022819300000264775,55343
prog_000021_lis,0,O0_baseline,-O0,0.018140500000299653,78164
prog_000021_lis,2,O2_standard,-O2,0.019763500000408385,47227
prog_000021_lis,3,O3_aggressive,-O3,0.018266299999595503,47227
prog_000021_lis,4,Os_size,-Os,0.02074489999904472,47189
prog_000021_lis,5,O2_unroll_vec,-O2 -funroll-loops -ftree-vectorize,0.021383999999670777,47739
prog_000021_lis,10,O3_combine,-O3 -funroll-loops -finline-functions -ftree-vectorize,0.017646599999352475,47739
prog_000021_lis,13,O2_fast_math,-O2 -ffast-math,0.020230800000717863,51453
prog_000021_lis,19,full_aggressive,-O3 -ffast-math -funroll-loops -finline-functions -ftree-vectorize,0.020255299999917042,51453
prog_000022_union_find,0,O0_baseline,-O0,0.02180910000060976,65328
prog_000022_union_find,2,O2_standard,-O2,0.02192509999986214,47990
prog_000022_union_find,3,O3_aggressive,-O3,0.024145800000042072,48076
prog_000022_union_find,4,Os_size,-Os,0.02271149999978661,47388
prog_000022_union_find,5,O2_unroll_vec,-O2 -funroll-loops -ftree-vectorize,0.020438399998965906,48502
prog_000022_union_find,10,O3_combine,-O3 -funroll-loops -finline-functions -ftree-vectorize,0.02125049999995099,48588
prog_000022_union_find,13,O2_fast_math,-O2 -ffast-math,0.019981600000392064,52216
prog_000022_union_find,19,full_aggressive,-O3 -ffast-math -funroll-loops -finline-functions -ftree-vectorize,0.020880699999906938,52302
prog_000023_priority_queue,0,O0_baseline,-O0,0.027651500000501983,79104
prog_000023_priority_queue,2,O2_standard,-O2,0.01700170000003709,47874
prog_000023_priority_queue,3,O3_aggressive,-O3,0.0214654999999766,47716
prog_000023_priority_queue,4,Os_size,-Os,0.021676599999409518,47265
prog_000023_priority_queue,5,O2_unroll_vec,-O2 -funroll-loops -ftree-vectorize,0.02160809999986668,47874
prog_000023_priority_queue,10,O3_combine,-O3 -funroll-loops -finline-functions -ftree-vectorize,0.020184700000754674,47716
prog_000023_priority_queue,13,O2_fast_math,-O2 -ffast-math,0.019243200000346405,51588
prog_000023_priority_queue,19,full_aggressive,-O3 -ffast-math -funroll-loops -finline-functions -ftree-vectorize,0.020547400001305505,51430
prog_000024_quick_sort,0,O0_baseline,-O0,0.024720899999010726,59513
prog_000024_quick_sort,2,O2_standard,-O2,0.02290279999942868,46886
prog_000024_quick_sort,3,O3_aggressive,-O3,0.02278920000026119,48508
prog_000024_quick_sort,4,Os_size,-Os,0.021067599998787045,46277
prog_000024_quick_sort,5,O2_unroll_vec,-O2 -funroll-loops -ftree-vectorize,0.02074209999955201,47398
prog_000024_quick_sort,10,O3_combine,-O3 -funroll-loops -finline-functions -ftree-vectorize,0.02258319999964442,52092
prog_000024_quick_sort,13,O2_fast_math,-O2 -ffast-math,0.023378600000796723,50600
prog_000024_quick_sort,19,full_aggressive,-O3 -ffast-math -funroll-loops -finline-functions -ftree-vectorize,0.02491370000097959,55806
prog_000025_stack,0,O0_baseline,-O0,0.01863270000103512,48001
prog_000025_stack,2,O2_standard,-O2,0.018684999999095453,46321
prog_000025_stack,3,O3_aggressive,-O3,0.020020299998577684,46321
prog_000025_stack,4,Os_size,-Os,0.019230800000514137,46224
prog_000025_stack,5,O2_unroll_vec,-O2 -funroll-loops -ftree-vectorize,0.019207299999834504,46833
prog_000025_stack,10,O3_combine,-O3 -funroll-loops -finline-functions -ftree-vectorize,0.0186349000014161,46833
prog_000025_stack,13,O2_fast_math,-O2 -ffast-math,0.021483499998794287,50547
prog_000025_stack,19,full_aggressive,-O3 -ffast-math -funroll-loops -finline-functions -ftree-vectorize,0.018430899999657413,50547
prog_000026_matrix_mult,0,O0_baseline,-O0,0.03055339999991702,45859
prog_000026_matrix_mult,2,O2_standard,-O2,0.024804099999528262,45663
prog_000026_matrix_mult,3,O3_aggressive,-O3,0.023237100000187638,45663
prog_000026_matrix_mult,4,Os_size,-Os,0.02478789999986475,45054
prog_000026_matrix_mult,5,O2_unroll_vec,-O2 -funroll-loops -ftree-vectorize,0.02175349999924947,46175
prog_000026_matrix_mult,10,O3_combine,-O3 -funroll-loops -finline-functions -ftree-vectorize,0.02378320000025269,46175
prog_000026_matrix_mult,13,O2_fast_math,-O2 -ffast-math,0.0249643000006472,49377
prog_000026_matrix_mult,19,full_aggressive,-O3 -ffast-math -funroll-loops -finline-functions -ftree-vectorize,0.024243800000476767,49889
prog_000027_selection_sort,0,O0_baseline,-O0,0.01998760000060429,45819
prog_000027_selection_sort,2,O2_standard,-O2,0.019069699999818113,45641
prog_000027_selection_sort,3,O3_aggressive,-O3,0.019300699999803328,45641
prog_000027_selection_sort,4,Os_size,-Os,0.017248500000278,45032
prog_000027_selection_sort,5,O2_unroll_vec,-O2 -funroll-loops -ftree-vectorize,0.022132799998871633,46153
prog_000027_selection_sort,10,O3_combine,-O3 -funroll-loops -finline-functions -ftree-vectorize,0.01835419999952137,46153
prog_000027_selection_sort,13,O2_fast_math,-O2 -ffast-math,0.018183999998655054,49355
prog_000027_selection_sort,19,full_aggressive,-O3 -ffast-math -funroll-loops -finline-functions -ftree-vectorize,0.019768000000112806,49867
prog_000028_coin_change,0,O0_baseline,-O0,0.03749500000049011,57861
prog_000028_coin_change,2,O2_standard,-O2,0.02542189999985567,46663
prog_000028_coin_change,3,O3_aggressive,-O3,0.022357499999998254,47687
prog_000028_coin_change,4,Os_size,-Os,0.0224913000001834,46054
prog_000028_coin_change,5,O2_unroll_vec,-O2 -funroll-loops -ftree-vectorize,0.021338799999284674,48199
prog_000028_coin_change,10,O3_combine,-O3 -funroll-loops -finline-functions -ftree-vectorize,0.022833500001070206,49223
prog_000028_coin_change,13,O2_fast_math,-O2 -ffast-math,0.02106360000107088,50377
prog_000028_coin_change,19,full_aggressive,-O3 -ffast-math -funroll-loops -finline-functions -ftree-vectorize,0.02034800000001269,52937
prog_000029_bellman_ford,0,O0_baseline,-O0,0.019127199999275035,60787
prog_000029_bellman_ford,2,O2_standard,-O2,0.02152840000053402,46465
prog_000029_bellman_ford,3,O3_aggressive,-O3,0.021242599999823142,46465
prog_000029_bellman_ford,4,Os_size,-Os,0.019514200001140125,45856
prog_000029_bellman_ford,5,O2_unroll_vec,-O2 -funroll-loops -ftree-vectorize,0.018434499999784748,46977
prog_000029_bellman_ford,10,O3_combine,-O3 -funroll-loops -finline-functions -ftree-vectorize,0.01914070000020729,46977
prog_000029_bellman_ford,13,O2_fast_math,-O2 -ffast-math,0.020411499999681837,50179
prog_000029_bellman_ford,19,full_aggressive,-O3 -ffast-math -funroll-loops -finline-functions -ftree-vectorize,0.01972810000006575,50691
prog_000030_lis,0,O0_baseline,-O0,0.02464980000149808,78164
prog_000030_lis,2,O2_standard,-O2,0.023027499999443535,47227
prog_000030_lis,3,O3_aggressive,-O3,0.020349000000351225,47313
prog_000030_lis,4,Os_size,-Os,0.020227999999406165,47189
prog_000030_lis,5,O2_unroll_vec,-O2 -funroll-loops -ftree-vectorize,0.020189000000755186,47739
prog_000030_lis,10,O3_combine,-O3 -funroll-loops -finline-functions -ftree-vectorize,0.019398399999772664,47825
prog_000030_lis,13,O2_fast_math,-O2 -ffast-math,0.02246739999827696,51453
prog_000030_lis,19,full_aggressive,-O3 -ffast-math -funroll-loops -finline-functions -ftree-vectorize,0.020307299999331008,51539
prog_000031_lis,0,O0_baseline,-O0,0.023451099999874714,78164
prog_000031_lis,2,O2_standard,-O2,0.02144640000005893,47227
prog_000031_lis,3,O3_aggressive,-O3,0.019188200001735822,47313
prog_000031_lis,4,Os_size,-Os,0.01980829999956768,47189
prog_000031_lis,5,O2_unroll_vec,-O2 -funroll-loops -ftree-vectorize,0.019892299998900853,47739
prog_000031_lis,10,O3_combine,-O3 -funroll-loops -finline-functions -ftree-vectorize,0.020665399999415968,47825
prog_000031_lis,13,O2_fast_math,-O2 -ffast-math,0.018626299999596085,51453
prog_000031_lis,19,full_aggressive,-O3 -ffast-math -funroll-loops -finline-functions -ftree-vectorize,0.019840899998598616,51539
prog_000032_matrix_mult,0,O0_baseline,-O0,0.07440909999968426,45859
prog_000032_matrix_mult,2,O2_standard,-O2,0.04473329999927955,45151
prog_000032_matrix_mult,3,O3_aggressive,-O3,0.03920309999921301,45151
prog_000032_matrix_mult,4,Os_size,-Os,0.04244519999883778,45054
prog_000032_matrix_mult,5,O2_unroll_vec,-O2 -funroll-loops -ftree-vectorize,0.039528299999801675,45663
prog_000032_matrix_mult,10,O3_combine,-O3 -funroll-loops -finline-functions -ftree-vectorize,0.04479220000030182,45663
prog_000032_matrix_mult,13,O2_fast_math,-O2 -ffast-math,0.038190100000065286,49377
prog_000032_matrix_mult,19,full_aggressive,-O3 -ffast-math -funroll-loops -finline-functions -ftree-vectorize,0.039397799999278504,49889
prog_000033_sieve,0,O0_baseline,-O0,0.36023539999951026,61329
prog_000033_sieve,2,O2_standard,-O2,0.030248900000515277,46353
prog_000033_sieve,3,O3_aggressive,-O3,0.034214700001029996,47623
prog_000033_sieve,4,Os_size,-Os,0.056375399999524234,47113
prog_000033_sieve,5,O2_unroll_vec,-O2 -funroll-loops -ftree-vectorize,0.04301049999958195,46353
prog_000033_sieve,10,O3_combine,-O3 -funroll-loops -finline-functions -ftree-vectorize,0.03805869999996503,47623
prog_000033_sieve,13,O2_fast_math,-O2 -ffast-math,0.032446600000184844,50067
prog_000033_sieve,19,full_aggressive,-O3 -ffast-math -funroll-loops -finline-functions -ftree-vectorize,0.03712939999968512,51849
prog_000034_bfs,0,O0_baseline,-O0,0.018589300001622178,108668
prog_000034_bfs,2,O2_standard,-O2,0.0202729000011459,50492
prog_000034_bfs,3,O3_aggressive,-O3,0.020767200001500896,51516
prog_000034_bfs,4,Os_size,-Os,0.019753599999603466,51724
prog_000034_bfs,5,O2_unroll_vec,-O2 -funroll-loops -ftree-vectorize,0.021165199999813922,53564
prog_000034_bfs,10,O3_combine,-O3 -funroll-loops -finline-functions -ftree-vectorize,0.020521399999779533,53564
prog_000034_bfs,13,O2_fast_math,-O2 -ffast-math,0.018553100000644918,55230
prog_000034_bfs,19,full_aggressive,-O3 -ffast-math -funroll-loops -finline-functions -ftree-vectorize,0.02149019999887969,57278
prog_000035_topo_sort,0,O0_baseline,-O0,0.019647499999337015,95247
prog_000035_topo_sort,2,O2_standard,-O2,0.02060630000050878,50289
prog_000035_topo_sort,3,O3_aggressive,-O3,0.019679099999848404,50259
prog_000035_topo_sort,4,Os_size,-Os,0.018110299999534618,50797
prog_000035_topo_sort,5,O2_unroll_vec,-O2 -funroll-loops -ftree-vectorize,0.0207447000011598,52337
prog_000035_topo_sort,10,O3_combine,-O3 -funroll-loops -finline-functions -ftree-vectorize,0.020779599999514176,54355
prog_000035_topo_sort,13,O2_fast_math,-O2 -ffast-math,0.02035710000018298,54515
prog_000035_topo_sort,19,full_aggressive,-O3 -ffast-math -funroll-loops -finline-functions -ftree-vectorize,0.018991300001289346,58581
prog_000036_dijkstra,0,O0_baseline,-O0,0.021215700000539073,125293
prog_000036_dijkstra,2,O2_standard,-O2,0.019863399998939713,51481
prog_000036_dijkstra,3,O3_aggressive,-O3,0.019962500000474392,50131
prog_000036_dijkstra,4,Os_size,-Os,0.0200431999983266,50401
prog_000036_dijkstra,5,O2_unroll_vec,-O2 -funroll-loops -ftree-vectorize,0.021994299999278155,53017
prog_000036_dijkstra,10,O3_combine,-O3 -funroll-loops -finline-functions -ftree-vectorize,0.01873379999960889,52179
prog_000036_dijkstra,13,O2_fast_math,-O2 -ffast-math,0.022889199999553966,55195
prog_000036_dijkstra,19,full_aggressive,-O3 -ffast-math -funroll-loops -finline-functions -ftree-vectorize,0.021624599999995553,55893
prog_000038_counting_sort,0,O0_baseline,-O0,0.021614000001136446,60615
prog_000038_counting_sort,2,O2_standard,-O2,0.018996000000697677,47099
prog_000038_counting_sort,3,O3_aggressive,-O3,0.020860000000539003,47185
prog_000038_counting_sort,4,Os_size,-Os,0.019644799998786766,47372
prog_000038_counting_sort,5,O2_unroll_vec,-O2 -funroll-loops -ftree-vectorize,0.018674500000997796,48635
prog_000038_counting_sort,10,O3_combine,-O3 -funroll-loops -finline-functions -ftree-vectorize,0.019213999999919906,48209
prog_000038_counting_sort,13,O2_fast_math,-O2 -ffast-math,0.018420899999910034,50813
prog_000038_counting_sort,19,full_aggressive,-O3 -ffast-math -funroll-loops -finline-functions -ftree-vectorize,0.0204570000005333,51923
prog_000039_avl_tree,0,O0_baseline,-O0,0.024362400001336937,46964
prog_000039_avl_tree,2,O2_standard,-O2,0.020356799999717623,46470
prog_000039_avl_tree,3,O3_aggressive,-O3,0.023091000000931672,51117
prog_000039_avl_tree,4,Os_size,-Os,0.02090180000050168,45861
prog_000039_avl_tree,5,O2_unroll_vec,-O2 -funroll-loops -ftree-vectorize,0.02034589999857417,46470
prog_000039_avl_tree,10,O3_combine,-O3 -funroll-loops -finline-functions -ftree-vectorize,0.020189400000163005,51117
prog_000039_avl_tree,13,O2_fast_math,-O2 -ffast-math,0.0218287000006967,50184
prog_000039_avl_tree,19,full_aggressive,-O3 -ffast-math -funroll-loops -finline-functions -ftree-vectorize,0.023477500000808504,55343
prog_000037_dijkstra,0,O0_baseline,-O0,0.03119940000033239,125293
prog_000037_dijkstra,2,O2_standard,-O2,0.024408600000242586,51481
prog_000037_dijkstra,3,O3_aggressive,-O3,0.023370100001557148,50131
prog_000037_dijkstra,4,Os_size,-Os,0.023961099999723956,50401
prog_000037_dijkstra,5,O2_unroll_vec,-O2 -funroll-loops -ftree-vectorize,0.025676499999462976,53017
prog_000037_dijkstra,10,O3_combine,-O3 -funroll-loops -finline-functions -ftree-vectorize,0.020653199999287608,51667
prog_000037_dijkstra,13,O2_fast_math,-O2 -ffast-math,0.024757600000157254,55195
prog_000037_dijkstra,19,full_aggressive,-O3 -ffast-math -funroll-loops -finline-functions -ftree-vectorize,0.020380300000397256,55893
prog_000040_heap_sort,0,O0_baseline,-O0,0.019778500000029453,59542
prog_000040_heap_sort,2,O2_standard,-O2,0.01993919999949867,46915
prog_000040_heap_sort,3,O3_aggressive,-O3,0.020044099999722675,46915
prog_000040_heap_sort,4,Os_size,-Os,0.019512699998813332,46818
prog_000040_heap_sort,5,O2_unroll_vec,-O2 -funroll-loops -ftree-vectorize,0.020873899999060086,47939
prog_000040_heap_sort,10,O3_combine,-O3 -funroll-loops -finline-functions -ftree-vectorize,0.018683899999814457,47427
prog_000040_heap_sort,13,O2_fast_math,-O2 -ffast-math,0.01879929999995511,50629
prog_000040_heap_sort,19,full_aggressive,-O3 -ffast-math -funroll-loops -finline-functions -ftree-vectorize,0.02202690000012808,51141
prog_000041_floyd_warshall,0,O0_baseline,-O0,0.019919099999242462,46010
prog_000041_floyd_warshall,2,O2_standard,-O2,0.022876900000483147,45641
prog_000041_floyd_warshall,3,O3_aggressive,-O3,0.02087810000011814,45641
prog_000041_floyd_warshall,4,Os_size,-Os,0.01910690000113391,45032
prog_000041_floyd_warshall,5,O2_unroll_vec,-O2 -funroll-loops -ftree-vectorize,0.020566499999404186,46665
prog_000041_floyd_warshall,10,O3_combine,-O3 -funroll-loops -finline-functions -ftree-vectorize,0.017758300000423333,46665
prog_000041_floyd_warshall,13,O2_fast_math,-O2 -ffast-math,0.01940400000057707,49355
prog_000041_floyd_warshall,19,full_aggressive,-O3 -ffast-math -funroll-loops -finline-functions -ftree-vectorize,0.01657619999969029,50379
prog_000043_matrix_mult,0,O0_baseline,-O0,0.019663500001115608,45859
prog_000043_matrix_mult,2,O2_standard,-O2,0.019797400000243215,45151
prog_000043_matrix_mult,3,O3_aggressive,-O3,0.02078790000086883,45151
prog_000043_matrix_mult,4,Os_size,-Os,0.017645899999479298,45054
prog_000043_matrix_mult,5,O2_unroll_vec,-O2 -funroll-loops -ftree-vectorize,0.01988800000071933,46175
prog_000043_matrix_mult,10,O3_combine,-O3 -funroll-loops -finline-functions -ftree-vectorize,0.021577899999101646,46175
prog_000043_matrix_mult,13,O2_fast_math,-O2 -ffast-math,0.019327500000144937,49377
prog_000043_matrix_mult,19,full_aggressive,-O3 -ffast-math -funroll-loops -finline-functions -ftree-vectorize,0.017917099999976926,49889
prog_000042_lcs,0,O0_baseline,-O0,0.03502409999964584,84739
prog_000042_lcs,2,O2_standard,-O2,0.02482410000084201,48531
prog_000042_lcs,3,O3_aggressive,-O3,0.027321999999912805,48617
prog_000042_lcs,4,Os_size,-Os,0.02396989999942889,49485
prog_000042_lcs,5,O2_unroll_vec,-O2 -funroll-loops -ftree-vectorize,0.02249880000090343,51091
prog_000042_lcs,10,O3_combine,-O3 -funroll-loops -finline-functions -ftree-vectorize,0.0219202000007499,51689
prog_000042_lcs,13,O2_fast_math,-O2 -ffast-math,0.019467999998596497,52245
prog_000042_lcs,19,full_aggressive,-O3 -ffast-math -funroll-loops -finline-functions -ftree-vectorize,0.022949300000618678,55403
prog_000044_dfs,0,O0_baseline,-O0,0.022113499999250052,81376
prog_000044_dfs,2,O2_standard,-O2,0.02041549999921699,48057
prog_000044_dfs,3,O3_aggressive,-O3,0.019414500000493717,48569
prog_000044_dfs,4,Os_size,-Os,0.018865399999413057,47660
prog_000044_dfs,5,O2_unroll_vec,-O2 -funroll-loops -ftree-vectorize,0.02015449999998964,48569
prog_000044_dfs,10,O3_combine,-O3 -funroll-loops -finline-functions -ftree-vectorize,0.020336300000053598,49593
prog_000044_dfs,13,O2_fast_math,-O2 -ffast-math,0.02014719999897352,51771
prog_000044_dfs,19,full_aggressive,-O3 -ffast-math -funroll-loops -finline-functions -ftree-vectorize,0.020950999998603947,53307
prog_000045_selection_sort,0,O0_baseline,-O0,0.018660300000192365,45819
prog_000045_selection_sort,2,O2_standard,-O2,0.019978800000899355,45641
prog_000045_selection_sort,3,O3_aggressive,-O3,0.01801799999884679,45641
prog_000045_selection_sort,4,Os_size,-Os,0.018613500000355998,45032
prog_000045_selection_sort,5,O2_unroll_vec,-O2 -funroll-loops -ftree-vectorize,0.018894200000431738,46153
prog_000045_selection_sort,10,O3_combine,-O3 -funroll-loops -finline-functions -ftree-vectorize,0.01807329999974172,46153
prog_000045_selection_sort,13,O2_fast_math,-O2 -ffast-math,0.020522999999229796,49355
prog_000045_selection_sort,19,full_aggressive,-O3 -ffast-math -funroll-loops -finline-functions -ftree-vectorize,0.01924660000076983,49867
prog_000047_hash_table,0,O0_baseline,-O0,0.020806300000913325,46199
prog_000047_hash_table,2,O2_standard,-O2,0.02351719999933266,45838
prog_000047_hash_table,3,O3_aggressive,-O3,0.022523800000271876,45838
prog_000047_hash_table,4,Os_size,-Os,0.021190900000874535,45229
prog_000047_hash_table,5,O2_unroll_vec,-O2 -funroll-loops -ftree-vectorize,0.019871799999236828,45838
prog_000047_hash_table,10,O3_combine,-O3 -funroll-loops -finline-functions -ftree-vectorize,0.021369599999161437,45838
prog_000047_hash_table,13,O2_fast_math,-O2 -ffast-math,0.022569499999008258,49552
prog_000047_hash_table,19,full_aggressive,-O3 -ffast-math -funroll-loops -finline-functions -ftree-vectorize,0.020479599999816855,50064
prog_000046_counting_sort,0,O0_baseline,-O0,0.02407410000159871,60615
prog_000046_counting_sort,2,O2_standard,-O2,0.021370399999796064,47099
prog_000046_counting_sort,3,O3_aggressive,-O3,0.021281199999066303,47185
prog_000046_counting_sort,4,Os_size,-Os,0.020723499999803607,47372
prog_000046_counting_sort,5,O2_unroll_vec,-O2 -funroll-loops -ftree-vectorize,0.020586000000548665,48635
prog_000046_counting_sort,10,O3_combine,-O3 -funroll-loops -finline-functions -ftree-vectorize,0.02189390000057756,48209
prog_000046_counting_sort,13,O2_fast_math,-O2 -ffast-math,0.022661599999992177,50813
prog_000046_counting_sort,19,full_aggressive,-O3 -ffast-math -funroll-loops -finline-functions -ftree-vectorize,0.022645200000624754,51923
prog_000048_binary_search,0,O0_baseline,-O0,0.10998839999956544,58797
prog_000048_binary_search,2,O2_standard,-O2,0.07916649999970105,46897
prog_000048_binary_search,3,O3_aggressive,-O3,0.07782530000076804,46983
prog_000048_binary_search,4,Os_size,-Os,0.08690269999897282,46288
prog_000048_binary_search,5,O2_unroll_vec,-O2 -funroll-loops -ftree-vectorize,0.07729450000078941,46897
prog_000048_binary_search,10,O3_combine,-O3 -funroll-loops -finline-functions -ftree-vectorize,0.07762860000002547,46983
prog_000048_binary_search,13,O2_fast_math,-O2 -ffast-math,0.07715009999992617,50611
prog_000048_binary_search,19,full_aggressive,-O3 -ffast-math -funroll-loops -finline-functions -ftree-vectorize,0.07661000000007334,50697
prog_000049_dfs,0,O0_baseline,-O0,0.01985179999974207,81376
prog_000049_dfs,2,O2_standard,-O2,0.01981800000066869,48057
prog_000049_dfs,3,O3_aggressive,-O3,0.017796899999666493,48569
prog_000049_dfs,4,Os_size,-Os,0.019603499998993357,47660
prog_000049_dfs,5,O2_unroll_vec,-O2 -funroll-loops -ftree-vectorize,0.020000000000436557,48569
prog_000049_dfs,10,O3_combine,-O3 -funroll-loops -finline-functions -ftree-vectorize,0.019946899999922607,49593
prog_000049_dfs,13,O2_fast_math,-O2 -ffast-math,0.020262000000002445,51771
prog_000049_dfs,19,full_aggressive,-O3 -ffast-math -funroll-loops -finline-functions -ftree-vectorize,0.0190920000004553,53307
prog_000050_queue,0,O0_baseline,-O0,0.019633300000350573,47861
prog_000050_queue,2,O2_standard,-O2,0.018798800001604832,46833
prog_000050_queue,3,O3_aggressive,-O3,0.018834900000001653,46833
prog_000050_queue,4,Os_size,-Os,0.019797000000835396,46224
prog_000050_queue,5,O2_unroll_vec,-O2 -funroll-loops -ftree-vectorize,0.020036199999594828,47345
prog_000050_queue,10,O3_combine,-O3 -funroll-loops -finline-functions -ftree-vectorize,0.021977899999910733,47345
prog_000050_queue,13,O2_fast_math,-O2 -ffast-math,0.0203934000001027,50547
prog_000050_queue,19,full_aggressive,-O3 -ffast-math -funroll-loops -finline-functions -ftree-vectorize,0.02088750000075379,51059
prog_000051_trie,0,O0_baseline,-O0,0.0671161000009306,54618
prog_000051_trie,2,O2_standard,-O2,0.04729659999975411,47182
prog_000051_trie,3,O3_aggressive,-O3,0.05219510000097216,47182
prog_000051_trie,4,Os_size,-Os,0.05322150000029069,47215
prog_000051_trie,5,O2_unroll_vec,-O2 -funroll-loops -ftree-vectorize,0.051419699999314616,48718
prog_000051_trie,10,O3_combine,-O3 -funroll-loops -finline-functions -ftree-vectorize,0.04622460000064166,49742
prog_000051_trie,13,O2_fast_math,-O2 -ffast-math,0.05102140000053623,50896
prog_000051_trie,19,full_aggressive,-O3 -ffast-math -funroll-loops -finline-functions -ftree-vectorize,0.05506210000021383,53456
prog_000052_bfs,0,O0_baseline,-O0,0.019839200000205892,108668
prog_000052_bfs,2,O2_standard,-O2,0.019584300000133226,50492
prog_000052_bfs,3,O3_aggressive,-O3,0.020317200000135927,51516
prog_000052_bfs,4,Os_size,-Os,0.0187753000009252,51724
prog_000052_bfs,5,O2_unroll_vec,-O2 -funroll-loops -ftree-vectorize,0.020191699999486445,53564
prog_000052_bfs,10,O3_combine,-O3 -funroll-loops -finline-functions -ftree-vectorize,0.019162900000083027,53564
prog_000052_bfs,13,O2_fast_math,-O2 -ffast-math,0.019630400000096415,55230
prog_000052_bfs,19,full_aggressive,-O3 -ffast-math -funroll-loops -finline-functions -ftree-vectorize,0.01984660000016447,57278
prog_000053_insertion_sort,0,O0_baseline,-O0,0.1195718000017223,45819
prog_000053_insertion_sort,2,O2_standard,-O2,0.0527514000004885,45129
prog_000053_insertion_sort,3,O3_aggressive,-O3,0.06618890000027022,45129
prog_000053_insertion_sort,4,Os_size,-Os,0.05177999999978056,45032
prog_000053_insertion_sort,5,O2_unroll_vec,-O2 -funroll-loops -ftree-vectorize,0.056065000000671716,46153
prog_000053_insertion_sort,10,O3_combine,-O3 -funroll-loops -finline-functions -ftree-vectorize,0.05788039999970351,46153
prog_000053_insertion_sort,13,O2_fast_math,-O2 -ffast-math,0.06527900000037334,49355
prog_000053_insertion_sort,19,full_aggressive,-O3 -ffast-math -funroll-loops -finline-functions -ftree-vectorize,0.04198190000170143,49867
prog_000055_rod_cutting,0,O0_baseline,-O0,0.021362399998906767,58534
prog_000055_rod_cutting,2,O2_standard,-O2,0.017365699999572826,46651
prog_000055_rod_cutting,3,O3_aggressive,-O3,0.01899520000006305,46737
prog_000055_rod_cutting,4,Os_size,-Os,0.02062110000042594,46042
prog_000055_rod_cutting,5,O2_unroll_vec,-O2 -funroll-loops -ftree-vectorize,0.01901429999998072,47163
prog_000055_rod_cutting,10,O3_combine,-O3 -funroll-loops -finline-functions -ftree-vectorize,0.02007689999845752,47249
prog_000055_rod_cutting,13,O2_fast_math,-O2 -ffast-math,0.018452000000252156,50365
prog_000055_rod_cutting,19,full_aggressive,-O3 -ffast-math -funroll-loops -finline-functions -ftree-vectorize,0.01874150000003283,51475
prog_000054_sieve,0,O0_baseline,-O0,0.3668261999991955,61329
prog_000054_sieve,2,O2_standard,-O2,0.034121099999538274,46353
prog_000054_sieve,3,O3_aggressive,-O3,0.035233500000686035,47623
prog_000054_sieve,4,Os_size,-Os,0.05142809999961173,47113
prog_000054_sieve,5,O2_unroll_vec,-O2 -funroll-loops -ftree-vectorize,0.038863100000526174,46353
prog_000054_sieve,10,O3_combine,-O3 -funroll-loops -finline-functions -ftree-vectorize,0.03618160000041826,47623
prog_000054_sieve,13,O2_fast_math,-O2 -ffast-math,0.0343248000008316,50067
prog_000054_sieve,19,full_aggressive,-O3 -ffast-math -funroll-loops -finline-functions -ftree-vectorize,0.032320500000423635,51849
prog_000056_avl_tree,0,O0_baseline,-O0,0.018097000000125263,46964
prog_000056_avl_tree,2,O2_standard,-O2,0.020027000000482076,46470
prog_000056_avl_tree,3,O3_aggressive,-O3,0.01746359999924607,51117
prog_000056_avl_tree,4,Os_size,-Os,0.017111399998611887,45861
prog_000056_avl_tree,5,O2_unroll_vec,-O2 -funroll-loops -ftree-vectorize,0.01938710000104038,46470
prog_000056_avl_tree,10,O3_combine,-O3 -funroll-loops -finline-functions -ftree-vectorize,0.01988560000063444,51117
prog_000056_avl_tree,13,O2_fast_math,-O2 -ffast-math,0.01940189999913855,50184
prog_000056_avl_tree,19,full_aggressive,-O3 -ffast-math -funroll-loops -finline-functions -ftree-vectorize,0.021488200000021607,55343
prog_000059_matrix_mult,0,O0_baseline,-O0,0.028504400001111208,45859
prog_000059_matrix_mult,2,O2_standard,-O2,0.02077869999993709,45151
prog_000059_matrix_mult,3,O3_aggressive,-O3,0.023857199999838485,45151
prog_000059_matrix_mult,4,Os_size,-Os,0.022519399999509915,45054
prog_000059_matrix_mult,5,O2_unroll_vec,-O2 -funroll-loops -ftree-vectorize,0.020411600000443286,45663
prog_000059_matrix_mult,10,O3_combine,-O3 -funroll-loops -finline-functions -ftree-vectorize,0.01995869999882416,45663
prog_000059_matrix_mult,13,O2_fast_math,-O2 -ffast-math,0.022930200000701007,49377
prog_000059_matrix_mult,19,full_aggressive,-O3 -ffast-math -funroll-loops -finline-functions -ftree-vectorize,0.02175090000127966,49889
prog_000058_dfs,0,O0_baseline,-O0,0.01961729999857198,81376
prog_000058_dfs,2,O2_standard,-O2,0.01938039999913599,48057
prog_000058_dfs,3,O3_aggressive,-O3,0.018658000000868924,48569
prog_000058_dfs,4,Os_size,-Os,0.020699599999716156,47660
prog_000058_dfs,5,O2_unroll_vec,-O2 -funroll-loops -ftree-vectorize,0.02164670000092883,48569
prog_000058_dfs,10,O3_combine,-O3 -funroll-loops -finline-functions -ftree-vectorize,0.01827390000107698,49593
prog_000058_dfs,13,O2_fast_math,-O2 -ffast-math,0.020308299999669543,51771
prog_000058_dfs,19,full_aggressive,-O3 -ffast-math -funroll-loops -finline-functions -ftree-vectorize,0.02017800000066927,53307
prog_000057_matrix_mult,0,O0_baseline,-O0,0.4901826000004803,45859
prog_000057_matrix_mult,2,O2_standard,-O2,0.20161579999876267,45151
prog_000057_matrix_mult,3,O3_aggressive,-O3,0.17616040000029898,45151
prog_000057_matrix_mult,4,Os_size,-Os,0.1898140000012063,45054
prog_000057_matrix_mult,5,O2_unroll_vec,-O2 -funroll-loops -ftree-vectorize,0.1791828000004898,45663
prog_000057_matrix_mult,10,O3_combine,-O3 -funroll-loops -finline-functions -ftree-vectorize,0.17564219999985653,45663
prog_000057_matrix_mult,13,O2_fast_math,-O2 -ffast-math,0.17806559999917226,49377
prog_000057_matrix_mult,19,full_aggressive,-O3 -ffast-math -funroll-loops -finline-functions -ftree-vectorize,0.184135100000276,49889
prog_000060_sieve,0,O0_baseline,-O0,0.8807408000011492,61329
prog_000060_sieve,2,O2_standard,-O2,0.06597909999982221,46353
prog_000060_sieve,3,O3_aggressive,-O3,0.06562450000092213,47623
prog_000060_sieve,4,Os_size,-Os,0.11063599999943108,47113
prog_000060_sieve,5,O2_unroll_vec,-O2 -funroll-loops -ftree-vectorize,0.05216089999885298,46353
prog_000060_sieve,10,O3_combine,-O3 -funroll-loops -finline-functions -ftree-vectorize,0.058823400000619586,48135
prog_000060_sieve,13,O2_fast_math,-O2 -ffast-math,0.061753600000884035,50067
prog_000060_sieve,19,full_aggressive,-O3 -ffast-math -funroll-loops -finline-functions -ftree-vectorize,0.06749740000122983,51849
prog_000062_dfs,0,O0_baseline,-O0,0.02150210000036168,81376
prog_000062_dfs,2,O2_standard,-O2,0.018829299999197247,48057
prog_000062_dfs,3,O3_aggressive,-O3,0.018671800000447547,48569
prog_000062_dfs,4,Os_size,-Os,0.017850099999122904,47660
prog_000062_dfs,5,O2_unroll_vec,-O2 -funroll-loops -ftree-vectorize,0.01926879999882658,48569
prog_000062_dfs,10,O3_combine,-O3 -funroll-loops -finline-functions -ftree-vectorize,0.018974200000229757,49593
prog_000062_dfs,13,O2_fast_math,-O2 -ffast-math,0.01881660000071861,51771
prog_000062_dfs,19,full_aggressive,-O3 -ffast-math -funroll-loops -finline-functions -ftree-vectorize,0.018302999998923042,53307
prog_000063_rod_cutting,0,O0_baseline,-O0,0.019261999999798718,58534
prog_000063_rod_cutting,2,O2_standard,-O2,0.01869259999875794,46651
prog_000063_rod_cutting,3,O3_aggressive,-O3,0.0188642000011896,46737
prog_000063_rod_cutting,4,Os_size,-Os,0.019386199999644305,46042
prog_000063_rod_cutting,5,O2_unroll_vec,-O2 -funroll-loops -ftree-vectorize,0.018283499999597552,47163
prog_000063_rod_cutting,10,O3_combine,-O3 -funroll-loops -finline-functions -ftree-vectorize,0.02024639999945066,47249
prog_000063_rod_cutting,13,O2_fast_math,-O2 -ffast-math,0.01814350000131526,50365
prog_000063_rod_cutting,19,full_aggressive,-O3 -ffast-math -funroll-loops -finline-functions -ftree-vectorize,0.01845549999961804,50963
prog_000061_segment_tree,0,O0_baseline,-O0,0.1708147999997891,60124
prog_000061_segment_tree,2,O2_standard,-O2,0.1428462000003492,47509
prog_000061_segment_tree,3,O3_aggressive,-O3,0.14103700000123354,61891
prog_000061_segment_tree,4,Os_size,-Os,0.1547710000013467,46860
prog_000061_segment_tree,5,O2_unroll_vec,-O2 -funroll-loops -ftree-vectorize,0.14594399999987218,48021
prog_000061_segment_tree,10,O3_combine,-O3 -funroll-loops -finline-functions -ftree-vectorize,0.14778109999861044,61891
prog_000061_segment_tree,13,O2_fast_math,-O2 -ffast-math,0.1408885000000737,51223
prog_000061_segment_tree,19,full_aggressive,-O3 -ffast-math -funroll-loops -finline-functions -ftree-vectorize,0.13375640000049316,66117
prog_000064_linked_list,0,O0_baseline,-O0,0.022562199999811128,45467
prog_000064_linked_list,2,O2_standard,-O2,0.01975779999884253,44631
prog_000064_linked_list,3,O3_aggressive,-O3,0.02108299999963492,44631
prog_000064_linked_list,4,Os_size,-Os,0.021471899999596644,45046
prog_000064_linked_list,5,O2_unroll_vec,-O2 -funroll-loops -ftree-vectorize,0.019382000000405242,45143
prog_000064_linked_list,10,O3_combine,-O3 -funroll-loops -finline-functions -ftree-vectorize,0.027265799999440787,45143
prog_000064_linked_list,13,O2_fast_math,-O2 -ffast-math,0.02253039999959583,48857
prog_000064_linked_list,19,full_aggressive,-O3 -ffast-math -funroll-loops -finline-functions -ftree-vectorize,0.02021719999902416,49369
prog_000065_vector_ops,0,O0_baseline,-O0,0.02680750000035914,57793
prog_000065_vector_ops,2,O2_standard,-O2,0.02352689999861468,46908
prog_000065_vector_ops,3,O3_aggressive,-O3,0.025780900001336704,46994
prog_000065_vector_ops,4,Os_size,-Os,0.026059699999677832,46870
prog_000065_vector_ops,5,O2_unroll_vec,-O2 -funroll-loops -ftree-vectorize,0.026371099998868885,46908
prog_000065_vector_ops,10,O3_combine,-O3 -funroll-loops -finline-functions -ftree-vectorize,0.025325499998871237,46994
prog_000065_vector_ops,13,O2_fast_math,-O2 -ffast-math,0.02746359999946435,50622
prog_000065_vector_ops,19,full_aggressive,-O3 -ffast-math -funroll-loops -finline-functions -ftree-vectorize,0.026736100000562146,50708
prog_000067_vector_ops,0,O0_baseline,-O0,0.02976210000088031,57793
prog_000067_vector_ops,2,O2_standard,-O2,0.024435699999230565,46908
prog_000067_vector_ops,3,O3_aggressive,-O3,0.02423819999967236,46994
prog_000067_vector_ops,4,Os_size,-Os,0.023361600000498584,46870
prog_000067_vector_ops,5,O2_unroll_vec,-O2 -funroll-loops -ftree-vectorize,0.026183199999650242,46908
prog_000067_vector_ops,10,O3_combine,-O3 -funroll-loops -finline-functions -ftree-vectorize,0.027119399999719462,46994
prog_000067_vector_ops,13,O2_fast_math,-O2 -ffast-math,0.026410200000100303,50622
prog_000067_vector_ops,19,full_aggressive,-O3 -ffast-math -funroll-loops -finline-functions -ftree-vectorize,0.026519299999563373,50708
prog_000066_topo_sort,0,O0_baseline,-O0,0.02151430000049004,95247
prog_000066_topo_sort,2,O2_standard,-O2,0.020341299999927287,50289
prog_000066_topo_sort,3,O3_aggressive,-O3,0.02019029999974009,50259
prog_000066_topo_sort,4,Os_size,-Os,0.020997699999497854,50797
prog_000066_topo_sort,5,O2_unroll_vec,-O2 -funroll-loops -ftree-vectorize,0.018959600000016508,52337
prog_000066_topo_sort,10,O3_combine,-O3 -funroll-loops -finline-functions -ftree-vectorize,0.02327319999858446,54355
prog_000066_topo_sort,13,O2_fast_math,-O2 -ffast-math,0.0207033999995474,54515
prog_000066_topo_sort,19,full_aggressive,-O3 -ffast-math -funroll-loops -finline-functions -ftree-vectorize,0.0196700000014971,58581
prog_000068_dfs,0,O0_baseline,-O0,0.02100120000068273,81376
prog_000068_dfs,2,O2_standard,-O2,0.020897599999443628,48057
prog_000068_dfs,3,O3_aggressive,-O3,0.018804900000759517,48569
prog_000068_dfs,4,Os_size,-Os,0.01918630000000121,47660
prog_000068_dfs,5,O2_unroll_vec,-O2 -funroll-loops -ftree-vectorize,0.01934589999837044,48569
prog_000068_dfs,10,O3_combine,-O3 -funroll-loops -finline-functions -ftree-vectorize,0.019581700000344426,49081
prog_000068_dfs,13,O2_fast_math,-O2 -ffast-math,0.02067229999920528,51771
prog_000068_dfs,19,full_aggressive,-O3 -ffast-math -funroll-loops -finline-functions -ftree-vectorize,0.020733699999254895,53307
prog_000069_rod_cutting,0,O0_baseline,-O0,0.022725199998603784,58534
prog_000069_rod_cutting,2,O2_standard,-O2,0.022077199999330333,46651
prog_000069_rod_cutting,3,O3_aggressive,-O3,0.01983719999952882,46737
prog_000069_rod_cutting,4,Os_size,-Os,0.01893220000056317,46042
prog_000069_rod_cutting,5,O2_unroll_vec,-O2 -funroll-loops -ftree-vectorize,0.019083700000919634,47163
prog_000069_rod_cutting,10,O3_combine,-O3 -funroll-loops -finline-functions -ftree-vectorize,0.019732099999600905,47249
prog_000069_rod_cutting,13,O2_fast_math,-O2 -ffast-math,0.01748109999971348,50365
prog_000069_rod_cutting,19,full_aggressive,-O3 -ffast-math -funroll-loops -finline-functions -ftree-vectorize,0.019327600000906386,50963
prog_000070_priority_queue,0,O0_baseline,-O0,0.08174400000098103,79104
prog_000070_priority_queue,2,O2_standard,-O2,0.026402499999676365,47874
prog_000070_priority_queue,3,O3_aggressive,-O3,0.025447199999689474,47716
prog_000070_priority_queue,4,Os_size,-Os,0.028417600000466336,47265
prog_000070_priority_queue,5,O2_unroll_vec,-O2 -funroll-loops -ftree-vectorize,0.027599799999734387,47874
prog_000070_priority_queue,10,O3_combine,-O3 -funroll-loops -finline-functions -ftree-vectorize,0.025680900000224938,47716
prog_000070_priority_queue,13,O2_fast_math,-O2 -ffast-math,0.02743949999967299,51588
prog_000070_priority_queue,19,full_aggressive,-O3 -ffast-math -funroll-loops -finline-functions -ftree-vectorize,0.024092600000585662,51430
prog_000071_bellman_ford,0,O0_baseline,-O0,0.025550199999997858,60787
prog_000071_bellman_ford,2,O2_standard,-O2,0.020101699999941047,46465
prog_000071_bellman_ford,3,O3_aggressive,-O3,0.02239729999928386,46465
prog_000071_bellman_ford,4,Os_size,-Os,0.021573100000750856,45856
prog_000071_bellman_ford,5,O2_unroll_vec,-O2 -funroll-loops -ftree-vectorize,0.022417199999836157,46977
prog_000071_bellman_ford,10,O3_combine,-O3 -funroll-loops -finline-functions -ftree-vectorize,0.0237133000009635,46977
prog_000071_bellman_ford,13,O2_fast_math,-O2 -ffast-math,0.02278640000076848,50179
prog_000071_bellman_ford,19,full_aggressive,-O3 -ffast-math -funroll-loops -finline-functions -ftree-vectorize,0.023148799999034964,50691
prog_000072_kmp,0,O0_baseline,-O0,0.019831400000839494,63096
prog_000072_kmp,2,O2_standard,-O2,0.021527400000195485,47481
prog_000072_kmp,3,O3_aggressive,-O3,0.019384299999728682,47567
prog_000072_kmp,4,Os_size,-Os,0.018808599999829312,47672
prog_000072_kmp,5,O2_unroll_vec,-O2 -funroll-loops -ftree-vectorize,0.020155500000328175,47993
prog_000072_kmp,10,O3_combine,-O3 -funroll-loops -finline-functions -ftree-vectorize,0.02037229999950796,48079
prog_000072_kmp,13,O2_fast_math,-O2 -ffast-math,0.018439399998896988,51707
prog_000072_kmp,19,full_aggressive,-O3 -ffast-math -funroll-loops -finline-functions -ftree-vectorize,0.019400299999688286,51793
prog_000073_priority_queue,0,O0_baseline,-O0,0.02314490000026126,79104
prog_000073_priority_queue,2,O2_standard,-O2,0.018099099999744794,47874
prog_000073_priority_queue,3,O3_aggressive,-O3,0.018115200000465848,47716
prog_000073_priority_queue,4,Os_size,-Os,0.01961950000077195,47265
prog_000073_priority_queue,5,O2_unroll_vec,-O2 -funroll-loops -ftree-vectorize,0.019768400001339614,47874
prog_000073_priority_queue,10,O3_combine,-O3 -funroll-loops -finline-functions -ftree-vectorize,0.020272300000215182,47716
prog_000073_priority_queue,13,O2_fast_math,-O2 -ffast-math,0.017822599998908117,51588
prog_000073_priority_queue,19,full_aggressive,-O3 -ffast-math -funroll-loops -finline-functions -ftree-vectorize,0.017700399999739602,51430
prog_000075_linked_list,0,O0_baseline,-O0,0.01997549999941839,45467
prog_000075_linked_list,2,O2_standard,-O2,0.02027809999890451,44631
prog_000075_linked_list,3,O3_aggressive,-O3,0.019990900000266265,44631
prog_000075_linked_list,4,Os_size,-Os,0.018856299999242765,45046
prog_000075_linked_list,5,O2_unroll_vec,-O2 -funroll-loops -ftree-vectorize,0.02136840000093798,45143
prog_000075_linked_list,10,O3_combine,-O3 -funroll-loops -finline-functions -ftree-vectorize,0.019991099999970174,45143
prog_000075_linked_list,13,O2_fast_math,-O2 -ffast-math,0.01770339999893622,48857
prog_000075_linked_list,19,full_aggressive,-O3 -ffast-math -funroll-loops -finline-functions -ftree-vectorize,0.020837500000197906,49369
prog_000074_bfs,0,O0_baseline,-O0,0.027142400000229827,108668
prog_000074_bfs,2,O2_standard,-O2,0.026128800000151386,50492
prog_000074_bfs,3,O3_aggressive,-O3,0.02146320000065316,51516
prog_000074_bfs,4,Os_size,-Os,0.02094030000080238,51724
prog_000074_bfs,5,O2_unroll_vec,-O2 -funroll-loops -ftree-vectorize,0.021302900000591762,53564
prog_000074_bfs,10,O3_combine,-O3 -funroll-loops -finline-functions -ftree-vectorize,0.020175100000415114,53564
prog_000074_bfs,13,O2_fast_math,-O2 -ffast-math,0.024515900000551483,55230
prog_000074_bfs,19,full_aggressive,-O3 -ffast-math -funroll-loops -finline-functions -ftree-vectorize,0.023854000000937958,57278
prog_000076_binary_search,0,O0_baseline,-O0,0.07702509999944596,58797
prog_000076_binary_search,2,O2_standard,-O2,0.05462970000007772,46897
prog_000076_binary_search,3,O3_aggressive,-O3,0.054091399999379064,46983
prog_000076_binary_search,4,Os_size,-Os,0.05660150000039721,46288
prog_000076_binary_search,5,O2_unroll_vec,-O2 -funroll-loops -ftree-vectorize,0.05343739999989339,46897
prog_000076_binary_search,10,O3_combine,-O3 -funroll-loops -finline-functions -ftree-vectorize,0.05507170000055339,46983
prog_000076_binary_search,13,O2_fast_math,-O2 -ffast-math,0.055458400000134134,50611
prog_000076_binary_search,19,full_aggressive,-O3 -ffast-math -funroll-loops -finline-functions -ftree-vectorize,0.05670820000159438,50697
prog_000077_priority_queue,0,O0_baseline,-O0,0.01969939999980852,79104
prog_000077_priority_queue,2,O2_standard,-O2,0.01847269999962009,47874
prog_000077_priority_queue,3,O3_aggressive,-O3,0.019532099999196362,47716
prog_000077_priority_queue,4,Os_size,-Os,0.021908900000198628,47265
prog_000077_priority_queue,5,O2_unroll_vec,-O2 -funroll-loops -ftree-vectorize,0.019603200000346988,47874
prog_000077_priority_queue,10,O3_combine,-O3 -funroll-loops -finline-functions -ftree-vectorize,0.020085899999685353,47716
prog_000077_priority_queue,13,O2_fast_math,-O2 -ffast-math,0.02017369999884977,51588
prog_000077_priority_queue,19,full_aggressive,-O3 -ffast-math -funroll-loops -finline-functions -ftree-vectorize,0.019146099999488797,51430
prog_000078_linked_list,0,O0_baseline,-O0,0.021602699998766184,45467
prog_000078_linked_list,2,O2_standard,-O2,0.0190946000002441,44631
prog_000078_linked_list,3,O3_aggressive,-O3,0.019869400000970927,44631
prog_000078_linked_list,4,Os_size,-Os,0.020052100000611972,45046
prog_000078_linked_list,5,O2_unroll_vec,-O2 -funroll-loops -ftree-vectorize,0.02130840000063472,45143
prog_000078_linked_list,10,O3_combine,-O3 -funroll-loops -finline-functions -ftree-vectorize,0.018783299999995506,45143
prog_000078_linked_list,13,O2_fast_math,-O2 -ffast-math,0.021277699999700417,48857
prog_000078_linked_list,19,full_aggressive,-O3 -ffast-math -funroll-loops -finline-functions -ftree-vectorize,0.019091100000878214,49369
prog_000079_insertion_sort,0,O0_baseline,-O0,0.019049700000323355,45307
prog_000079_insertion_sort,2,O2_standard,-O2,0.018573400000605034,45129
prog_000079_insertion_sort,3,O3_aggressive,-O3,0.019280399999843212,45129
prog_000079_insertion_sort,4,Os_size,-Os,0.017040999999153428,45032
prog_000079_insertion_sort,5,O2_unroll_vec,-O2 -funroll-loops -ftree-vectorize,0.01912799999990966,45641
prog_000079_insertion_sort,10,O3_combine,-O3 -funroll-loops -finline-functions -ftree-vectorize,0.018786399999953574,45641
prog_000079_insertion_sort,13,O2_fast_math,-O2 -ffast-math,0.01808550000168907,48843
prog_000079_insertion_sort,19,full_aggressive,-O3 -ffast-math -funroll-loops -finline-functions -ftree-vectorize,0.018241899999338784,49355
prog_000080_queue,0,O0_baseline,-O0,0.017992799999774434,47861
prog_000080_queue,2,O2_standard,-O2,0.018885999999838532,46833
prog_000080_queue,3,O3_aggressive,-O3,0.01839079999990645,46833
prog_000080_queue,4,Os_size,-Os,0.017581399999471614,46224
prog_000080_queue,5,O2_unroll_vec,-O2 -funroll-loops -ftree-vectorize,0.018227599999590893,47345
prog_000080_queue,10,O3_combine,-O3 -funroll-loops -finline-functions -ftree-vectorize,0.01811500000076194,47345
prog_000080_queue,13,O2_fast_math,-O2 -ffast-math,0.019174900000507478,50547
prog_000080_queue,19,full_aggressive,-O3 -ffast-math -funroll-loops -finline-functions -ftree-vectorize,0.021057600000858656,51059
prog_000081_union_find,0,O0_baseline,-O0,0.020234800000253017,65328
prog_000081_union_find,2,O2_standard,-O2,0.01770550000037474,47990
prog_000081_union_find,3,O3_aggressive,-O3,0.018012200000157463,48076
prog_000081_union_find,4,Os_size,-Os,0.020025399999212823,47388
prog_000081_union_find,5,O2_unroll_vec,-O2 -funroll-loops -ftree-vectorize,0.01911170000130369,48502
prog_000081_union_find,10,O3_combine,-O3 -funroll-loops -finline-functions -ftree-vectorize,0.01875370000016119,48588
prog_000081_union_find,13,O2_fast_math,-O2 -ffast-math,0.02231519999986631,52216
prog_000081_union_find,19,full_aggressive,-O3 -ffast-math -funroll-loops -finline-functions -ftree-vectorize,0.019393099999433616,52302
prog_000082_lis,0,O0_baseline,-O0,0.019834400000036112,78164
prog_000082_lis,2,O2_standard,-O2,0.018606400000862777,47227
prog_000082_lis,3,O3_aggressive,-O3,0.017854499999884865,47227
prog_000082_lis,4,Os_size,-Os,0.019533299999238807,47189
prog_000082_lis,5,O2_unroll_vec,-O2 -funroll-loops -ftree-vectorize,0.025134699999398435,47739
prog_000082_lis,10,O3_combine,-O3 -funroll-loops -finline-functions -ftree-vectorize,0.02042510000137554,47739
prog_000082_lis,13,O2_fast_math,-O2 -ffast-math,0.02083939999829454,51453
prog_000082_lis,19,full_aggressive,-O3 -ffast-math -funroll-loops -finline-functions -ftree-vectorize,0.017133200000898796,51453
prog_000084_fibonacci,0,O0_baseline,-O0,0.07032169999911275,45332
prog_000084_fibonacci,2,O2_standard,-O2,0.061269699999684235,44642
prog_000084_fibonacci,3,O3_aggressive,-O3,0.053276099999493454,44642
prog_000084_fibonacci,4,Os_size,-Os,0.05248799999935727,45057
prog_000084_fibonacci,5,O2_unroll_vec,-O2 -funroll-loops -ftree-vectorize,0.053614200000083656,45154
prog_000084_fibonacci,10,O3_combine,-O3 -funroll-loops -finline-functions -ftree-vectorize,0.05275029999938852,45154
prog_000084_fibonacci,13,O2_fast_math,-O2 -ffast-math,0.05847159999939322,48868
prog_000084_fibonacci,19,full_aggressive,-O3 -ffast-math -funroll-loops -finline-functions -ftree-vectorize,0.060754399999495945,49380
prog_000085_priority_queue,0,O0_baseline,-O0,0.027615000000878354,79104
prog_000085_priority_queue,2,O2_standard,-O2,0.021230100001048413,47874
prog_000085_priority_queue,3,O3_aggressive,-O3,0.023183900000731228,47716
prog_000085_priority_queue,4,Os_size,-Os,0.019180399998731446,47265
prog_000085_priority_queue,5,O2_unroll_vec,-O2 -funroll-loops -ftree-vectorize,0.016910599999391707,47874
prog_000085_priority_queue,10,O3_combine,-O3 -funroll-loops -finline-functions -ftree-vectorize,0.01953250000042317,47716
prog_000085_priority_queue,13,O2_fast_math,-O2 -ffast-math,0.021563999998761574,51588
prog_000085_priority_queue,19,full_aggressive,-O3 -ffast-math -funroll-loops -finline-functions -ftree-vectorize,0.017263400000956608,51430
prog_000086_binary_search,0,O0_baseline,-O0,0.08527809999941383,58797
prog_000086_binary_search,2,O2_standard,-O2,0.06636459999936051,46897
prog_000086_binary_search,3,O3_aggressive,-O3,0.06001990000004298,46983
prog_000086_binary_search,4,Os_size,-Os,0.06613149999975576,46288
prog_000086_binary_search,5,O2_unroll_vec,-O2 -funroll-loops -ftree-vectorize,0.06690570000137086,46897
prog_000086_binary_search,10,O3_combine,-O3 -funroll-loops -finline-functions -ftree-vectorize,0.06221709999954328,46983
prog_000086_binary_search,13,O2_fast_math,-O2 -ffast-math,0.062215699999796925,50611
prog_000086_binary_search,19,full_aggressive,-O3 -ffast-math -funroll-loops -finline-functions -ftree-vectorize,0.06014899999900081,50697
prog_000083_fibonacci,0,O0_baseline,-O0,0.6648777000009432,45332
prog_000083_fibonacci,2,O2_standard,-O2,0.4632736000003206,44642
prog_000083_fibonacci,3,O3_aggressive,-O3,0.4976365000002261,44642
prog_000083_fibonacci,4,Os_size,-Os,0.4715044999993552,45057
prog_000083_fibonacci,5,O2_unroll_vec,-O2 -funroll-loops -ftree-vectorize,0.4761954000005062,45154
prog_000083_fibonacci,10,O3_combine,-O3 -funroll-loops -finline-functions -ftree-vectorize,0.48572819999935746,45154
prog_000083_fibonacci,13,O2_fast_math,-O2 -ffast-math,0.44896850000077393,48868
prog_000083_fibonacci,19,full_aggressive,-O3 -ffast-math -funroll-loops -finline-functions -ftree-vectorize,0.5073998000007123,49380
prog_000087_knapsack,0,O0_baseline,-O0,0.01997739999933401,80027
prog_000087_knapsack,2,O2_standard,-O2,0.019305699999677017,48152
prog_000087_knapsack,3,O3_aggressive,-O3,0.019708300000274903,48238
prog_000087_knapsack,4,Os_size,-Os,0.021059599999716738,48306
prog_000087_knapsack,5,O2_unroll_vec,-O2 -funroll-loops -ftree-vectorize,0.02004069999929925,50200
prog_000087_knapsack,10,O3_combine,-O3 -funroll-loops -finline-functions -ftree-vectorize,0.018539400000008754,50286
prog_000087_knapsack,13,O2_fast_math,-O2 -ffast-math,0.019287099999928614,51866
prog_000087_knapsack,19,full_aggressive,-O3 -ffast-math -funroll-loops -finline-functions -ftree-vectorize,0.020186399999147397,54512
prog_000088_merge_sort,0,O0_baseline,-O0,0.01979370000117342,58816
prog_000088_merge_sort,2,O2_standard,-O2,0.019906900000933092,46959
prog_000088_merge_sort,3,O3_aggressive,-O3,0.018865499998355517,48495
prog_000088_merge_sort,4,Os_size,-Os,0.019112400001176866,46862
prog_000088_merge_sort,5,O2_unroll_vec,-O2 -funroll-loops -ftree-vectorize,0.019308199998704367,48495
prog_000088_merge_sort,10,O3_combine,-O3 -funroll-loops -finline-functions -ftree-vectorize,0.019700400000147056,48495
prog_000088_merge_sort,13,O2_fast_math,-O2 -ffast-math,0.017220100000486127,50673
prog_000088_merge_sort,19,full_aggressive,-O3 -ffast-math -funroll-loops -finline-functions -ftree-vectorize,0.018036199999187374,52209
prog_000089_prefix_sum,0,O0_baseline,-O0,0.08926869999959308,60850
prog_000089_prefix_sum,2,O2_standard,-O2,0.08733890000075917,46838
prog_000089_prefix_sum,3,O3_aggressive,-O3,0.08316519999971206,46924
prog_000089_prefix_sum,4,Os_size,-Os,0.06555850000040664,46800
prog_000089_prefix_sum,5,O2_unroll_vec,-O2 -funroll-loops -ftree-vectorize,0.07859920000009879,47862
prog_000089_prefix_sum,10,O3_combine,-O3 -funroll-loops -finline-functions -ftree-vectorize,0.07916459999978542,47436
prog_000089_prefix_sum,13,O2_fast_math,-O2 -ffast-math,0.08889359999920998,50552
prog_000089_prefix_sum,19,full_aggressive,-O3 -ffast-math -funroll-loops -finline-functions -ftree-vectorize,0.07934470000145666,51662
prog_000090_segment_tree,0,O0_baseline,-O0,0.06727499999942665,60124
prog_000090_segment_tree,2,O2_standard,-O2,0.05743129999973462,47509
prog_000090_segment_tree,3,O3_aggressive,-O3,0.04656990000148653,61891
prog_000090_segment_tree,4,Os_size,-Os,0.05881279999994149,46860
prog_000090_segment_tree,5,O2_unroll_vec,-O2 -funroll-loops -ftree-vectorize,0.04738309999993362,48021
prog_000090_segment_tree,10,O3_combine,-O3 -funroll-loops -finline-functions -ftree-vectorize,0.044911700000739074,61891
prog_000090_segment_tree,13,O2_fast_math,-O2 -ffast-math,0.049721800000043004,51223
prog_000090_segment_tree,19,full_aggressive,-O3 -ffast-math -funroll-loops -finline-functions -ftree-vectorize,0.0521180000014283,66117
prog_000092_bubble_sort,0,O0_baseline,-O0,0.02016360000015993,45810
prog_000092_bubble_sort,2,O2_standard,-O2,0.01961990000017977,45120
prog_000092_bubble_sort,3,O3_aggressive,-O3,0.018709099998886813,45120
prog_000092_bubble_sort,4,Os_size,-Os,0.01810769999974582,45023
prog_000092_bubble_sort,5,O2_unroll_vec,-O2 -funroll-loops -ftree-vectorize,0.021616500000163796,45632
prog_000092_bubble_sort,10,O3_combine,-O3 -funroll-loops -finline-functions -ftree-vectorize,0.020136000001002685,45632
prog_000092_bubble_sort,13,O2_fast_math,-O2 -ffast-math,0.020387000000482658,49346
prog_000092_bubble_sort,19,full_aggressive,-O3 -ffast-math -funroll-loops -finline-functions -ftree-vectorize,0.017750199998772587,49346
prog_000091_convex_hull,0,O0_baseline,-O0,0.022521199998664088,90733
prog_000091_convex_hull,2,O2_standard,-O2,0.022127999998701853,52123
prog_000091_convex_hull,3,O3_aggressive,-O3,0.022159500000270782,51942
prog_000091_convex_hull,4,Os_size,-Os,0.02293900000040594,51582
prog_000091_convex_hull,5,O2_unroll_vec,-O2 -funroll-loops -ftree-vectorize,0.020680100000390667,54683
prog_000091_convex_hull,10,O3_combine,-O3 -funroll-loops -finline-functions -ftree-vectorize,0.020259799999621464,54502
prog_000091_convex_hull,13,O2_fast_math,-O2 -ffast-math,0.019940099999075755,56349
prog_000091_convex_hull,19,full_aggressive,-O3 -ffast-math -funroll-loops -finline-functions -ftree-vectorize,0.020854599999438506,58728
prog_000093_kmp,0,O0_baseline,-O0,0.027658099999825936,63096
prog_000093_kmp,2,O2_standard,-O2,0.021691100000680308,47481
prog_000093_kmp,3,O3_aggressive,-O3,0.021520300000702264,47567
prog_000093_kmp,4,Os_size,-Os,0.020716899998660665,47672
prog_000093_kmp,5,O2_unroll_vec,-O2 -funroll-loops -ftree-vectorize,0.02240220000021509,48505
prog_000093_kmp,10,O3_combine,-O3 -funroll-loops -finline-functions -ftree-vectorize,0.0197768999987602,48591
prog_000093_kmp,13,O2_fast_math,-O2 -ffast-math,0.021479099999851314,51707
prog_000093_kmp,19,full_aggressive,-O3 -ffast-math -funroll-loops -finline-functions -ftree-vectorize,0.02235310000105528,52305
prog_000094_binary_search,0,O0_baseline,-O0,0.08868140000049607,58797
prog_000094_binary_search,2,O2_standard,-O2,0.05984530000023369,46897
prog_000094_binary_search,3,O3_aggressive,-O3,0.06368640000073356,46983
prog_000094_binary_search,4,Os_size,-Os,0.0609760000006645,46288
prog_000094_binary_search,5,O2_unroll_vec,-O2 -funroll-loops -ftree-vectorize,0.06103670000084094,46897
prog_000094_binary_search,10,O3_combine,-O3 -funroll-loops -finline-functions -ftree-vectorize,0.06284969999978784,46983
prog_000094_binary_search,13,O2_fast_math,-O2 -ffast-math,0.06448569999884057,50611
prog_000094_binary_search,19,full_aggressive,-O3 -ffast-math -funroll-loops -finline-functions -ftree-vectorize,0.07028890000037791,50697
prog_000095_bfs,0,O0_baseline,-O0,0.03109720000065863,108668
prog_000095_bfs,2,O2_standard,-O2,0.029617599999255617,50492
prog_000095_bfs,3,O3_aggressive,-O3,0.022244100000534672,51516
prog_000095_bfs,4,Os_size,-Os,0.02558809999936784,51724
prog_000095_bfs,5,O2_unroll_vec,-O2 -funroll-loops -ftree-vectorize,0.02361689999997907,53564
prog_000095_bfs,10,O3_combine,-O3 -funroll-loops -finline-functions -ftree-vectorize,0.02340589999948861,53564
prog_000095_bfs,13,O2_fast_math,-O2 -ffast-math,0.02553290000105335,55230
prog_000095_bfs,19,full_aggressive,-O3 -ffast-math -funroll-loops -finline-functions -ftree-vectorize,0.02348060000076657,57278
prog_000096_insertion_sort,0,O0_baseline,-O0,0.11334840000017721,45819
prog_000096_insertion_sort,2,O2_standard,-O2,0.05354130000159785,45129
prog_000096_insertion_sort,3,O3_aggressive,-O3,0.05773179999960121,45129
prog_000096_insertion_sort,4,Os_size,-Os,0.0622585999990406,45032
prog_000096_insertion_sort,5,O2_unroll_vec,-O2 -funroll-loops -ftree-vectorize,0.05523489999904996,46153
prog_000096_insertion_sort,10,O3_combine,-O3 -funroll-loops -finline-functions -ftree-vectorize,0.055707400000756024,46153
prog_000096_insertion_sort,13,O2_fast_math,-O2 -ffast-math,0.05282889999944018,49355
prog_000096_insertion_sort,19,full_aggressive,-O3 -ffast-math -funroll-loops -finline-functions -ftree-vectorize,0.04557500000009895,49867
prog_000097_bfs,0,O0_baseline,-O0,0.020557499999995343,108668
prog_000097_bfs,2,O2_standard,-O2,0.019957199998316355,50492
prog_000097_bfs,3,O3_aggressive,-O3,0.021363300000302843,51516
prog_000097_bfs,4,Os_size,-Os,0.022972200000367593,51724
prog_000097_bfs,5,O2_unroll_vec,-O2 -funroll-loops -ftree-vectorize,0.019461699999737903,53052
prog_000097_bfs,10,O3_combine,-O3 -funroll-loops -finline-functions -ftree-vectorize,0.018924099998912425,53564
prog_000097_bfs,13,O2_fast_math,-O2 -ffast-math,0.0197041999999783,55230
prog_000097_bfs,19,full_aggressive,-O3 -ffast-math -funroll-loops -finline-functions -ftree-vectorize,0.021312799999577692,57278
prog_000098_floyd_warshall,0,O0_baseline,-O0,0.03142970000044443,46010
prog_000098_floyd_warshall,2,O2_standard,-O2,0.021397300000899122,45641
prog_000098_floyd_warshall,3,O3_aggressive,-O3,0.020852900001045782,45641
prog_000098_floyd_warshall,4,Os_size,-Os,0.027597799999057315,45032
prog_000098_floyd_warshall,5,O2_unroll_vec,-O2 -funroll-loops -ftree-vectorize,0.028207600000314415,46665
prog_000098_floyd_warshall,10,O3_combine,-O3 -funroll-loops -finline-functions -ftree-vectorize,0.02577430000019376,46665
prog_000098_floyd_warshall,13,O2_fast_math,-O2 -ffast-math,0.02347149999877729,49355
prog_000098_floyd_warshall,19,full_aggressive,-O3 -ffast-math -funroll-loops -finline-functions -ftree-vectorize,0.023977699998795288,50379
prog_000100_linked_list,0,O0_baseline,-O0,0.018162200000006123,45467
prog_000100_linked_list,2,O2_standard,-O2,0.018720899999607354,44631
prog_000100_linked_list,3,O3_aggressive,-O3,0.018304400000488386,44631
prog_000100_linked_list,4,Os_size,-Os,0.018398900001557195,45046
prog_000100_linked_list,5,O2_unroll_vec,-O2 -funroll-loops -ftree-vectorize,0.019096500000159722,44631
prog_000100_linked_list,10,O3_combine,-O3 -funroll-loops -finline-functions -ftree-vectorize,0.018190699998740456,44631
prog_000100_linked_list,13,O2_fast_math,-O2 -ffast-math,0.020620499999495223,48857
prog_000100_linked_list,19,full_aggressive,-O3 -ffast-math -funroll-loops -finline-functions -ftree-vectorize,0.020905600000332925,49369
prog_000099_merge_sort,0,O0_baseline,-O0,0.017864200000985875,58816
prog_000099_merge_sort,2,O2_standard,-O2,0.018913999998403597,46959
prog_000099_merge_sort,3,O3_aggressive,-O3,0.019562100000257487,48495
prog_000099_merge_sort,4,Os_size,-Os,0.01933610000014596,46862
prog_000099_merge_sort,5,O2_unroll_vec,-O2 -funroll-loops -ftree-vectorize,0.01995089999945776,48495
prog_000099_merge_sort,10,O3_combine,-O3 -funroll-loops -finline-functions -ftree-vectorize,0.020253999999113148,48495
prog_000099_merge_sort,13,O2_fast_math,-O2 -ffast-math,0.018169699998907163,50673
prog_000099_merge_sort,19,full_aggressive,-O3 -ffast-math -funroll-loops -finline-functions -ftree-vectorize,0.018994500000189873,52209
prog_000101_quick_sort,0,O0_baseline,-O0,0.0354059999990568,59513
prog_000101_quick_sort,2,O2_standard,-O2,0.0257605999995576,46886
prog_000101_quick_sort,3,O3_aggressive,-O3,0.026506100000915467,49020
prog_000101_quick_sort,4,Os_size,-Os,0.02456010000059905,46789
prog_000101_quick_sort,5,O2_unroll_vec,-O2 -funroll-loops -ftree-vectorize,0.02605539999967732,47910
prog_000101_quick_sort,10,O3_combine,-O3 -funroll-loops -finline-functions -ftree-vectorize,0.026076600001033512,54652
prog_000101_quick_sort,13,O2_fast_math,-O2 -ffast-math,0.04220770000029006,50600
prog_000101_quick_sort,19,full_aggressive,-O3 -ffast-math -funroll-loops -finline-functions -ftree-vectorize,0.029073699999571545,58366
prog_000102_bst,0,O0_baseline,-O0,0.03590249999979278,46201
prog_000102_bst,2,O2_standard,-O2,0.031050899999172543,45868
prog_000102_bst,3,O3_aggressive,-O3,0.03611789999922621,57644
prog_000102_bst,4,Os_size,-Os,0.03241150000030757,45259
prog_000102_bst,5,O2_unroll_vec,-O2 -funroll-loops -ftree-vectorize,0.03437619999931485,45868
prog_000102_bst,10,O3_combine,-O3 -funroll-loops -finline-functions -ftree-vectorize,0.03494959999989078,57644
prog_000102_bst,13,O2_fast_math,-O2 -ffast-math,0.029992900001161615,49582
prog_000102_bst,19,full_aggressive,-O3 -ffast-math -funroll-loops -finline-functions -ftree-vectorize,0.03602419999879203,61358
prog_000103_binary_search,0,O0_baseline,-O0,0.12419539999973495,58797
prog_000103_binary_search,2,O2_standard,-O2,0.08847500000047148,46897
prog_000103_binary_search,3,O3_aggressive,-O3,0.08786409999993339,46983
prog_000103_binary_search,4,Os_size,-Os,0.09162829999877431,46288
prog_000103_binary_search,5,O2_unroll_vec,-O2 -funroll-loops -ftree-vectorize,0.09432689999994182,46897
prog_000103_binary_search,10,O3_combine,-O3 -funroll-loops -finline-functions -ftree-vectorize,0.08829789999981585,46983
prog_000103_binary_search,13,O2_fast_math,-O2 -ffast-math,0.10183569999935571,50611
prog_000103_binary_search,19,full_aggressive,-O3 -ffast-math -funroll-loops -finline-functions -ftree-vectorize,0.08958119999988412,50697
prog_000104_bfs,0,O0_baseline,-O0,0.021043799999461044,108668
prog_000104_bfs,2,O2_standard,-O2,0.021193500000663335,50492
prog_000104_bfs,3,O3_aggressive,-O3,0.021633899999869755,51516
prog_000104_bfs,4,Os_size,-Os,0.023392699999021715,51724
prog_000104_bfs,5,O2_unroll_vec,-O2 -funroll-loops -ftree-vectorize,0.02187229999981355,53052
prog_000104_bfs,10,O3_combine,-O3 -funroll-loops -finline-functions -ftree-vectorize,0.021793599999000435,53564
prog_000104_bfs,13,O2_fast_math,-O2 -ffast-math,0.02191839999977674,55230
prog_000104_bfs,19,full_aggressive,-O3 -ffast-math -funroll-loops -finline-functions -ftree-vectorize,0.019524000001183595,57278
prog_000105_binary_search,0,O0_baseline,-O0,0.03180489999976999,58797
prog_000105_binary_search,2,O2_standard,-O2,0.0290988999986439,46897
prog_000105_binary_search,3,O3_aggressive,-O3,0.026922399998511537,46983
prog_000105_binary_search,4,Os_size,-Os,0.026380699999208446,46288
prog_000105_binary_search,5,O2_unroll_vec,-O2 -funroll-loops -ftree-vectorize,0.02833239999927173,46897
prog_000105_binary_search,10,O3_combine,-O3 -funroll-loops -finline-functions -ftree-vectorize,0.02950300000156858,46983
prog_000105_binary_search,13,O2_fast_math,-O2 -ffast-math,0.02621059999910358,50611
prog_000105_binary_search,19,full_aggressive,-O3 -ffast-math -funroll-loops -finline-functions -ftree-vectorize,0.02653420000024198,50697
prog_000106_lis,0,O0_baseline,-O0,0.02698719999898458,78164
prog_000106_lis,2,O2_standard,-O2,0.01920550000068033,47227
prog_000106_lis,3,O3_aggressive,-O3,0.022213999998712097,47313
prog_000106_lis,4,Os_size,-Os,0.020373300001665484,47189
prog_000106_lis,5,O2_unroll_vec,-O2 -funroll-loops -ftree-vectorize,0.02168389999860665,47739
prog_000106_lis,10,O3_combine,-O3 -funroll-loops -finline-functions -ftree-vectorize,0.020964200000889832,47825
prog_000106_lis,13,O2_fast_math,-O2 -ffast-math,0.018974200000229757,51453
prog_000106_lis,19,full_aggressive,-O3 -ffast-math -funroll-loops -finline-functions -ftree-vectorize,0.01898549999896204,51539
prog_000108_coin_change,0,O0_baseline,-O0,0.01974070000142092,57861
prog_000108_coin_change,2,O2_standard,-O2,0.01856729999963136,46663
prog_000108_coin_change,3,O3_aggressive,-O3,0.019219199999497505,47175
prog_000108_coin_change,4,Os_size,-Os,0.018493599998691934,46054
prog_000108_coin_change,5,O2_unroll_vec,-O2 -funroll-loops -ftree-vectorize,0.017502099999546772,47687
prog_000108_coin_change,10,O3_combine,-O3 -funroll-loops -finline-functions -ftree-vectorize,0.019141799999488285,48711
prog_000108_coin_change,13,O2_fast_math,-O2 -ffast-math,0.018505399999412475,50377
prog_000108_coin_change,19,full_aggressive,-O3 -ffast-math -funroll-loops -finline-functions -ftree-vectorize,0.020847300000241376,52425
prog_000107_dijkstra,0,O0_baseline,-O0,0.018374899998889305,125293
prog_000107_dijkstra,2,O2_standard,-O2,0.019739700001082383,51481
prog_000107_dijkstra,3,O3_aggressive,-O3,0.020922600000631064,50131
prog_000107_dijkstra,4,Os_size,-Os,0.0182280000008177,50401
prog_000107_dijkstra,5,O2_unroll_vec,-O2 -funroll-loops -ftree-vectorize,0.018252099998790072,53017
prog_000107_dijkstra,10,O3_combine,-O3 -funroll-loops -finline-functions -ftree-vectorize,0.018964799999594106,51667
prog_000107_dijkstra,13,O2_fast_math,-O2 -ffast-math,0.018800699999701465,55195
prog_000107_dijkstra,19,full_aggressive,-O3 -ffast-math -funroll-loops -finline-functions -ftree-vectorize,0.018512499998905696,55893
prog_000109_matrix_mult,0,O0_baseline,-O0,0.020435300000826828,45859
prog_000109_matrix_mult,2,O2_standard,-O2,0.022406100000807783,45151
prog_000109_matrix_mult,3,O3_aggressive,-O3,0.019730099998923833,45151
prog_000109_matrix_mult,4,Os_size,-Os,0.01943050000045332,45054
prog_000109_matrix_mult,5,O2_unroll_vec,-O2 -funroll-loops -ftree-vectorize,0.020072400000572088,46175
prog_000109_matrix_mult,10,O3_combine,-O3 -funroll-loops -finline-functions -ftree-vectorize,0.020440299998881528,46175
prog_000109_matrix_mult,13,O2_fast_math,-O2 -ffast-math,0.020671100000981824,49377
prog_000109_matrix_mult,19,full_aggressive,-O3 -ffast-math -funroll-loops -finline-functions -ftree-vectorize,0.017659500001173,49889
prog_000110_fibonacci,0,O0_baseline,-O0,0.021924599999692873,104128
prog_000110_fibonacci,2,O2_standard,-O2,0.019948099999965052,50801
prog_000110_fibonacci,3,O3_aggressive,-O3,0.019381900001462782,52337
prog_000110_fibonacci,4,Os_size,-Os,0.020133100000748527,50963
prog_000110_fibonacci,5,O2_unroll_vec,-O2 -funroll-loops -ftree-vectorize,0.019616300000052433,55921
prog_000110_fibonacci,10,O3_combine,-O3 -funroll-loops -finline-functions -ftree-vectorize,0.018985099999554222,58481
prog_000110_fibonacci,13,O2_fast_math,-O2 -ffast-math,0.018991099999766448,54515
prog_000110_fibonacci,19,full_aggressive,-O3 -ffast-math -funroll-loops -finline-functions -ftree-vectorize,0.018894499999078107,62195
prog_000111_fibonacci,0,O0_baseline,-O0,0.037796100001287414,45332
prog_000111_fibonacci,2,O2_standard,-O2,0.027692899999237852,44642
prog_000111_fibonacci,3,O3_aggressive,-O3,0.031017299999803072,44642
prog_000111_fibonacci,4,Os_size,-Os,0.029030800000327872,45057
prog_000111_fibonacci,5,O2_unroll_vec,-O2 -funroll-loops -ftree-vectorize,0.030858900001476286,45154
prog_000111_fibonacci,10,O3_combine,-O3 -funroll-loops -finline-functions -ftree-vectorize,0.03350540000064939,45154
prog_000111_fibonacci,13,O2_fast_math,-O2 -ffast-math,0.02968710000095598,48868
prog_000111_fibonacci,19,full_aggressive,-O3 -ffast-math -funroll-loops -finline-functions -ftree-vectorize,0.026632200000676676,49380
prog_000112_hash_table,0,O0_baseline,-O0,0.06531290000020817,46199
prog_000112_hash_table,2,O2_standard,-O2,0.06451369999922463,45838
prog_000112_hash_table,3,O3_aggressive,-O3,0.05986010000015085,45838
prog_000112_hash_table,4,Os_size,-Os,0.06620699999984936,45229
prog_000112_hash_table,5,O2_unroll_vec,-O2 -funroll-loops -ftree-vectorize,0.053338499999881606,45838
prog_000112_hash_table,10,O3_combine,-O3 -funroll-loops -finline-functions -ftree-vectorize,0.060780899999372195,45838
prog_000112_hash_table,13,O2_fast_math,-O2 -ffast-math,0.06428779999987455,49552
prog_000112_hash_table,19,full_aggressive,-O3 -ffast-math -funroll-loops -finline-functions -ftree-vectorize,0.06016970000018773,49552
prog_000113_rod_cutting,0,O0_baseline,-O0,0.01889149999988149,58534
prog_000113_rod_cutting,2,O2_standard,-O2,0.019051700001000427,46651
prog_000113_rod_cutting,3,O3_aggressive,-O3,0.018341299999519833,46737
prog_000113_rod_cutting,4,Os_size,-Os,0.0181631000014022,46042
prog_000113_rod_cutting,5,O2_unroll_vec,-O2 -funroll-loops -ftree-vectorize,0.019811199999821838,47163
prog_000113_rod_cutting,10,O3_combine,-O3 -funroll-loops -finline-functions -ftree-vectorize,0.020791099999769358,47249
prog_000113_rod_cutting,13,O2_fast_math,-O2 -ffast-math,0.02226209999935236,50365
prog_000113_rod_cutting,19,full_aggressive,-O3 -ffast-math -funroll-loops -finline-functions -ftree-vectorize,0.020627799998692353,51475
prog_000114_bubble_sort,0,O0_baseline,-O0,0.020635099999708473,45810
prog_000114_bubble_sort,2,O2_standard,-O2,0.018086799998854985,45120
prog_000114_bubble_sort,3,O3_aggressive,-O3,0.018216899999970337,45120
prog_000114_bubble_sort,4,Os_size,-Os,0.0212891999999556,45023
prog_000114_bubble_sort,5,O2_unroll_vec,-O2 -funroll-loops -ftree-vectorize,0.020329099999798927,45632
prog_000114_bubble_sort,10,O3_combine,-O3 -funroll-loops -finline-functions -ftree-vectorize,0.02262680000058026,45632
prog_000114_bubble_sort,13,O2_fast_math,-O2 -ffast-math,0.01752399999895715,49346
prog_000114_bubble_sort,19,full_aggressive,-O3 -ffast-math -funroll-loops -finline-functions -ftree-vectorize,0.01877729999978328,49858
prog_000115_edit_distance,0,O0_baseline,-O0,0.04300680000051216,87474
prog_000115_edit_distance,2,O2_standard,-O2,0.023127099999328493,48551
prog_000115_edit_distance,3,O3_aggressive,-O3,0.024684200001502177,49149
prog_000115_edit_distance,4,Os_size,-Os,0.02532229999997071,49505
prog_000115_edit_distance,5,O2_unroll_vec,-O2 -funroll-loops -ftree-vectorize,0.02410539999982575,51111
prog_000115_edit_distance,10,O3_combine,-O3 -funroll-loops -finline-functions -ftree-vectorize,0.023409100000208127,51709
prog_000115_edit_distance,13,O2_fast_math,-O2 -ffast-math,0.02580630000011297,52777
prog_000115_edit_distance,19,full_aggressive,-O3 -ffast-math -funroll-loops -finline-functions -ftree-vectorize,0.02412920000097074,55423
prog_000116_matrix_mult,0,O0_baseline,-O0,0.019432500001130393,45859
prog_000116_matrix_mult,2,O2_standard,-O2,0.018878700000641402,45151
prog_000116_matrix_mult,3,O3_aggressive,-O3,0.018902600000728853,45151
prog_000116_matrix_mult,4,Os_size,-Os,0.019236699999964912,45054
prog_000116_matrix_mult,5,O2_unroll_vec,-O2 -funroll-loops -ftree-vectorize,0.019303199998830678,45663
prog_000116_matrix_mult,10,O3_combine,-O3 -funroll-loops -finline-functions -ftree-vectorize,0.02388050000081421,45663
prog_000116_matrix_mult,13,O2_fast_math,-O2 -ffast-math,0.02089720000003581,49377
prog_000116_matrix_mult,19,full_aggressive,-O3 -ffast-math -funroll-loops -finline-functions -ftree-vectorize,0.021050100000138627,49889
prog_000117_prefix_sum,0,O0_baseline,-O0,0.19450709999910032,47053
prog_000117_prefix_sum,2,O2_standard,-O2,0.13305489999947895,45106
prog_000117_prefix_sum,3,O3_aggressive,-O3,0.16780470000048808,45106
prog_000117_prefix_sum,4,Os_size,-Os,0.18219499999941036,45009
prog_000117_prefix_sum,5,O2_unroll_vec,-O2 -funroll-loops -ftree-vectorize,0.14054880000003322,45618
prog_000117_prefix_sum,10,O3_combine,-O3 -funroll-loops -finline-functions -ftree-vectorize,0.1491028999989794,45618
prog_000117_prefix_sum,13,O2_fast_math,-O2 -ffast-math,0.16417619999992894,49332
prog_000117_prefix_sum,19,full_aggressive,-O3 -ffast-math -funroll-loops -finline-functions -ftree-vectorize,0.16667969999980414,49844
prog_000118_quick_sort,0,O0_baseline,-O0,0.021848500000487547,59513
prog_000118_quick_sort,2,O2_standard,-O2,0.019806600001174957,46886
prog_000118_quick_sort,3,O3_aggressive,-O3,0.017793499999243068,47996
prog_000118_quick_sort,4,Os_size,-Os,0.020346399998743436,46277
prog_000118_quick_sort,5,O2_unroll_vec,-O2 -funroll-loops -ftree-vectorize,0.0203525000015361,47398
prog_000118_quick_sort,10,O3_combine,-O3 -funroll-loops -finline-functions -ftree-vectorize,0.0212232000012591,51580
prog_000118_quick_sort,13,O2_fast_math,-O2 -ffast-math,0.01944329999969341,50600
prog_000118_quick_sort,19,full_aggressive,-O3 -ffast-math -funroll-loops -finline-functions -ftree-vectorize,0.020522800001344876,55806
prog_000119_fibonacci,0,O0_baseline,-O0,0.020285300000978168,45284
prog_000119_fibonacci,2,O2_standard,-O2,0.017716100001052837,45020
prog_000119_fibonacci,3,O3_aggressive,-O3,0.01816060000055586,45532
prog_000119_fibonacci,4,Os_size,-Os,0.01903850000053353,44923
prog_000119_fibonacci,5,O2_unroll_vec,-O2 -funroll-loops -ftree-vectorize,0.02042739999887999,45020
prog_000119_fibonacci,10,O3_combine,-O3 -funroll-loops -finline-functions -ftree-vectorize,0.017622699999265024,45532
prog_000119_fibonacci,13,O2_fast_math,-O2 -ffast-math,0.01856469999984256,48734
prog_000119_fibonacci,19,full_aggressive,-O3 -ffast-math -funroll-loops -finline-functions -ftree-vectorize,0.019097599999440718,49246
prog_000120_matrix_mult,0,O0_baseline,-O0,0.018313799999305047,45859
prog_000120_matrix_mult,2,O2_standard,-O2,0.017713599998387508,45151
prog_000120_matrix_mult,3,O3_aggressive,-O3,0.01806179999948654,45151
prog_000120_matrix_mult,4,Os_size,-Os,0.017847799999799463,45054
prog_000120_matrix_mult,5,O2_unroll_vec,-O2 -funroll-loops -ftree-vectorize,0.01801340000019991,46175
prog_000120_matrix_mult,10,O3_combine,-O3 -funroll-loops -finline-functions -ftree-vectorize,0.017873400000098627,46175
prog_000120_matrix_mult,13,O2_fast_math,-O2 -ffast-math,0.019454100000075414,49377
prog_000120_matrix_mult,19,full_aggressive,-O3 -ffast-math -funroll-loops -finline-functions -ftree-vectorize,0.017942300000868272,49889
prog_000121_bubble_sort,0,O0_baseline,-O0,0.08606999999938125,45810
prog_000121_bubble_sort,2,O2_standard,-O2,0.045509199999287375,45120
prog_000121_bubble_sort,3,O3_aggressive,-O3,0.04642430000058084,45120
prog_000121_bubble_sort,4,Os_size,-Os,0.04208250000010594,45023
prog_000121_bubble_sort,5,O2_unroll_vec,-O2 -funroll-loops -ftree-vectorize,0.03558410000005097,45632
prog_000121_bubble_sort,10,O3_combine,-O3 -funroll-loops -finline-functions -ftree-vectorize,0.03969580000011774,45632
prog_000121_bubble_sort,13,O2_fast_math,-O2 -ffast-math,0.037017099999502534,49346
prog_000121_bubble_sort,19,full_aggressive,-O3 -ffast-math -funroll-loops -finline-functions -ftree-vectorize,0.033162699999593315,49858
prog_000122_avl_tree,0,O0_baseline,-O0,0.025324000000182423,46964
prog_000122_avl_tree,2,O2_standard,-O2,0.0217821999995067,46470
prog_000122_avl_tree,3,O3_aggressive,-O3,0.02143439999963448,51117
prog_000122_avl_tree,4,Os_size,-Os,0.023602600000231178,45861
prog_000122_avl_tree,5,O2_unroll_vec,-O2 -funroll-loops -ftree-vectorize,0.02220130000023346,46470
prog_000122_avl_tree,10,O3_combine,-O3 -funroll-loops -finline-functions -ftree-vectorize,0.024597499999799766,51117
prog_000122_avl_tree,13,O2_fast_math,-O2 -ffast-math,0.023961499999131775,50184
prog_000122_avl_tree,19,full_aggressive,-O3 -ffast-math -funroll-loops -finline-functions -ftree-vectorize,0.023026700000627898,55343
prog_000123_priority_queue,0,O0_baseline,-O0,0.04675569999926665,79104
prog_000123_priority_queue,2,O2_standard,-O2,0.020744199999171542,47874
prog_000123_priority_queue,3,O3_aggressive,-O3,0.021701700001358404,47716
prog_000123_priority_queue,4,Os_size,-Os,0.02430370000001858,47265
prog_000123_priority_queue,5,O2_unroll_vec,-O2 -funroll-loops -ftree-vectorize,0.02157199999965087,47874
prog_000123_priority_queue,10,O3_combine,-O3 -funroll-loops -finline-functions -ftree-vectorize,0.02317109999967215,47716
prog_000123_priority_queue,13,O2_fast_math,-O2 -ffast-math,0.020218199999362696,51588
prog_000123_priority_queue,19,full_aggressive,-O3 -ffast-math -funroll-loops -finline-functions -ftree-vectorize,0.022693699998853845,51430
prog_000124_union_find,0,O0_baseline,-O0,0.031045200001244666,65328
prog_000124_union_find,2,O2_standard,-O2,0.024805400000332156,47990
prog_000124_union_find,3,O3_aggressive,-O3,0.024892699999327306,48076
prog_000124_union_find,4,Os_size,-Os,0.02610839999942982,47388
prog_000124_union_find,5,O2_unroll_vec,-O2 -funroll-loops -ftree-vectorize,0.02496850000170525,48502
prog_000124_union_find,10,O3_combine,-O3 -funroll-loops -finline-functions -ftree-vectorize,0.026934800000162795,48588
prog_000124_union_find,13,O2_fast_math,-O2 -ffast-math,0.0321868999999424,52216
prog_000124_union_find,19,full_aggressive,-O3 -ffast-math -funroll-loops -finline-functions -ftree-vectorize,0.027561800001421943,52302
prog_000125_knapsack,0,O0_baseline,-O0,0.03573089999918011,80027
prog_000125_knapsack,2,O2_standard,-O2,0.0206596999996691,48152
prog_000125_knapsack,3,O3_aggressive,-O3,0.023027299999739625,48238
prog_000125_knapsack,4,Os_size,-Os,0.023327700000663754,48306
prog_000125_knapsack,5,O2_unroll_vec,-O2 -funroll-loops -ftree-vectorize,0.019577099999878556,49688
prog_000125_knapsack,10,O3_combine,-O3 -funroll-loops -finline-functions -ftree-vectorize,0.02039619999959541,50286
prog_000125_knapsack,13,O2_fast_math,-O2 -ffast-math,0.02538020000065444,51866
prog_000125_knapsack,19,full_aggressive,-O3 -ffast-math -funroll-loops -finline-functions -ftree-vectorize,0.02222769999934826,54512
prog_000126_queue,0,O0_baseline,-O0,0.021754299999884097,47861
prog_000126_queue,2,O2_standard,-O2,0.020157599999947706,46833
prog_000126_queue,3,O3_aggressive,-O3,0.020854700000199955,46833
prog_000126_queue,4,Os_size,-Os,0.019413899999563,46224
prog_000126_queue,5,O2_unroll_vec,-O2 -funroll-loops -ftree-vectorize,0.02302620000045863,47345
prog_000126_queue,10,O3_combine,-O3 -funroll-loops -finline-functions -ftree-vectorize,0.019030899999052053,47345
prog_000126_queue,13,O2_fast_math,-O2 -ffast-math,0.01974750000044878,50547
prog_000126_queue,19,full_aggressive,-O3 -ffast-math -funroll-loops -finline-functions -ftree-vectorize,0.019408199999816134,51059
prog_000127_selection_sort,0,O0_baseline,-O0,0.017500600000857958,45819
prog_000127_selection_sort,2,O2_standard,-O2,0.02278229999865289,45641
prog_000127_selection_sort,3,O3_aggressive,-O3,0.020226000000548083,45641
prog_000127_selection_sort,4,Os_size,-Os,0.018759799999315874,45032
prog_000127_selection_sort,5,O2_unroll_vec,-O2 -funroll-loops -ftree-vectorize,0.018479099999240134,46153
prog_000127_selection_sort,10,O3_combine,-O3 -funroll-loops -finline-functions -ftree-vectorize,0.019623199999841745,46153
prog_000127_selection_sort,13,O2_fast_math,-O2 -ffast-math,0.018664999999600695,49355
prog_000127_selection_sort,19,full_aggressive,-O3 -ffast-math -funroll-loops -finline-functions -ftree-vectorize,0.020365800000945455,49867
prog_000128_selection_sort,0,O0_baseline,-O0,0.025800800000070012,45819
prog_000128_selection_sort,2,O2_standard,-O2,0.022176099999342114,45641
prog_000128_selection_sort,3,O3_aggressive,-O3,0.027677000000039698,45641
prog_000128_selection_sort,4,Os_size,-Os,0.02704459999949904,45032
prog_000128_selection_sort,5,O2_unroll_vec,-O2 -funroll-loops -ftree-vectorize,0.025055799998881412,46153
prog_000128_selection_sort,10,O3_combine,-O3 -funroll-loops -finline-functions -ftree-vectorize,0.02569749999929627,46153
prog_000128_selection_sort,13,O2_fast_math,-O2 -ffast-math,0.024326500000825035,49355
prog_000128_selection_sort,19,full_aggressive,-O3 -ffast-math -funroll-loops -finline-functions -ftree-vectorize,0.02563199999895005,49867
prog_000129_bst,0,O0_baseline,-O0,0.020150599999396945,46201
prog_000129_bst,2,O2_standard,-O2,0.018764300000839285,45868
prog_000129_bst,3,O3_aggressive,-O3,0.018641399999978603,57644
prog_000129_bst,4,Os_size,-Os,0.018251100000270526,45259
prog_000129_bst,5,O2_unroll_vec,-O2 -funroll-loops -ftree-vectorize,0.022579500000574626,45868
prog_000129_bst,10,O3_combine,-O3 -funroll-loops -finline-functions -ftree-vectorize,0.019635300001027645,57644
prog_000129_bst,13,O2_fast_math,-O2 -ffast-math,0.018710500000452157,49582
prog_000129_bst,19,full_aggressive,-O3 -ffast-math -funroll-loops -finline-functions -ftree-vectorize,0.01919380000072124,61358
prog_000131_kmp,0,O0_baseline,-O0,0.02144869999938237,63096
prog_000131_kmp,2,O2_standard,-O2,0.019018599999981234,47481
prog_000131_kmp,3,O3_aggressive,-O3,0.01933189999908791,47567
prog_000131_kmp,4,Os_size,-Os,0.019210000000384753,47672
prog_000131_kmp,5,O2_unroll_vec,-O2 -funroll-loops -ftree-vectorize,0.01923259999966831,48505
prog_000131_kmp,10,O3_combine,-O3 -funroll-loops -finline-functions -ftree-vectorize,0.019398000000364846,48591
prog_000131_kmp,13,O2_fast_math,-O2 -ffast-math,0.01988830000118469,51707
prog_000131_kmp,19,full_aggressive,-O3 -ffast-math -funroll-loops -finline-functions -ftree-vectorize,0.020068699999683304,52305
prog_000132_lis,0,O0_baseline,-O0,0.018689099999392056,78164
prog_000132_lis,2,O2_standard,-O2,0.01822360000005574,47227
prog_000132_lis,3,O3_aggressive,-O3,0.018346499999097432,47227
prog_000132_lis,4,Os_size,-Os,0.016866699999809498,47189
prog_000132_lis,5,O2_unroll_vec,-O2 -funroll-loops -ftree-vectorize,0.01848260000042501,47739
prog_000132_lis,10,O3_combine,-O3 -funroll-loops -finline-functions -ftree-vectorize,0.02019760000075621,47739
prog_000132_lis,13,O2_fast_math,-O2 -ffast-math,0.019298699999126256,51453
prog_000132_lis,19,full_aggressive,-O3 -ffast-math -funroll-loops -finline-functions -ftree-vectorize,0.01845569999932195,51453
prog_000130_dijkstra,0,O0_baseline,-O0,0.01947210000071209,125293
prog_000130_dijkstra,2,O2_standard,-O2,0.018030499999440508,51481
prog_000130_dijkstra,3,O3_aggressive,-O3,0.019889999999577412,50131
prog_000130_dijkstra,4,Os_size,-Os,0.02052180000100634,50401
prog_000130_dijkstra,5,O2_unroll_vec,-O2 -funroll-loops -ftree-vectorize,0.01823540000077628,53017
prog_000130_dijkstra,10,O3_combine,-O3 -funroll-loops -finline-functions -ftree-vectorize,0.01779800000076648,51667
prog_000130_dijkstra,13,O2_fast_math,-O2 -ffast-math,0.019430100001045503,55195
prog_000130_dijkstra,19,full_aggressive,-O3 -ffast-math -funroll-loops -finline-functions -ftree-vectorize,0.019884500001353445,55893
prog_000133_avl_tree,0,O0_baseline,-O0,0.019857799999954295,46964
prog_000133_avl_tree,2,O2_standard,-O2,0.018618799998876057,46470
prog_000133_avl_tree,3,O3_aggressive,-O3,0.019158500001140055,51117
prog_000133_avl_tree,4,Os_size,-Os,0.018305000001419103,45861
prog_000133_avl_tree,5,O2_unroll_vec,-O2 -funroll-loops -ftree-vectorize,0.019273100000646082,46470
prog_000133_avl_tree,10,O3_combine,-O3 -funroll-loops -finline-functions -ftree-vectorize,0.019280300000900752,51117
prog_000133_avl_tree,13,O2_fast_math,-O2 -ffast-math,0.019453099999736878,50184
prog_000133_avl_tree,19,full_aggressive,-O3 -ffast-math -funroll-loops -finline-functions -ftree-vectorize,0.01960760000110895,55343
prog_000134_hash_table,0,O0_baseline,-O0,0.021491600000445032,46199
prog_000134_hash_table,2,O2_standard,-O2,0.019676200001413235,45838
prog_000134_hash_table,3,O3_aggressive,-O3,0.020448900000701542,45838
prog_000134_hash_table,4,Os_size,-Os,0.025848000001133187,45229
prog_000134_hash_table,5,O2_unroll_vec,-O2 -funroll-loops -ftree-vectorize,0.01985420000164595,45838
prog_000134_hash_table,10,O3_combine,-O3 -funroll-loops -finline-functions -ftree-vectorize,0.02114429999892309,45838
prog_000134_hash_table,13,O2_fast_math,-O2 -ffast-math,0.022655499999018502,49552
prog_000134_hash_table,19,full_aggressive,-O3 -ffast-math -funroll-loops -finline-functions -ftree-vectorize,0.02070329999878595,49552
prog_000135_stack,0,O0_baseline,-O0,0.018427300001349067,48001
prog_000135_stack,2,O2_standard,-O2,0.019804399998974986,46321
prog_000135_stack,3,O3_aggressive,-O3,0.019371000000319327,46321
prog_000135_stack,4,Os_size,-Os,0.01912570000058622,46224
prog_000135_stack,5,O2_unroll_vec,-O2 -funroll-loops -ftree-vectorize,0.02047370000036608,46833
prog_000135_stack,10,O3_combine,-O3 -funroll-loops -finline-functions -ftree-vectorize,0.019544000000678352,46833
prog_000135_stack,13,O2_fast_math,-O2 -ffast-math,0.019151000000420026,50547
prog_000135_stack,19,full_aggressive,-O3 -ffast-math -funroll-loops -finline-functions -ftree-vectorize,0.018919800000730902,50547
prog_000136_topo_sort,0,O0_baseline,-O0,0.020237300001099356,95247
prog_000136_topo_sort,2,O2_standard,-O2,0.019504600000800565,50289
prog_000136_topo_sort,3,O3_aggressive,-O3,0.019937699998990865,50259
prog_000136_topo_sort,4,Os_size,-Os,0.021670500000254833,50797
prog_000136_topo_sort,5,O2_unroll_vec,-O2 -funroll-loops -ftree-vectorize,0.019923699999708333,52337
prog_000136_topo_sort,10,O3_combine,-O3 -funroll-loops -finline-functions -ftree-vectorize,0.020376000000396743,54355
prog_000136_topo_sort,13,O2_fast_math,-O2 -ffast-math,0.02028760000030161,54515
prog_000136_topo_sort,19,full_aggressive,-O3 -ffast-math -funroll-loops -finline-functions -ftree-vectorize,0.020944699999745353,58581
prog_000137_quick_sort,0,O0_baseline,-O0,0.023845799998525763,59513
prog_000137_quick_sort,2,O2_standard,-O2,0.02455530000042927,46886
prog_000137_quick_sort,3,O3_aggressive,-O3,0.021662400000423077,48508
prog_000137_quick_sort,4,Os_size,-Os,0.025020700000823126,46277
prog_000137_quick_sort,5,O2_unroll_vec,-O2 -funroll-loops -ftree-vectorize,0.021450000000186265,47398
prog_000137_quick_sort,10,O3_combine,-O3 -funroll-loops -finline-functions -ftree-vectorize,0.023469499999919208,52092
prog_000137_quick_sort,13,O2_fast_math,-O2 -ffast-math,0.021822499998961575,50600
prog_000137_quick_sort,19,full_aggressive,-O3 -ffast-math -funroll-loops -finline-functions -ftree-vectorize,0.02247490000081598,55806
prog_000138_lcs,0,O0_baseline,-O0,0.04301919999852544,84739
prog_000138_lcs,2,O2_standard,-O2,0.02641369999946619,48531
prog_000138_lcs,3,O3_aggressive,-O3,0.024873000000297907,48617
prog_000138_lcs,4,Os_size,-Os,0.02803679999851738,49485
prog_000138_lcs,5,O2_unroll_vec,-O2 -funroll-loops -ftree-vectorize,0.029779899999994086,51091
prog_000138_lcs,10,O3_combine,-O3 -funroll-loops -finline-functions -ftree-vectorize,0.02698480000071868,51689
prog_000138_lcs,13,O2_fast_math,-O2 -ffast-math,0.02498379999997269,52245
prog_000138_lcs,19,full_aggressive,-O3 -ffast-math -funroll-loops -finline-functions -ftree-vectorize,0.02822829999968235,55403
prog_000139_dijkstra,0,O0_baseline,-O0,0.036121899998761364,125293
prog_000139_dijkstra,2,O2_standard,-O2,0.024914000001444947,51481
prog_000139_dijkstra,3,O3_aggressive,-O3,0.028204600001117797,50131
prog_000139_dijkstra,4,Os_size,-Os,0.023704600000201026,50401
prog_000139_dijkstra,5,O2_unroll_vec,-O2 -funroll-loops -ftree-vectorize,0.027835500000946922,53017
prog_000139_dijkstra,10,O3_combine,-O3 -funroll-loops -finline-functions -ftree-vectorize,0.024655700000948855,51667
prog_000139_dijkstra,13,O2_fast_math,-O2 -ffast-math,0.02640640000026906,55195
prog_000139_dijkstra,19,full_aggressive,-O3 -ffast-math -funroll-loops -finline-functions -ftree-vectorize,0.02970189999905415,55893
prog_000140_trie,0,O0_baseline,-O0,0.09473129999969387,54618
prog_000140_trie,2,O2_standard,-O2,0.06523959999867657,47182
prog_000140_trie,3,O3_aggressive,-O3,0.06534500000088883,47182
prog_000140_trie,4,Os_size,-Os,0.07256060000145226,47215
prog_000140_trie,5,O2_unroll_vec,-O2 -funroll-loops -ftree-vectorize,0.07362290000128269,48718
prog_000140_trie,10,O3_combine,-O3 -funroll-loops -finline-functions -ftree-vectorize,0.07949659999940195,49742
prog_000140_trie,13,O2_fast_math,-O2 -ffast-math,0.06582630000048084,50896
prog_000140_trie,19,full_aggressive,-O3 -ffast-math -funroll-loops -finline-functions -ftree-vectorize,0.06804209999972954,53456
prog_000141_prefix_sum,0,O0_baseline,-O0,0.08317069999975502,60850
prog_000141_prefix_sum,2,O2_standard,-O2,0.06964100000004692,46838
prog_000141_prefix_sum,3,O3_aggressive,-O3,0.06876689999990049,46924
prog_000141_prefix_sum,4,Os_size,-Os,0.06033990000105405,46800
prog_000141_prefix_sum,5,O2_unroll_vec,-O2 -funroll-loops -ftree-vectorize,0.05752510000093025,47350
prog_000141_prefix_sum,10,O3_combine,-O3 -funroll-loops -finline-functions -ftree-vectorize,0.07199249999939639,47436
prog_000141_prefix_sum,13,O2_fast_math,-O2 -ffast-math,0.0639021999995748,50552
prog_000141_prefix_sum,19,full_aggressive,-O3 -ffast-math -funroll-loops -finline-functions -ftree-vectorize,0.06198949999998149,51150
prog_000142_hash_table,0,O0_baseline,-O0,0.023990400000911904,46199
prog_000142_hash_table,2,O2_standard,-O2,0.021157400000447524,45838
prog_000142_hash_table,3,O3_aggressive,-O3,0.021420900000521215,45838
prog_000142_hash_table,4,Os_size,-Os,0.02082419999896956,45229
prog_000142_hash_table,5,O2_unroll_vec,-O2 -funroll-loops -ftree-vectorize,0.021965100000670645,45838
prog_000142_hash_table,10,O3_combine,-O3 -funroll-loops -finline-functions -ftree-vectorize,0.020059099999343744,45838
prog_000142_hash_table,13,O2_fast_math,-O2 -ffast-math,0.021265600000333507,49552
prog_000142_hash_table,19,full_aggressive,-O3 -ffast-math -funroll-loops -finline-functions -ftree-vectorize,0.022125200001028134,49552
prog_000143_lis,0,O0_baseline,-O0,0.026739200000520214,78164
prog_000143_lis,2,O2_standard,-O2,0.02395480000086536,47227
prog_000143_lis,3,O3_aggressive,-O3,0.020803499999601627,47313
prog_000143_lis,4,Os_size,-Os,0.02078830000027665,47189
prog_000143_lis,5,O2_unroll_vec,-O2 -funroll-loops -ftree-vectorize,0.023905899999590474,47739
prog_000143_lis,10,O3_combine,-O3 -funroll-loops -finline-functions -ftree-vectorize,0.021952400000373018,47825
prog_000143_lis,13,O2_fast_math,-O2 -ffast-math,0.02001199999904202,51453
prog_000143_lis,19,full_aggressive,-O3 -ffast-math -funroll-loops -finline-functions -ftree-vectorize,0.021161399999982677,51539
prog_000144_stack,0,O0_baseline,-O0,0.03016129999923578,48001
prog_000144_stack,2,O2_standard,-O2,0.021331899999495363,46321
prog_000144_stack,3,O3_aggressive,-O3,0.02562729999954172,46321
prog_000144_stack,4,Os_size,-Os,0.024834600000758655,46224
prog_000144_stack,5,O2_unroll_vec,-O2 -funroll-loops -ftree-vectorize,0.024783900000329595,46833
prog_000144_stack,10,O3_combine,-O3 -funroll-loops -finline-functions -ftree-vectorize,0.022889199999553966,46833
prog_000144_stack,13,O2_fast_math,-O2 -ffast-math,0.021839200000613346,50547
prog_000144_stack,19,full_aggressive,-O3 -ffast-math -funroll-loops -finline-functions -ftree-vectorize,0.028923100000611157,50547
prog_000145_quick_sort,0,O0_baseline,-O0,0.02312299999903189,59513
prog_000145_quick_sort,2,O2_standard,-O2,0.020873299999948358,46886
prog_000145_quick_sort,3,O3_aggressive,-O3,0.021975199999360484,46972
prog_000145_quick_sort,4,Os_size,-Os,0.020264299999325885,46277
prog_000145_quick_sort,5,O2_unroll_vec,-O2 -funroll-loops -ftree-vectorize,0.01928100000077393,47398
prog_000145_quick_sort,10,O3_combine,-O3 -funroll-loops -finline-functions -ftree-vectorize,0.02121900000020105,47484
prog_000145_quick_sort,13,O2_fast_math,-O2 -ffast-math,0.021825000001626904,50600
prog_000145_quick_sort,19,full_aggressive,-O3 -ffast-math -funroll-loops -finline-functions -ftree-vectorize,0.02425810000022466,51198
prog_000146_prefix_sum,0,O0_baseline,-O0,0.02487959999962186,60850
prog_000146_prefix_sum,2,O2_standard,-O2,0.023494600000049104,46838
prog_000146_prefix_sum,3,O3_aggressive,-O3,0.02582330000041111,46924
prog_000146_prefix_sum,4,Os_size,-Os,0.020930100001351093,46800
prog_000146_prefix_sum,5,O2_unroll_vec,-O2 -funroll-loops -ftree-vectorize,0.022495400000480004,47862
prog_000146_prefix_sum,10,O3_combine,-O3 -funroll-loops -finline-functions -ftree-vectorize,0.020566900000630994,47436
prog_000146_prefix_sum,13,O2_fast_math,-O2 -ffast-math,0.02136400000017602,50552
prog_000146_prefix_sum,19,full_aggressive,-O3 -ffast-math -funroll-loops -finline-functions -ftree-vectorize,0.021457200000440935,51150
prog_000147_linked_list,0,O0_baseline,-O0,0.021476900001289323,45467
prog_000147_linked_list,2,O2_standard,-O2,0.020847100000537466,44631
prog_000147_linked_list,3,O3_aggressive,-O3,0.0176910999998654,44631
prog_000147_linked_list,4,Os_size,-Os,0.02085110000007262,45046
prog_000147_linked_list,5,O2_unroll_vec,-O2 -funroll-loops -ftree-vectorize,0.021841300000232877,44631
prog_000147_linked_list,10,O3_combine,-O3 -funroll-loops -finline-functions -ftree-vectorize,0.01925930000106746,44631
prog_000147_linked_list,13,O2_fast_math,-O2 -ffast-math,0.022457099999883212,48857
prog_000147_linked_list,19,full_aggressive,-O3 -ffast-math -funroll-loops -finline-functions -ftree-vectorize,0.019874400000844616,49369
prog_000148_topo_sort,0,O0_baseline,-O0,0.020033900000271387,95247
prog_000148_topo_sort,2,O2_standard,-O2,0.019363999999768566,50289
prog_000148_topo_sort,3,O3_aggressive,-O3,0.018156900001486065,50259
prog_000148_topo_sort,4,Os_size,-Os,0.02091389999986859,50797
prog_000148_topo_sort,5,O2_unroll_vec,-O2 -funroll-loops -ftree-vectorize,0.020273899999665446,52337
prog_000148_topo_sort,10,O3_combine,-O3 -funroll-loops -finline-functions -ftree-vectorize,0.01948630000151752,54355
prog_000148_topo_sort,13,O2_fast_math,-O2 -ffast-math,0.017520599998533726,54515
prog_000148_topo_sort,19,full_aggressive,-O3 -ffast-math -funroll-loops -finline-functions -ftree-vectorize,0.0195785000014439,58581
prog_000149_radix_sort,0,O0_baseline,-O0,0.04353199999968638,60343
prog_000149_radix_sort,2,O2_standard,-O2,0.03401239999948302,47123
prog_000149_radix_sort,3,O3_aggressive,-O3,0.03160560000105761,47209
prog_000149_radix_sort,4,Os_size,-Os,0.03319980000014766,47142
prog_000149_radix_sort,5,O2_unroll_vec,-O2 -funroll-loops -ftree-vectorize,0.027327300000251853,49171
prog_000149_radix_sort,10,O3_combine,-O3 -funroll-loops -finline-functions -ftree-vectorize,0.02600459999848681,48745
prog_000149_radix_sort,13,O2_fast_math,-O2 -ffast-math,0.03302030000122613,51349
prog_000149_radix_sort,19,full_aggressive,-O3 -ffast-math -funroll-loops -finline-functions -ftree-vectorize,0.02323389999946812,52459
prog_000150_bubble_sort,0,O0_baseline,-O0,0.030218399999284884,45810
prog_000150_bubble_sort,2,O2_standard,-O2,0.022380700000212528,45120
prog_000150_bubble_sort,3,O3_aggressive,-O3,0.0200526999997237,45120
prog_000150_bubble_sort,4,Os_size,-Os,0.021457900000314112,45023
prog_000150_bubble_sort,5,O2_unroll_vec,-O2 -funroll-loops -ftree-vectorize,0.01921539999966626,45632
prog_000150_bubble_sort,10,O3_combine,-O3 -funroll-loops -finline-functions -ftree-vectorize,0.022816799999418436,45632
prog_000150_bubble_sort,13,O2_fast_math,-O2 -ffast-math,0.02688029999990249,49346
prog_000150_bubble_sort,19,full_aggressive,-O3 -ffast-math -funroll-loops -finline-functions -ftree-vectorize,0.02088009999897622,49858
prog_000151_dfs,0,O0_baseline,-O0,0.01924460000009276,81376
prog_000151_dfs,2,O2_standard,-O2,0.01913609999974142,48057
prog_000151_dfs,3,O3_aggressive,-O3,0.018908699999883538,48569
prog_000151_dfs,4,Os_size,-Os,0.017898000000059255,47660
prog_000151_dfs,5,O2_unroll_vec,-O2 -funroll-loops -ftree-vectorize,0.019214800000554533,48569
prog_000151_dfs,10,O3_combine,-O3 -funroll-loops -finline-functions -ftree-vectorize,0.01894180000090273,49593
prog_000151_dfs,13,O2_fast_math,-O2 -ffast-math,0.01864489999934449,51771
prog_000151_dfs,19,full_aggressive,-O3 -ffast-math -funroll-loops -finline-functions -ftree-vectorize,0.01919830000042566,53307
prog_000152_edit_distance,0,O0_baseline,-O0,0.018659400000615278,87474
prog_000152_edit_distance,2,O2_standard,-O2,0.017382300000463147,48551
prog_000152_edit_distance,3,O3_aggressive,-O3,0.018320899998798268,48637
prog_000152_edit_distance,4,Os_size,-Os,0.021229599999060156,49505
prog_000152_edit_distance,5,O2_unroll_vec,-O2 -funroll-loops -ftree-vectorize,0.019495700000334182,50599
prog_000152_edit_distance,10,O3_combine,-O3 -funroll-loops -finline-functions -ftree-vectorize,0.018146500000511878,51197
prog_000152_edit_distance,13,O2_fast_math,-O2 -ffast-math,0.018256399998790585,52777
prog_000152_edit_distance,19,full_aggressive,-O3 -ffast-math -funroll-loops -finline-functions -ftree-vectorize,0.018056199998682132,55423
prog_000154_hash_table,0,O0_baseline,-O0,0.022837900000013178,46199
prog_000154_hash_table,2,O2_standard,-O2,0.02380799999991723,45838
prog_000154_hash_table,3,O3_aggressive,-O3,0.019344899999850895,45838
prog_000154_hash_table,4,Os_size,-Os,0.019877400000041234,45229
prog_000154_hash_table,5,O2_unroll_vec,-O2 -funroll-loops -ftree-vectorize,0.022478500000943313,45838
prog_000154_hash_table,10,O3_combine,-O3 -funroll-loops -finline-functions -ftree-vectorize,0.0208148000001529,45838
prog_000154_hash_table,13,O2_fast_math,-O2 -ffast-math,0.019518400000379188,49552
prog_000154_hash_table,19,full_aggressive,-O3 -ffast-math -funroll-loops -finline-functions -ftree-vectorize,0.02225449999968987,50064
prog_000153_stencil,0,O0_baseline,-O0,0.02084599999943748,45841
prog_000153_stencil,2,O2_standard,-O2,0.020186600000670296,45133
prog_000153_stencil,3,O3_aggressive,-O3,0.019063800000367337,45645
prog_000153_stencil,4,Os_size,-Os,0.01674279999861028,45036
prog_000153_stencil,5,O2_unroll_vec,-O2 -funroll-loops -ftree-vectorize,0.019956399999500718,46157
prog_000153_stencil,10,O3_combine,-O3 -funroll-loops -finline-functions -ftree-vectorize,0.018430199999784236,46157
prog_000153_stencil,13,O2_fast_math,-O2 -ffast-math,0.018595199999253964,49359
prog_000153_stencil,19,full_aggressive,-O3 -ffast-math -funroll-loops -finline-functions -ftree-vectorize,0.01940670000112732,49871
prog_000156_matrix_mult,0,O0_baseline,-O0,0.028035699999236385,45859
prog_000156_matrix_mult,2,O2_standard,-O2,0.02109019999988959,45663
prog_000156_matrix_mult,3,O3_aggressive,-O3,0.02139580000039132,45663
prog_000156_matrix_mult,4,Os_size,-Os,0.021971899999698508,45054
prog_000156_matrix_mult,5,O2_unroll_vec,-O2 -funroll-loops -ftree-vectorize,0.021002700001190533,46175
prog_000156_matrix_mult,10,O3_combine,-O3 -funroll-loops -finline-functions -ftree-vectorize,0.025653299999248702,46175
prog_000156_matrix_mult,13,O2_fast_math,-O2 -ffast-math,0.023301200000787503,49377
prog_000156_matrix_mult,19,full_aggressive,-O3 -ffast-math -funroll-loops -finline-functions -ftree-vectorize,0.024838999999701628,49889
prog_000155_dijkstra,0,O0_baseline,-O0,0.03299199999855773,125293
prog_000155_dijkstra,2,O2_standard,-O2,0.02668459999949846,51481
prog_000155_dijkstra,3,O3_aggressive,-O3,0.024464699999953154,50131
prog_000155_dijkstra,4,Os_size,-Os,0.0215888000002451,50401
prog_000155_dijkstra,5,O2_unroll_vec,-O2 -funroll-loops -ftree-vectorize,0.026353500001278007,53017
prog_000155_dijkstra,10,O3_combine,-O3 -funroll-loops -finline-functions -ftree-vectorize,0.0220683999996254,51667
prog_000155_dijkstra,13,O2_fast_math,-O2 -ffast-math,0.026753299998745206,55195
prog_000155_dijkstra,19,full_aggressive,-O3 -ffast-math -funroll-loops -finline-functions -ftree-vectorize,0.02997280000090541,55893
prog_000157_matrix_mult,0,O0_baseline,-O0,0.017242099998838967,45859
prog_000157_matrix_mult,2,O2_standard,-O2,0.02242589999877964,45151
prog_000157_matrix_mult,3,O3_aggressive,-O3,0.01846759999898495,45151
prog_000157_matrix_mult,4,Os_size,-Os,0.020026999998663086,45054
prog_000157_matrix_mult,5,O2_unroll_vec,-O2 -funroll-loops -ftree-vectorize,0.019611800000348012,45663
prog_000157_matrix_mult,10,O3_combine,-O3 -funroll-loops -finline-functions -ftree-vectorize,0.02088259999982256,45663
prog_000157_matrix_mult,13,O2_fast_math,-O2 -ffast-math,0.019817400001556962,49377
prog_000157_matrix_mult,19,full_aggressive,-O3 -ffast-math -funroll-loops -finline-functions -ftree-vectorize,0.02256400000078429,49889
prog_000158_lcs,0,O0_baseline,-O0,0.05709200000092096,84739
prog_000158_lcs,2,O2_standard,-O2,0.02683910000087053,48531
prog_000158_lcs,3,O3_aggressive,-O3,0.028223900000739377,48617
prog_000158_lcs,4,Os_size,-Os,0.036266699999032426,49485
prog_000158_lcs,5,O2_unroll_vec,-O2 -funroll-loops -ftree-vectorize,0.029148500001610955,51091
prog_000158_lcs,10,O3_combine,-O3 -funroll-loops -finline-functions -ftree-vectorize,0.026704200001404388,51689
prog_000158_lcs,13,O2_fast_math,-O2 -ffast-math,0.028641000000789063,52245
prog_000158_lcs,19,full_aggressive,-O3 -ffast-math -funroll-loops -finline-functions -ftree-vectorize,0.027832599998873775,55403
prog_000160_fibonacci,0,O0_baseline,-O0,0.028636099999857834,45183
prog_000160_fibonacci,2,O2_standard,-O2,0.023602600000231178,45005
prog_000160_fibonacci,3,O3_aggressive,-O3,0.024318699999639648,46029
prog_000160_fibonacci,4,Os_size,-Os,0.023797299998477683,44908
prog_000160_fibonacci,5,O2_unroll_vec,-O2 -funroll-loops -ftree-vectorize,0.023344900000665803,45517
prog_000160_fibonacci,10,O3_combine,-O3 -funroll-loops -finline-functions -ftree-vectorize,0.023097100000086357,46541
prog_000160_fibonacci,13,O2_fast_math,-O2 -ffast-math,0.023825500000384636,48719
prog_000160_fibonacci,19,full_aggressive,-O3 -ffast-math -funroll-loops -finline-functions -ftree-vectorize,0.022400399999241927,50255
prog_000159_heap_sort,0,O0_baseline,-O0,0.03506619999825489,59542
prog_000159_heap_sort,2,O2_standard,-O2,0.027067699998951866,46915
prog_000159_heap_sort,3,O3_aggressive,-O3,0.026624699999956647,47001
prog_000159_heap_sort,4,Os_size,-Os,0.026510800000323798,46818
prog_000159_heap_sort,5,O2_unroll_vec,-O2 -funroll-loops -ftree-vectorize,0.026197200000751764,47939
prog_000159_heap_sort,10,O3_combine,-O3 -funroll-loops -finline-functions -ftree-vectorize,0.026608500000293134,47513
prog_000159_heap_sort,13,O2_fast_math,-O2 -ffast-math,0.027494500000102562,50629
prog_000159_heap_sort,19,full_aggressive,-O3 -ffast-math -funroll-loops -finline-functions -ftree-vectorize,0.02396000000044296,51227
prog_000161_kmp,0,O0_baseline,-O0,0.027448000000731554,63096
prog_000161_kmp,2,O2_standard,-O2,0.023581199999171076,47481
prog_000161_kmp,3,O3_aggressive,-O3,0.021828199998708442,47567
prog_000161_kmp,4,Os_size,-Os,0.021070799999506562,47672
prog_000161_kmp,5,O2_unroll_vec,-O2 -funroll-loops -ftree-vectorize,0.023590700000568177,47993
prog_000161_kmp,10,O3_combine,-O3 -funroll-loops -finline-functions -ftree-vectorize,0.02322210000056657,48079
prog_000161_kmp,13,O2_fast_math,-O2 -ffast-math,0.02534869999908551,51707
prog_000162_prefix_sum,0,O0_baseline,-O0,0.02616409999973257,47053
prog_000162_prefix_sum,2,O2_standard,-O2,0.02711970000018482,45106
prog_000162_prefix_sum,3,O3_aggressive,-O3,0.024853800001437776,45106
prog_000162_prefix_sum,4,Os_size,-Os,0.028584800000317045,45009
prog_000162_prefix_sum,5,O2_unroll_vec,-O2 -funroll-loops -ftree-vectorize,0.029373800000030315,45618
prog_000162_prefix_sum,13,O2_fast_math,-O2 -ffast-math,0.03153109999948356,49332
prog_000162_prefix_sum,19,full_aggressive,-O3 -ffast-math -funroll-loops -finline-functions -ftree-vectorize,0.03886870000133058,49844
prog_000163_heap_sort,0,O0_baseline,-O0,0.026165400000536465,59542
prog_000163_heap_sort,2,O2_standard,-O2,0.023177299999588286,46915
prog_000163_heap_sort,4,Os_size,-Os,0.049501400000735885,46818
prog_000163_heap_sort,5,O2_unroll_vec,-O2 -funroll-loops -ftree-vectorize,0.022625200001129997,47939
prog_000163_heap_sort,10,O3_combine,-O3 -funroll-loops -finline-functions -ftree-vectorize,0.031023599998661666,47513
prog_000163_heap_sort,13,O2_fast_math,-O2 -ffast-math,0.020670300000347197,50629
prog_000163_heap_sort,19,full_aggressive,-O3 -ffast-math -funroll-loops -finline-functions -ftree-vectorize,0.023285600000235718,51227
prog_000164_heap_sort,0,O0_baseline,-O0,0.022853700000268873,59542
prog_000164_heap_sort,2,O2_standard,-O2,0.02435659999900963,46915
prog_000164_heap_sort,4,Os_size,-Os,0.0447122000005038,46818
prog_000164_heap_sort,5,O2_unroll_vec,-O2 -funroll-loops -ftree-vectorize,0.02175139999962994,47939
prog_000164_heap_sort,10,O3_combine,-O3 -funroll-loops -finline-functions -ftree-vectorize,0.036300600000686245,47513
prog_000164_heap_sort,13,O2_fast_math,-O2 -ffast-math,0.020234899999195477,50629
prog_000164_heap_sort,19,full_aggressive,-O3 -ffast-math -funroll-loops -finline-functions -ftree-vectorize,0.017895200000566547,51739
prog_000165_selection_sort,0,O0_baseline,-O0,0.026030400000308873,45819
prog_000165_selection_sort,2,O2_standard,-O2,0.018931299999167095,45129
prog_000165_selection_sort,3,O3_aggressive,-O3,0.030133099999147817,45129
prog_000165_selection_sort,4,Os_size,-Os,0.020106300000406918,45032
prog_000165_selection_sort,5,O2_unroll_vec,-O2 -funroll-loops -ftree-vectorize,0.01633869999932358,45641
prog_000165_selection_sort,10,O3_combine,-O3 -funroll-loops -finline-functions -ftree-vectorize,0.014912799999365234,45641
prog_000165_selection_sort,13,O2_fast_math,-O2 -ffast-math,0.01771329999974114,49355
prog_000165_selection_sort,19,full_aggressive,-O3 -ffast-math -funroll-loops -finline-functions -ftree-vectorize,0.01833000000078755,49867
prog_000166_convex_hull,0,O0_baseline,-O0,0.0267985000009503,90733
prog_000166_convex_hull,2,O2_standard,-O2,0.049143599999297294,52123
prog_000166_convex_hull,3,O3_aggressive,-O3,0.023302899999180227,51942
prog_000166_convex_hull,4,Os_size,-Os,0.01819410000098287,51582
prog_000166_convex_hull,5,O2_unroll_vec,-O2 -funroll-loops -ftree-vectorize,0.021670800000720192,54683
prog_000166_convex_hull,10,O3_combine,-O3 -funroll-loops -finline-functions -ftree-vectorize,0.019727300001250114,53990
prog_000166_convex_hull,13,O2_fast_math,-O2 -ffast-math,0.02481679999982589,56349
prog_000166_convex_hull,19,full_aggressive,-O3 -ffast-math -funroll-loops -finline-functions -ftree-vectorize,0.02456480000000738,58728
prog_000168_linked_list,0,O0_baseline,-O0,0.017200700000103097,45467
prog_000168_linked_list,2,O2_standard,-O2,0.01745910000136064,44631
prog_000168_linked_list,3,O3_aggressive,-O3,0.0186998000008316,44631
prog_000168_linked_list,4,Os_size,-Os,0.016901099999813596,45046
prog_000168_linked_list,5,O2_unroll_vec,-O2 -funroll-loops -ftree-vectorize,0.02493950000098266,44631
prog_000168_linked_list,10,O3_combine,-O3 -funroll-loops -finline-functions -ftree-vectorize,0.022705999999743653,44631
prog_000168_linked_list,13,O2_fast_math,-O2 -ffast-math,0.02162080000016431,48857
prog_000168_linked_list,19,full_aggressive,-O3 -ffast-math -funroll-loops -finline-functions -ftree-vectorize,0.01970410000103584,49369
prog_000167_bellman_ford,0,O0_baseline,-O0,0.020714500000394764,60787
prog_000167_bellman_ford,2,O2_standard,-O2,0.019277199999123695,46465
prog_000167_bellman_ford,3,O3_aggressive,-O3,0.020830100000239327,46465
prog_000167_bellman_ford,4,Os_size,-Os,0.025238700000045355,45856
prog_000167_bellman_ford,5,O2_unroll_vec,-O2 -funroll-loops -ftree-vectorize,0.020803400000659167,46977
prog_000167_bellman_ford,10,O3_combine,-O3 -funroll-loops -finline-functions -ftree-vectorize,0.0195108000007167,46977
prog_000167_bellman_ford,13,O2_fast_math,-O2 -ffast-math,0.02021269999931974,50179
prog_000167_bellman_ford,19,full_aggressive,-O3 -ffast-math -funroll-loops -finline-functions -ftree-vectorize,0.024174900001526112,50691
prog_000169_bst,0,O0_baseline,-O0,0.017350699999951757,46201
prog_000169_bst,2,O2_standard,-O2,0.025511699999697157,45868
prog_000169_bst,3,O3_aggressive,-O3,0.01937550000002375,57644
prog_000169_bst,4,Os_size,-Os,0.019678099999509868,45259
prog_000169_bst,5,O2_unroll_vec,-O2 -funroll-loops -ftree-vectorize,0.019954900000811904,45868
prog_000169_bst,10,O3_combine,-O3 -funroll-loops -finline-functions -ftree-vectorize,0.01813880000008794,57644
prog_000169_bst,13,O2_fast_math,-O2 -ffast-math,0.01944290000028559,49582
prog_000169_bst,19,full_aggressive,-O3 -ffast-math -funroll-loops -finline-functions -ftree-vectorize,0.025113499999861233,61358
prog_000170_segment_tree,0,O0_baseline,-O0,0.017351599999528844,60124
prog_000170_segment_tree,2,O2_standard,-O2,0.017171700001199497,47509
prog_000170_segment_tree,3,O3_aggressive,-O3,0.018107300000338,61805
prog_000170_segment_tree,4,Os_size,-Os,0.019241099998907885,46860
prog_000170_segment_tree,5,O2_unroll_vec,-O2 -funroll-loops -ftree-vectorize,0.020230000000083237,48021
prog_000170_segment_tree,10,O3_combine,-O3 -funroll-loops -finline-functions -ftree-vectorize,0.02012020000074699,61805
prog_000170_segment_tree,13,O2_fast_math,-O2 -ffast-math,0.020118899999943096,51223
prog_000170_segment_tree,19,full_aggressive,-O3 -ffast-math -funroll-loops -finline-functions -ftree-vectorize,0.018371600001046318,66031
prog_000172_selection_sort,0,O0_baseline,-O0,0.017767100000128266,45819
prog_000172_selection_sort,2,O2_standard,-O2,0.021791799999846262,45641
prog_000172_selection_sort,3,O3_aggressive,-O3,0.017798300001231837,45641
prog_000172_selection_sort,4,Os_size,-Os,0.01805400000012014,45032
prog_000172_selection_sort,5,O2_unroll_vec,-O2 -funroll-loops -ftree-vectorize,0.018444300001647207,46153
prog_000172_selection_sort,10,O3_combine,-O3 -funroll-loops -finline-functions -ftree-vectorize,0.01845339999999851,46153
prog_000172_selection_sort,13,O2_fast_math,-O2 -ffast-math,0.017087700000047334,49355
prog_000172_selection_sort,19,full_aggressive,-O3 -ffast-math -funroll-loops -finline-functions -ftree-vectorize,0.02008399999976973,49867
prog_000171_floyd_warshall,0,O0_baseline,-O0,0.32211000000097556,46010
prog_000171_floyd_warshall,2,O2_standard,-O2,0.13437180000073567,45641
prog_000171_floyd_warshall,3,O3_aggressive,-O3,0.1326312000001053,45641
prog_000171_floyd_warshall,4,Os_size,-Os,0.17504990000088583,45032
prog_000171_floyd_warshall,5,O2_unroll_vec,-O2 -funroll-loops -ftree-vectorize,0.12728799999968032,46665
prog_000171_floyd_warshall,10,O3_combine,-O3 -funroll-loops -finline-functions -ftree-vectorize,0.13570419999996375,46665
prog_000171_floyd_warshall,13,O2_fast_math,-O2 -ffast-math,0.101808000001256,49355
prog_000171_floyd_warshall,19,full_aggressive,-O3 -ffast-math -funroll-loops -finline-functions -ftree-vectorize,0.12072860000080254,50379
prog_000173_sieve,0,O0_baseline,-O0,0.07363970000005793,61329
prog_000173_sieve,2,O2_standard,-O2,0.02146569999968051,46353
prog_000173_sieve,3,O3_aggressive,-O3,0.01904880000074627,47623
prog_000173_sieve,4,Os_size,-Os,0.026085699999384815,47113
prog_000173_sieve,5,O2_unroll_vec,-O2 -funroll-loops -ftree-vectorize,0.020549500000925036,46353
prog_000173_sieve,10,O3_combine,-O3 -funroll-loops -finline-functions -ftree-vectorize,0.01937550000002375,48135
prog_000173_sieve,13,O2_fast_math,-O2 -ffast-math,0.019015500000023167,50067
prog_000173_sieve,19,full_aggressive,-O3 -ffast-math -funroll-loops -finline-functions -ftree-vectorize,0.022152199999254663,51849
prog_000175_merge_sort,0,O0_baseline,-O0,0.023145799999838346,58816
prog_000175_merge_sort,2,O2_standard,-O2,0.02099839999937103,46959
prog_000175_merge_sort,3,O3_aggressive,-O3,0.019999899999675108,48581
prog_000175_merge_sort,4,Os_size,-Os,0.02064099999915925,46862
prog_000175_merge_sort,5,O2_unroll_vec,-O2 -funroll-loops -ftree-vectorize,0.02060949999940931,48495
prog_000175_merge_sort,10,O3_combine,-O3 -funroll-loops -finline-functions -ftree-vectorize,0.020131700001002173,48581
prog_000175_merge_sort,13,O2_fast_math,-O2 -ffast-math,0.019949200001065037,50673
prog_000175_merge_sort,19,full_aggressive,-O3 -ffast-math -funroll-loops -finline-functions -ftree-vectorize,0.01854499999899417,52295
prog_000174_edit_distance,0,O0_baseline,-O0,0.052886299999954645,87474
prog_000174_edit_distance,2,O2_standard,-O2,0.025998400000389665,48551
prog_000174_edit_distance,3,O3_aggressive,-O3,0.022226799999771174,48637
prog_000174_edit_distance,4,Os_size,-Os,0.02491809999992256,49505
prog_000174_edit_distance,5,O2_unroll_vec,-O2 -funroll-loops -ftree-vectorize,0.024892699999327306,50599
prog_000174_edit_distance,10,O3_combine,-O3 -funroll-loops -finline-functions -ftree-vectorize,0.02248390000022482,51197
prog_000174_edit_distance,13,O2_fast_math,-O2 -ffast-math,0.03012539999872388,52777
prog_000174_edit_distance,19,full_aggressive,-O3 -ffast-math -funroll-loops -finline-functions -ftree-vectorize,0.026971299999786424,55423
prog_000176_coin_change,0,O0_baseline,-O0,0.021815000000060536,57861
prog_000176_coin_change,2,O2_standard,-O2,0.022068700000090757,46663
prog_000176_coin_change,3,O3_aggressive,-O3,0.020909600001687068,46663
prog_000176_coin_change,4,Os_size,-Os,0.01890050000110932,46054
prog_000176_coin_change,5,O2_unroll_vec,-O2 -funroll-loops -ftree-vectorize,0.019690200000695768,47687
prog_000176_coin_change,10,O3_combine,-O3 -funroll-loops -finline-functions -ftree-vectorize,0.021300399999745423,48711
prog_000176_coin_change,13,O2_fast_math,-O2 -ffast-math,0.020158299999820883,50377
prog_000176_coin_change,19,full_aggressive,-O3 -ffast-math -funroll-loops -finline-functions -ftree-vectorize,0.018048399999315734,52425
prog_000177_coin_change,0,O0_baseline,-O0,0.02339170000050217,57861
prog_000177_coin_change,2,O2_standard,-O2,0.01950369999940449,46663
prog_000177_coin_change,3,O3_aggressive,-O3,0.019775000000663567,47175
prog_000177_coin_change,4,Os_size,-Os,0.018908800000644987,46054
prog_000177_coin_change,5,O2_unroll_vec,-O2 -funroll-loops -ftree-vectorize,0.017254399999728776,48199
prog_000177_coin_change,10,O3_combine,-O3 -funroll-loops -finline-functions -ftree-vectorize,0.017745400000421796,48711
prog_000177_coin_change,13,O2_fast_math,-O2 -ffast-math,0.02050039999994624,50377
prog_000177_coin_change,19,full_aggressive,-O3 -ffast-math -funroll-loops -finline-functions -ftree-vectorize,0.018445400000928203,52937
prog_000178_coin_change,0,O0_baseline,-O0,0.017955400000573718,57861
prog_000178_coin_change,2,O2_standard,-O2,0.021735099999204976,46663
prog_000178_coin_change,3,O3_aggressive,-O3,0.017287799999394338,46663
prog_000178_coin_change,4,Os_size,-Os,0.019436900000073365,46054
prog_000178_coin_change,5,O2_unroll_vec,-O2 -funroll-loops -ftree-vectorize,0.019393399999898975,47687
prog_000178_coin_change,10,O3_combine,-O3 -funroll-loops -finline-functions -ftree-vectorize,0.018703499999901396,47687
prog_000178_coin_change,13,O2_fast_math,-O2 -ffast-math,0.017648500001087086,50377
prog_000178_coin_change,19,full_aggressive,-O3 -ffast-math -funroll-loops -finline-functions -ftree-vectorize,0.018972600000779494,51913
prog_000179_lcs,0,O0_baseline,-O0,0.11292870000033872,84739
prog_000179_lcs,2,O2_standard,-O2,0.03881150000052003,48531
prog_000179_lcs,3,O3_aggressive,-O3,0.04130710000026738,48617
prog_000179_lcs,4,Os_size,-Os,0.05041770000025281,49485
prog_000179_lcs,5,O2_unroll_vec,-O2 -funroll-loops -ftree-vectorize,0.058923099999447004,51091
prog_000179_lcs,10,O3_combine,-O3 -funroll-loops -finline-functions -ftree-vectorize,0.03889379999964149,51177
prog_000179_lcs,13,O2_fast_math,-O2 -ffast-math,0.036218699999153614,52245
prog_000179_lcs,19,full_aggressive,-O3 -ffast-math -funroll-loops -finline-functions -ftree-vectorize,0.03607499999998254,55403
prog_000180_doubly_linked_list,0,O0_baseline,-O0,0.021963600000162842,46401
prog_000180_doubly_linked_list,2,O2_standard,-O2,0.019578999999794178,44722
prog_000180_doubly_linked_list,3,O3_aggressive,-O3,0.022235400001591188,44722
prog_000180_doubly_linked_list,4,Os_size,-Os,0.022238499999730266,45137
prog_000180_doubly_linked_list,5,O2_unroll_vec,-O2 -funroll-loops -ftree-vectorize,0.019967399999586632,45234
prog_000180_doubly_linked_list,10,O3_combine,-O3 -funroll-loops -finline-functions -ftree-vectorize,0.02352930000051856,45234
prog_000180_doubly_linked_list,13,O2_fast_math,-O2 -ffast-math,0.020562399999107583,48948
prog_000180_doubly_linked_list,19,full_aggressive,-O3 -ffast-math -funroll-loops -finline-functions -ftree-vectorize,0.01911660000041593,49460
prog_000181_prefix_sum,0,O0_baseline,-O0,0.02259349999985716,60850
prog_000181_prefix_sum,2,O2_standard,-O2,0.02209960000072897,46838
prog_000181_prefix_sum,3,O3_aggressive,-O3,0.023702599999523954,46924
prog_000181_prefix_sum,4,Os_size,-Os,0.02355840000018361,46800
prog_000181_prefix_sum,5,O2_unroll_vec,-O2 -funroll-loops -ftree-vectorize,0.023670900000070105,47862
prog_000181_prefix_sum,10,O3_combine,-O3 -funroll-loops -finline-functions -ftree-vectorize,0.0211725999997725,47436
prog_000181_prefix_sum,13,O2_fast_math,-O2 -ffast-math,0.02228560000003199,50552
prog_000181_prefix_sum,19,full_aggressive,-O3 -ffast-math -funroll-loops -finline-functions -ftree-vectorize,0.02073770000060904,51150
prog_000182_quick_sort,0,O0_baseline,-O0,0.032874800001081894,59513
prog_000182_quick_sort,2,O2_standard,-O2,0.024711100000786246,46886
prog_000182_quick_sort,3,O3_aggressive,-O3,0.029125200000635232,49020
prog_000182_quick_sort,4,Os_size,-Os,0.024164599999494385,46789
prog_000182_quick_sort,5,O2_unroll_vec,-O2 -funroll-loops -ftree-vectorize,0.024457600000459934,47910
prog_000182_quick_sort,10,O3_combine,-O3 -funroll-loops -finline-functions -ftree-vectorize,0.029490499999155873,54652
prog_000182_quick_sort,13,O2_fast_math,-O2 -ffast-math,0.026401999999507098,50600
prog_000182_quick_sort,19,full_aggressive,-O3 -ffast-math -funroll-loops -finline-functions -ftree-vectorize,0.02440779999960796,58366
prog_000184_linked_list,0,O0_baseline,-O0,0.025392900000952068,45467
prog_000184_linked_list,2,O2_standard,-O2,0.040302399998836336,44631
prog_000184_linked_list,3,O3_aggressive,-O3,0.021367700001064804,44631
prog_000184_linked_list,4,Os_size,-Os,0.024161999999705586,45046
prog_000184_linked_list,5,O2_unroll_vec,-O2 -funroll-loops -ftree-vectorize,0.022176200000103563,45143
prog_000184_linked_list,10,O3_combine,-O3 -funroll-loops -finline-functions -ftree-vectorize,0.020232400000168127,45143
prog_000184_linked_list,13,O2_fast_math,-O2 -ffast-math,0.01994179999928747,48857
prog_000184_linked_list,19,full_aggressive,-O3 -ffast-math -funroll-loops -finline-functions -ftree-vectorize,0.024048199999015196,49369
prog_000183_dfs,0,O0_baseline,-O0,0.020308400000430993,81376
prog_000183_dfs,2,O2_standard,-O2,0.018757299998469534,48057
prog_000183_dfs,3,O3_aggressive,-O3,0.016674299999067443,48569
prog_000183_dfs,4,Os_size,-Os,0.01815119999992021,47660
prog_000183_dfs,5,O2_unroll_vec,-O2 -funroll-loops -ftree-vectorize,0.018137900000510854,48569
prog_000183_dfs,10,O3_combine,-O3 -funroll-loops -finline-functions -ftree-vectorize,0.01787789999980305,49593
prog_000183_dfs,13,O2_fast_math,-O2 -ffast-math,0.019219200001316494,51771
prog_000183_dfs,19,full_aggressive,-O3 -ffast-math -funroll-loops -finline-functions -ftree-vectorize,0.020682499998656567,53307
prog_000185_stencil,0,O0_baseline,-O0,0.021813200000906363,45841
prog_000185_stencil,2,O2_standard,-O2,0.018389899998510373,45133
prog_000185_stencil,3,O3_aggressive,-O3,0.018464599999788334,45645
prog_000185_stencil,4,Os_size,-Os,0.019275399999969522,45036
prog_000185_stencil,5,O2_unroll_vec,-O2 -funroll-loops -ftree-vectorize,0.019320399998832727,46157
prog_000185_stencil,10,O3_combine,-O3 -funroll-loops -finline-functions -ftree-vectorize,0.017953599999600556,46157
prog_000185_stencil,13,O2_fast_math,-O2 -ffast-math,0.016864600000189967,49359
prog_000185_stencil,19,full_aggressive,-O3 -ffast-math -funroll-loops -finline-functions -ftree-vectorize,0.017443200000343495,49871
prog_000186_dfs,0,O0_baseline,-O0,0.019178399999873363,81376
prog_000186_dfs,2,O2_standard,-O2,0.019548899999790592,48057
prog_000186_dfs,3,O3_aggressive,-O3,0.02559290000135661,48569
prog_000186_dfs,4,Os_size,-Os,0.018934399999125162,47660
prog_000186_dfs,5,O2_unroll_vec,-O2 -funroll-loops -ftree-vectorize,0.016971499999272055,48569
prog_000186_dfs,10,O3_combine,-O3 -funroll-loops -finline-functions -ftree-vectorize,0.01882810000097379,49593
prog_000186_dfs,13,O2_fast_math,-O2 -ffast-math,0.019417699999394245,51771
prog_000186_dfs,19,full_aggressive,-O3 -ffast-math -funroll-loops -finline-functions -ftree-vectorize,0.01877030000105151,53307
prog_000188_floyd_warshall,0,O0_baseline,-O0,0.021125400000528316,46010
prog_000188_floyd_warshall,2,O2_standard,-O2,0.018270799999299925,45641
prog_000188_floyd_warshall,3,O3_aggressive,-O3,0.01610419999997248,45641
prog_000188_floyd_warshall,4,Os_size,-Os,0.01692459999867424,45032
prog_000188_floyd_warshall,5,O2_unroll_vec,-O2 -funroll-loops -ftree-vectorize,0.01716099999975995,46665
prog_000188_floyd_warshall,10,O3_combine,-O3 -funroll-loops -finline-functions -ftree-vectorize,0.016726399999242858,46665
prog_000188_floyd_warshall,13,O2_fast_math,-O2 -ffast-math,0.017058800000086194,49355
prog_000188_floyd_warshall,19,full_aggressive,-O3 -ffast-math -funroll-loops -finline-functions -ftree-vectorize,0.017682799998510745,50379
prog_000187_edit_distance,0,O0_baseline,-O0,0.02382910000051197,87474
prog_000187_edit_distance,2,O2_standard,-O2,0.01754320000145526,48551
prog_000187_edit_distance,3,O3_aggressive,-O3,0.017517500000394648,48637
prog_000187_edit_distance,4,Os_size,-Os,0.016763700001320103,49505
prog_000187_edit_distance,5,O2_unroll_vec,-O2 -funroll-loops -ftree-vectorize,0.01863459999913175,50599
prog_000187_edit_distance,10,O3_combine,-O3 -funroll-loops -finline-functions -ftree-vectorize,0.01724649999960093,51197
prog_000187_edit_distance,13,O2_fast_math,-O2 -ffast-math,0.0175970000000234,52777
prog_000187_edit_distance,19,full_aggressive,-O3 -ffast-math -funroll-loops -finline-functions -ftree-vectorize,0.016491999998834217,55423
prog_000189_insertion_sort,0,O0_baseline,-O0,0.04204159999972035,45819
prog_000189_insertion_sort,2,O2_standard,-O2,0.02766220000012254,45129
prog_000189_insertion_sort,3,O3_aggressive,-O3,0.025330099999337108,45129
prog_000189_insertion_sort,4,Os_size,-Os,0.026259800000843825,45032
prog_000189_insertion_sort,5,O2_unroll_vec,-O2 -funroll-loops -ftree-vectorize,0.02171450000059849,46153
prog_000189_insertion_sort,10,O3_combine,-O3 -funroll-loops -finline-functions -ftree-vectorize,0.02225880000150937,46153
prog_000189_insertion_sort,13,O2_fast_math,-O2 -ffast-math,0.036975800001528114,49355
prog_000189_insertion_sort,19,full_aggressive,-O3 -ffast-math -funroll-loops -finline-functions -ftree-vectorize,0.026124900001377682,49867
prog_000190_insertion_sort,0,O0_baseline,-O0,0.03988789999857545,45819
prog_000190_insertion_sort,2,O2_standard,-O2,0.027639699999781442,45129
prog_000190_insertion_sort,3,O3_aggressive,-O3,0.02670649999890884,45129
prog_000190_insertion_sort,4,Os_size,-Os,0.030552199999874574,45032
prog_000190_insertion_sort,5,O2_unroll_vec,-O2 -funroll-loops -ftree-vectorize,0.02278910000131873,46153
prog_000190_insertion_sort,10,O3_combine,-O3 -funroll-loops -finline-functions -ftree-vectorize,0.025546799999574432,46153
prog_000190_insertion_sort,13,O2_fast_math,-O2 -ffast-math,0.0376959999994142,49355
prog_000190_insertion_sort,19,full_aggressive,-O3 -ffast-math -funroll-loops -finline-functions -ftree-vectorize,0.0255646000005072,49867
prog_000191_union_find,0,O0_baseline,-O0,0.028899500000989065,65328
prog_000191_union_find,2,O2_standard,-O2,0.0239506000016263,47990
prog_000191_union_find,3,O3_aggressive,-O3,0.02322230000027048,48076
prog_000191_union_find,4,Os_size,-Os,0.027382699998270255,47388
prog_000191_union_find,5,O2_unroll_vec,-O2 -funroll-loops -ftree-vectorize,0.020715099999506492,48502
prog_000191_union_find,10,O3_combine,-O3 -funroll-loops -finline-functions -ftree-vectorize,0.023380800001177704,48588
prog_000191_union_find,13,O2_fast_math,-O2 -ffast-math,0.020302599999922677,52216
prog_000191_union_find,19,full_aggressive,-O3 -ffast-math -funroll-loops -finline-functions -ftree-vectorize,0.021827599999596714,52302
prog_000193_floyd_warshall,0,O0_baseline,-O0,0.03271200000017416,46010
prog_000193_floyd_warshall,2,O2_standard,-O2,0.022255500000028405,45641
prog_000193_floyd_warshall,3,O3_aggressive,-O3,0.027513799999724142,45641
prog_000193_floyd_warshall,4,Os_size,-Os,0.02334329999939655,45032
prog_000193_floyd_warshall,5,O2_unroll_vec,-O2 -funroll-loops -ftree-vectorize,0.02172210000026098,46665
prog_000193_floyd_warshall,10,O3_combine,-O3 -funroll-loops -finline-functions -ftree-vectorize,0.02268759999969916,46665
prog_000193_floyd_warshall,13,O2_fast_math,-O2 -ffast-math,0.02044700000078592,49355
prog_000193_floyd_warshall,19,full_aggressive,-O3 -ffast-math -funroll-loops -finline-functions -ftree-vectorize,0.02061659999890253,50379
prog_000192_bst,0,O0_baseline,-O0,0.02972320000117179,46201
prog_000192_bst,2,O2_standard,-O2,0.017009600000164937,45868
prog_000192_bst,3,O3_aggressive,-O3,0.01793830000133312,57644
prog_000192_bst,4,Os_size,-Os,0.021878300000025774,45259
prog_000192_bst,5,O2_unroll_vec,-O2 -funroll-loops -ftree-vectorize,0.01974019999943266,45868
prog_000192_bst,10,O3_combine,-O3 -funroll-loops -finline-functions -ftree-vectorize,0.018257899999298388,57644
prog_000192_bst,13,O2_fast_math,-O2 -ffast-math,0.021339199998692493,49582
prog_000192_bst,19,full_aggressive,-O3 -ffast-math -funroll-loops -finline-functions -ftree-vectorize,0.01814629999898898,61358
prog_000194_segment_tree,0,O0_baseline,-O0,0.04592170000069018,60124
prog_000194_segment_tree,2,O2_standard,-O2,0.044302199999947334,47509
prog_000194_segment_tree,3,O3_aggressive,-O3,0.035993699999380624,61891
prog_000194_segment_tree,4,Os_size,-Os,0.03876750000017637,46860
prog_000194_segment_tree,5,O2_unroll_vec,-O2 -funroll-loops -ftree-vectorize,0.04468820000147389,48021
prog_000194_segment_tree,10,O3_combine,-O3 -funroll-loops -finline-functions -ftree-vectorize,0.03708100000039849,61891
prog_000194_segment_tree,13,O2_fast_math,-O2 -ffast-math,0.036201200000505196,51223
prog_000194_segment_tree,19,full_aggressive,-O3 -ffast-math -funroll-loops -finline-functions -ftree-vectorize,0.03828410000096483,66117
prog_000196_heap_sort,0,O0_baseline,-O0,0.019122399999105255,59542
prog_000196_heap_sort,2,O2_standard,-O2,0.017919500000061817,46915
prog_000196_heap_sort,3,O3_aggressive,-O3,0.020128500000282656,47001
prog_000196_heap_sort,4,Os_size,-Os,0.018234299999676296,46818
prog_000196_heap_sort,5,O2_unroll_vec,-O2 -funroll-loops -ftree-vectorize,0.018476799999916693,47939
prog_000196_heap_sort,10,O3_combine,-O3 -funroll-loops -finline-functions -ftree-vectorize,0.020588499999576015,47513
prog_000196_heap_sort,13,O2_fast_math,-O2 -ffast-math,0.019122900001093512,50629
prog_000196_heap_sort,19,full_aggressive,-O3 -ffast-math -funroll-loops -finline-functions -ftree-vectorize,0.01868280000053346,51227
prog_000197_avl_tree,0,O0_baseline,-O0,0.01886200000080862,46964
prog_000197_avl_tree,2,O2_standard,-O2,0.018973000000187312,46470
prog_000197_avl_tree,3,O3_aggressive,-O3,0.02058240000042133,51117
prog_000197_avl_tree,4,Os_size,-Os,0.018902499999967404,45861
prog_000197_avl_tree,5,O2_unroll_vec,-O2 -funroll-loops -ftree-vectorize,0.01752459999988787,46470
prog_000197_avl_tree,10,O3_combine,-O3 -funroll-loops -finline-functions -ftree-vectorize,0.020811599999433383,51117
prog_000197_avl_tree,13,O2_fast_math,-O2 -ffast-math,0.019697600000654347,50184
prog_000197_avl_tree,19,full_aggressive,-O3 -ffast-math -funroll-loops -finline-functions -ftree-vectorize,0.01962660000026517,55343
prog_000198_lis,0,O0_baseline,-O0,0.01912799999990966,78164
prog_000198_lis,2,O2_standard,-O2,0.017607499999940046,47227
prog_000198_lis,3,O3_aggressive,-O3,0.016918900000746362,47313
prog_000198_lis,4,Os_size,-Os,0.026927099999738857,47189
prog_000198_lis,5,O2_unroll_vec,-O2 -funroll-loops -ftree-vectorize,0.017569700001331512,47739
prog_000198_lis,10,O3_combine,-O3 -funroll-loops -finline-functions -ftree-vectorize,0.017076000000088243,47825
prog_000198_lis,13,O2_fast_math,-O2 -ffast-math,0.01945720000003348,51453
prog_000198_lis,19,full_aggressive,-O3 -ffast-math -funroll-loops -finline-functions -ftree-vectorize,0.020871599999736645,51539
prog_000199_matrix_mult,0,O0_baseline,-O0,0.027409199999965494,45859
prog_000199_matrix_mult,2,O2_standard,-O2,0.02453869999953895,45151
prog_000199_matrix_mult,3,O3_aggressive,-O3,0.024162199999409495,45151
prog_000199_matrix_mult,4,Os_size,-Os,0.023557099999379716,45054
prog_000199_matrix_mult,5,O2_unroll_vec,-O2 -funroll-loops -ftree-vectorize,0.02177269999992859,45663
prog_000199_matrix_mult,10,O3_combine,-O3 -funroll-loops -finline-functions -ftree-vectorize,0.019810100000540842,45663
prog_000199_matrix_mult,13,O2_fast_math,-O2 -ffast-math,0.021744200001194258,49377
prog_000199_matrix_mult,19,full_aggressive,-O3 -ffast-math -funroll-loops -finline-functions -ftree-vectorize,0.024069500001132837,49889
prog_000195_bubble_sort,0,O0_baseline,-O0,1.0754799000005733,45810
prog_000195_bubble_sort,2,O2_standard,-O2,0.4171485999995639,45120
prog_000195_bubble_sort,3,O3_aggressive,-O3,0.4157037000004493,45120
prog_000195_bubble_sort,4,Os_size,-Os,0.475925400000051,45023
prog_000195_bubble_sort,5,O2_unroll_vec,-O2 -funroll-loops -ftree-vectorize,0.34711799999968207,45632
prog_000195_bubble_sort,10,O3_combine,-O3 -funroll-loops -finline-functions -ftree-vectorize,0.31092460000036226,45632
prog_000195_bubble_sort,13,O2_fast_math,-O2 -ffast-math,0.41154589999860036,49346
prog_000195_bubble_sort,19,full_aggressive,-O3 -ffast-math -funroll-loops -finline-functions -ftree-vectorize,0.3196748000009393,49858
prog_000200_coin_change,0,O0_baseline,-O0,0.021319900000889902,57861
prog_000200_coin_change,2,O2_standard,-O2,0.039315400001214584,46663
prog_000200_coin_change,3,O3_aggressive,-O3,0.018703300000197487,46663
prog_000200_coin_change,4,Os_size,-Os,0.019079100000453764,46054
prog_000200_coin_change,5,O2_unroll_vec,-O2 -funroll-loops -ftree-vectorize,0.023107399998480105,47687
prog_000200_coin_change,10,O3_combine,-O3 -funroll-loops -finline-functions -ftree-vectorize,0.016802000000097905,48711
prog_000200_coin_change,13,O2_fast_math,-O2 -ffast-math,0.01804450000054203,50377
prog_000200_coin_change,19,full_aggressive,-O3 -ffast-math -funroll-loops -finline-functions -ftree-vectorize,0.019204000000172528,52937
prog_000202_bellman_ford,0,O0_baseline,-O0,0.019938499999625492,60787
prog_000202_bellman_ford,2,O2_standard,-O2,0.02209919999950216,46465
prog_000202_bellman_ford,3,O3_aggressive,-O3,0.016973699999653036,46465
prog_000202_bellman_ford,4,Os_size,-Os,0.018082099999446655,45856
prog_000202_bellman_ford,5,O2_unroll_vec,-O2 -funroll-loops -ftree-vectorize,0.016937700000198674,46977
prog_000202_bellman_ford,10,O3_combine,-O3 -funroll-loops -finline-functions -ftree-vectorize,0.017050799999196897,46977
prog_000202_bellman_ford,13,O2_fast_math,-O2 -ffast-math,0.020888399998511886,50179
prog_000202_bellman_ford,19,full_aggressive,-O3 -ffast-math -funroll-loops -finline-functions -ftree-vectorize,0.017412499999409192,50691
prog_000201_hash_table,0,O0_baseline,-O0,0.061206800000945805,46199
prog_000201_hash_table,2,O2_standard,-O2,0.054685900000549736,45838
prog_000201_hash_table,3,O3_aggressive,-O3,0.053338899999289424,45838
prog_000201_hash_table,4,Os_size,-Os,0.05808040000010806,45229
prog_000201_hash_table,5,O2_unroll_vec,-O2 -funroll-loops -ftree-vectorize,0.05814749999990454,45838
prog_000201_hash_table,10,O3_combine,-O3 -funroll-loops -finline-functions -ftree-vectorize,0.06445429999985208,45838
prog_000201_hash_table,13,O2_fast_math,-O2 -ffast-math,0.06284030000097118,49552
prog_000201_hash_table,19,full_aggressive,-O3 -ffast-math -funroll-loops -finline-functions -ftree-vectorize,0.04902659999970638,49552
prog_000203_hash_table,0,O0_baseline,-O0,0.02058249999936379,46199
prog_000203_hash_table,2,O2_standard,-O2,0.02219849999892176,45838
prog_000203_hash_table,3,O3_aggressive,-O3,0.01765290000003006,45838
prog_000203_hash_table,4,Os_size,-Os,0.018709299998590723,45229
prog_000203_hash_table,5,O2_unroll_vec,-O2 -funroll-loops -ftree-vectorize,0.01855260000047565,45838
prog_000203_hash_table,10,O3_combine,-O3 -funroll-loops -finline-functions -ftree-vectorize,0.017537399999127956,45838
prog_000203_hash_table,13,O2_fast_math,-O2 -ffast-math,0.02029980000042997,49552
prog_000203_hash_table,19,full_aggressive,-O3 -ffast-math -funroll-loops -finline-functions -ftree-vectorize,0.020157999999355525,49552
prog_000204_vector_ops,0,O0_baseline,-O0,0.02389200000106939,57793
prog_000204_vector_ops,2,O2_standard,-O2,0.02546050000091782,46908
prog_000204_vector_ops,3,O3_aggressive,-O3,0.028363999999783118,46994
prog_000204_vector_ops,4,Os_size,-Os,0.025920500000211177,46870
prog_000204_vector_ops,5,O2_unroll_vec,-O2 -funroll-loops -ftree-vectorize,0.023506999999881373,46908
prog_000204_vector_ops,10,O3_combine,-O3 -funroll-loops -finline-functions -ftree-vectorize,0.023636399999304558,46994
prog_000204_vector_ops,13,O2_fast_math,-O2 -ffast-math,0.021988999998939107,50622
prog_000204_vector_ops,19,full_aggressive,-O3 -ffast-math -funroll-loops -finline-functions -ftree-vectorize,0.02216500000031374,50708
prog_000206_topo_sort,0,O0_baseline,-O0,0.021711299999878975,95247
prog_000206_topo_sort,2,O2_standard,-O2,0.019397800000660936,50289
prog_000206_topo_sort,3,O3_aggressive,-O3,0.021058299998912844,50259
prog_000206_topo_sort,4,Os_size,-Os,0.022628299999269075,50797
prog_000206_topo_sort,5,O2_unroll_vec,-O2 -funroll-loops -ftree-vectorize,0.02072249999946507,52337
prog_000206_topo_sort,10,O3_combine,-O3 -funroll-loops -finline-functions -ftree-vectorize,0.02041090000057011,54355
prog_000206_topo_sort,13,O2_fast_math,-O2 -ffast-math,0.019647099999929196,54515
prog_000206_topo_sort,19,full_aggressive,-O3 -ffast-math -funroll-loops -finline-functions -ftree-vectorize,0.018889999999373686,58581
prog_000208_knapsack,0,O0_baseline,-O0,0.026901100000031875,80027
prog_000208_knapsack,2,O2_standard,-O2,0.020542800000839634,48152
prog_000208_knapsack,3,O3_aggressive,-O3,0.019930899999963003,48238
prog_000208_knapsack,4,Os_size,-Os,0.019821899999442394,48306
prog_000208_knapsack,5,O2_unroll_vec,-O2 -funroll-loops -ftree-vectorize,0.01970409999921685,49688
prog_000208_knapsack,10,O3_combine,-O3 -funroll-loops -finline-functions -ftree-vectorize,0.022509000000354717,50286
prog_000208_knapsack,13,O2_fast_math,-O2 -ffast-math,0.02274299999953655,51866
prog_000208_knapsack,19,full_aggressive,-O3 -ffast-math -funroll-loops -finline-functions -ftree-vectorize,0.018929199999547563,54512
prog_000205_lcs,0,O0_baseline,-O0,0.1600942999994004,84739
prog_000205_lcs,2,O2_standard,-O2,0.04019400000106543,48531
prog_000205_lcs,3,O3_aggressive,-O3,0.044028700000126264,48617
prog_000205_lcs,4,Os_size,-Os,0.05701730000146199,49485
prog_000205_lcs,5,O2_unroll_vec,-O2 -funroll-loops -ftree-vectorize,0.04101269999955548,51091
prog_000205_lcs,10,O3_combine,-O3 -funroll-loops -finline-functions -ftree-vectorize,0.04508290000012494,51689
prog_000205_lcs,13,O2_fast_math,-O2 -ffast-math,0.04095389999929466,52245
prog_000205_lcs,19,full_aggressive,-O3 -ffast-math -funroll-loops -finline-functions -ftree-vectorize,0.051095599999825936,55403
prog_000207_segment_tree,0,O0_baseline,-O0,0.07791240000005928,60124
prog_000207_segment_tree,2,O2_standard,-O2,0.0668243000000075,47509
prog_000207_segment_tree,3,O3_aggressive,-O3,0.06509379999988596,61891
prog_000207_segment_tree,4,Os_size,-Os,0.06802480000078504,46860
prog_000207_segment_tree,5,O2_unroll_vec,-O2 -funroll-loops -ftree-vectorize,0.06508560000111174,48021
prog_000207_segment_tree,10,O3_combine,-O3 -funroll-loops -finline-functions -ftree-vectorize,0.06620639999891864,61891
prog_000207_segment_tree,13,O2_fast_math,-O2 -ffast-math,0.06815399999868532,51223
prog_000207_segment_tree,19,full_aggressive,-O3 -ffast-math -funroll-loops -finline-functions -ftree-vectorize,0.07243790000029549,66117
prog_000210_linked_list,0,O0_baseline,-O0,0.01895390000026964,45467
prog_000210_linked_list,2,O2_standard,-O2,0.01983749999999418,44631
prog_000210_linked_list,3,O3_aggressive,-O3,0.020827599999392987,44631
prog_000210_linked_list,4,Os_size,-Os,0.019878999999491498,45046
prog_000210_linked_list,5,O2_unroll_vec,-O2 -funroll-loops -ftree-vectorize,0.020119599999816273,44631
prog_000210_linked_list,10,O3_combine,-O3 -funroll-loops -finline-functions -ftree-vectorize,0.020203899999614805,44631
prog_000210_linked_list,13,O2_fast_math,-O2 -ffast-math,0.02473920000011276,48857
prog_000210_linked_list,19,full_aggressive,-O3 -ffast-math -funroll-loops -finline-functions -ftree-vectorize,0.025003900000228896,49369
prog_000209_floyd_warshall,0,O0_baseline,-O0,0.0202052000004187,46010
prog_000209_floyd_warshall,2,O2_standard,-O2,0.021174100000280305,45641
prog_000209_floyd_warshall,3,O3_aggressive,-O3,0.020160199999736506,45641
prog_000209_floyd_warshall,4,Os_size,-Os,0.023943999998664367,45032
prog_000209_floyd_warshall,5,O2_unroll_vec,-O2 -funroll-loops -ftree-vectorize,0.01835670000036771,46665
prog_000209_floyd_warshall,10,O3_combine,-O3 -funroll-loops -finline-functions -ftree-vectorize,0.01944799999910174,46665
prog_000209_floyd_warshall,13,O2_fast_math,-O2 -ffast-math,0.0235194999986561,49355
prog_000209_floyd_warshall,19,full_aggressive,-O3 -ffast-math -funroll-loops -finline-functions -ftree-vectorize,0.025124400001004688,50379
prog_000211_rod_cutting,0,O0_baseline,-O0,0.024295799999890733,58534
prog_000211_rod_cutting,2,O2_standard,-O2,0.018432900000334485,46651
prog_000211_rod_cutting,3,O3_aggressive,-O3,0.020653399998991517,46737
prog_000211_rod_cutting,4,Os_size,-Os,0.020309699999415898,46042
prog_000211_rod_cutting,5,O2_unroll_vec,-O2 -funroll-loops -ftree-vectorize,0.017898100000820705,47163
prog_000211_rod_cutting,10,O3_combine,-O3 -funroll-loops -finline-functions -ftree-vectorize,0.021621899999445304,47249
prog_000211_rod_cutting,13,O2_fast_math,-O2 -ffast-math,0.02394070000082138,50365
prog_000211_rod_cutting,19,full_aggressive,-O3 -ffast-math -funroll-loops -finline-functions -ftree-vectorize,0.02525180000156979,51475
prog_000212_bfs,0,O0_baseline,-O0,0.019050099999731174,108668
prog_000212_bfs,2,O2_standard,-O2,0.020672599999670638,50492
prog_000212_bfs,3,O3_aggressive,-O3,0.01967030000014347,51516
prog_000212_bfs,4,Os_size,-Os,0.01843360000020766,51724
prog_000212_bfs,5,O2_unroll_vec,-O2 -funroll-loops -ftree-vectorize,0.02780729999903997,53564
prog_000212_bfs,10,O3_combine,-O3 -funroll-loops -finline-functions -ftree-vectorize,0.02330710000023828,53564
prog_000212_bfs,13,O2_fast_math,-O2 -ffast-math,0.022882600000230013,55230
prog_000212_bfs,19,full_aggressive,-O3 -ffast-math -funroll-loops -finline-functions -ftree-vectorize,0.022021500000846572,57278
prog_000214_queue,0,O0_baseline,-O0,0.02534370000103081,47861
prog_000214_queue,2,O2_standard,-O2,0.027796500000476954,46833
prog_000214_queue,3,O3_aggressive,-O3,0.02516230000037467,46833
prog_000214_queue,4,Os_size,-Os,0.024024500000450644,46224
prog_000214_queue,5,O2_unroll_vec,-O2 -funroll-loops -ftree-vectorize,0.02497369999946386,47345
prog_000214_queue,10,O3_combine,-O3 -funroll-loops -finline-functions -ftree-vectorize,0.023636999998416286,47345
prog_000214_queue,13,O2_fast_math,-O2 -ffast-math,0.0243058000014571,50547
prog_000214_queue,19,full_aggressive,-O3 -ffast-math -funroll-loops -finline-functions -ftree-vectorize,0.025216699999873526,51059
prog_000213_radix_sort,0,O0_baseline,-O0,0.027015399999072542,60343
prog_000213_radix_sort,2,O2_standard,-O2,0.025696799999423092,47123
prog_000213_radix_sort,3,O3_aggressive,-O3,0.025011199999426026,47209
prog_000213_radix_sort,4,Os_size,-Os,0.027996700000585406,47142
prog_000213_radix_sort,5,O2_unroll_vec,-O2 -funroll-loops -ftree-vectorize,0.028035699999236385,49171
prog_000213_radix_sort,10,O3_combine,-O3 -funroll-loops -finline-functions -ftree-vectorize,0.025410900001588743,48745
prog_000213_radix_sort,13,O2_fast_math,-O2 -ffast-math,0.025555199999871547,51349
prog_000213_radix_sort,19,full_aggressive,-O3 -ffast-math -funroll-loops -finline-functions -ftree-vectorize,0.025224900000466732,52459
prog_000215_counting_sort,0,O0_baseline,-O0,0.0322572000004584,60615
prog_000215_counting_sort,2,O2_standard,-O2,0.02571390000048268,47099
prog_000215_counting_sort,3,O3_aggressive,-O3,0.02592480000021169,47185
prog_000215_counting_sort,4,Os_size,-Os,0.025879200000417768,47372
prog_000215_counting_sort,5,O2_unroll_vec,-O2 -funroll-loops -ftree-vectorize,0.026342099999965285,48635
prog_000215_counting_sort,10,O3_combine,-O3 -funroll-loops -finline-functions -ftree-vectorize,0.024486399999659625,48209
prog_000215_counting_sort,13,O2_fast_math,-O2 -ffast-math,0.024723000000449247,50813
prog_000215_counting_sort,19,full_aggressive,-O3 -ffast-math -funroll-loops -finline-functions -ftree-vectorize,0.02581590000045253,51923
prog_000216_dijkstra,0,O0_baseline,-O0,0.026115099999515223,125293
prog_000216_dijkstra,2,O2_standard,-O2,0.023075499999322346,51481
prog_000216_dijkstra,3,O3_aggressive,-O3,0.02442669999982172,50131
prog_000216_dijkstra,4,Os_size,-Os,0.025129799998467206,50401
prog_000216_dijkstra,5,O2_unroll_vec,-O2 -funroll-loops -ftree-vectorize,0.027423700001236284,53017
prog_000216_dijkstra,10,O3_combine,-O3 -funroll-loops -finline-functions -ftree-vectorize,0.02441489999910118,52179
prog_000216_dijkstra,13,O2_fast_math,-O2 -ffast-math,0.025437899999815272,55195
prog_000216_dijkstra,19,full_aggressive,-O3 -ffast-math -funroll-loops -finline-functions -ftree-vectorize,0.023651499999687076,55893
prog_000217_quick_sort,0,O0_baseline,-O0,0.04388710000057472,60025
prog_000217_quick_sort,2,O2_standard,-O2,0.0372575000001234,46886
prog_000217_quick_sort,3,O3_aggressive,-O3,0.030897999999069725,46972
prog_000217_quick_sort,4,Os_size,-Os,0.03266219999932218,46789
prog_000217_quick_sort,5,O2_unroll_vec,-O2 -funroll-loops -ftree-vectorize,0.0342397999993409,47910
prog_000217_quick_sort,10,O3_combine,-O3 -funroll-loops -finline-functions -ftree-vectorize,0.03116750000117463,47996
prog_000217_quick_sort,13,O2_fast_math,-O2 -ffast-math,0.03726239999923564,50600
prog_000217_quick_sort,19,full_aggressive,-O3 -ffast-math -funroll-loops -finline-functions -ftree-vectorize,0.03949540000030538,51710
prog_000218_quick_sort,0,O0_baseline,-O0,0.02446050000071409,59513
prog_000218_quick_sort,2,O2_standard,-O2,0.022574999999051215,46886
prog_000218_quick_sort,3,O3_aggressive,-O3,0.024616299999252078,46886
prog_000218_quick_sort,4,Os_size,-Os,0.02323390000128711,46277
prog_000218_quick_sort,5,O2_unroll_vec,-O2 -funroll-loops -ftree-vectorize,0.021838700000444078,47398
prog_000218_quick_sort,10,O3_combine,-O3 -funroll-loops -finline-functions -ftree-vectorize,0.024198600000090664,47398
prog_000218_quick_sort,13,O2_fast_math,-O2 -ffast-math,0.030513900001096772,50600
prog_000218_quick_sort,19,full_aggressive,-O3 -ffast-math -funroll-loops -finline-functions -ftree-vectorize,0.023016999999526888,51112
prog_000219_convex_hull,0,O0_baseline,-O0,0.029562099998656777,90733
prog_000219_convex_hull,2,O2_standard,-O2,0.024282599999423837,52123
prog_000219_convex_hull,3,O3_aggressive,-O3,0.02524949999860837,51942
prog_000219_convex_hull,4,Os_size,-Os,0.026402600000437815,51582
prog_000219_convex_hull,5,O2_unroll_vec,-O2 -funroll-loops -ftree-vectorize,0.026414200001454446,54683
prog_000219_convex_hull,10,O3_combine,-O3 -funroll-loops -finline-functions -ftree-vectorize,0.02437370000006922,54502
prog_000219_convex_hull,13,O2_fast_math,-O2 -ffast-math,0.02442680000058317,56349
prog_000219_convex_hull,19,full_aggressive,-O3 -ffast-math -funroll-loops -finline-functions -ftree-vectorize,0.027737600001273677,58728
prog_000220_merge_sort,0,O0_baseline,-O0,0.021904100000028848,58816
prog_000220_merge_sort,2,O2_standard,-O2,0.023438099999111728,46959
prog_000220_merge_sort,3,O3_aggressive,-O3,0.022787899999457295,48495
prog_000220_merge_sort,4,Os_size,-Os,0.022618999999394873,46862
prog_000220_merge_sort,5,O2_unroll_vec,-O2 -funroll-loops -ftree-vectorize,0.022426699999414268,48495
prog_000220_merge_sort,10,O3_combine,-O3 -funroll-loops -finline-functions -ftree-vectorize,0.02367440000125498,48495
prog_000220_merge_sort,13,O2_fast_math,-O2 -ffast-math,0.028774100001101033,50673
prog_000220_merge_sort,19,full_aggressive,-O3 -ffast-math -funroll-loops -finline-functions -ftree-vectorize,0.023143000000345637,52209
prog_000221_priority_queue,0,O0_baseline,-O0,0.03691199999957462,79104
prog_000221_priority_queue,2,O2_standard,-O2,0.023802399999112822,47874
prog_000221_priority_queue,3,O3_aggressive,-O3,0.02609449999908975,47716
prog_000221_priority_queue,4,Os_size,-Os,0.024682100000063656,47265
prog_000221_priority_queue,5,O2_unroll_vec,-O2 -funroll-loops -ftree-vectorize,0.03084109999872453,47874
prog_000221_priority_queue,10,O3_combine,-O3 -funroll-loops -finline-functions -ftree-vectorize,0.026218499999231426,47716
prog_000221_priority_queue,13,O2_fast_math,-O2 -ffast-math,0.024342900000192458,51588
prog_000221_priority_queue,19,full_aggressive,-O3 -ffast-math -funroll-loops -finline-functions -ftree-vectorize,0.023901100001239683,51430
prog_000222_dfs,0,O0_baseline,-O0,0.023520999999163905,81376
prog_000222_dfs,2,O2_standard,-O2,0.024614600000859355,48057
prog_000222_dfs,3,O3_aggressive,-O3,0.023704200000793207,48569
prog_000222_dfs,4,Os_size,-Os,0.023157700001320336,47660
prog_000222_dfs,5,O2_unroll_vec,-O2 -funroll-loops -ftree-vectorize,0.02442440000049828,48569
prog_000222_dfs,10,O3_combine,-O3 -funroll-loops -finline-functions -ftree-vectorize,0.021292400000675116,49593
prog_000222_dfs,13,O2_fast_math,-O2 -ffast-math,0.0263531000000512,51771
prog_000222_dfs,19,full_aggressive,-O3 -ffast-math -funroll-loops -finline-functions -ftree-vectorize,0.0234519999994518,53307
prog_000223_queue,0,O0_baseline,-O0,0.023453599998902064,47861
prog_000223_queue,2,O2_standard,-O2,0.02185760000065784,46833
prog_000223_queue,3,O3_aggressive,-O3,0.027592200000071898,46833
prog_000223_queue,4,Os_size,-Os,0.023453699999663513,46224
prog_000223_queue,5,O2_unroll_vec,-O2 -funroll-loops -ftree-vectorize,0.024975500000437023,46833
prog_000223_queue,10,O3_combine,-O3 -funroll-loops -finline-functions -ftree-vectorize,0.02132539999911387,46833
prog_000223_queue,13,O2_fast_math,-O2 -ffast-math,0.026775700000143843,50547
prog_000223_queue,19,full_aggressive,-O3 -ffast-math -funroll-loops -finline-functions -ftree-vectorize,0.023277100000996143,51059
prog_000224_edit_distance,0,O0_baseline,-O0,0.10494499999913387,87474
prog_000224_edit_distance,2,O2_standard,-O2,0.0402697999998054,48551
prog_000224_edit_distance,3,O3_aggressive,-O3,0.0371316000000661,48637
prog_000224_edit_distance,4,Os_size,-Os,0.03813769999942451,49505
prog_000224_edit_distance,5,O2_unroll_vec,-O2 -funroll-loops -ftree-vectorize,0.04004539999914414,50599
prog_000224_edit_distance,10,O3_combine,-O3 -funroll-loops -finline-functions -ftree-vectorize,0.03863869999986491,51197
prog_000224_edit_distance,13,O2_fast_math,-O2 -ffast-math,0.04097080000065034,52777
prog_000224_edit_distance,19,full_aggressive,-O3 -ffast-math -funroll-loops -finline-functions -ftree-vectorize,0.04077329999927315,55423
prog_000225_insertion_sort,0,O0_baseline,-O0,0.02657760000147391,45819
prog_000225_insertion_sort,2,O2_standard,-O2,0.02374710000003688,45129
prog_000225_insertion_sort,3,O3_aggressive,-O3,0.02466169999934209,45129
prog_000225_insertion_sort,4,Os_size,-Os,0.024500699999407516,45032
prog_000225_insertion_sort,5,O2_unroll_vec,-O2 -funroll-loops -ftree-vectorize,0.02706659999967087,45641
prog_000225_insertion_sort,10,O3_combine,-O3 -funroll-loops -finline-functions -ftree-vectorize,0.024069999999483116,45641
prog_000225_insertion_sort,13,O2_fast_math,-O2 -ffast-math,0.023547699998744065,49355
prog_000225_insertion_sort,19,full_aggressive,-O3 -ffast-math -funroll-loops -finline-functions -ftree-vectorize,0.02346430000034161,49867
prog_000226_quick_sort,0,O0_baseline,-O0,0.023770399999193614,59513
prog_000226_quick_sort,2,O2_standard,-O2,0.024704899999051122,46886
prog_000226_quick_sort,3,O3_aggressive,-O3,0.023544499999843538,46886
prog_000226_quick_sort,4,Os_size,-Os,0.02186710000023595,46277
prog_000226_quick_sort,5,O2_unroll_vec,-O2 -funroll-loops -ftree-vectorize,0.0248725999990711,47398
prog_000226_quick_sort,10,O3_combine,-O3 -funroll-loops -finline-functions -ftree-vectorize,0.022511999999551335,47398
prog_000226_quick_sort,13,O2_fast_math,-O2 -ffast-math,0.038240899999436806,50600
prog_000226_quick_sort,19,full_aggressive,-O3 -ffast-math -funroll-loops -finline-functions -ftree-vectorize,0.021969800000078976,51112
prog_000227_quick_sort,0,O0_baseline,-O0,0.02336280000054103,59513
prog_000227_quick_sort,2,O2_standard,-O2,0.02676169999904232,46886
prog_000227_quick_sort,3,O3_aggressive,-O3,0.02388299999984156,49020
prog_000227_quick_sort,4,Os_size,-Os,0.023695699999734643,46789
prog_000227_quick_sort,5,O2_unroll_vec,-O2 -funroll-loops -ftree-vectorize,0.023511800000051153,47910
prog_000227_quick_sort,10,O3_combine,-O3 -funroll-loops -finline-functions -ftree-vectorize,0.02204400000118767,54652
prog_000227_quick_sort,13,O2_fast_math,-O2 -ffast-math,0.02382939999915834,50600
prog_000227_quick_sort,19,full_aggressive,-O3 -ffast-math -funroll-loops -finline-functions -ftree-vectorize,0.026530599998295656,58366
prog_000228_dijkstra,0,O0_baseline,-O0,0.025094000000535743,125293
prog_000228_dijkstra,2,O2_standard,-O2,0.022679300000163494,51481
prog_000228_dijkstra,3,O3_aggressive,-O3,0.038582200000746525,50131
prog_000228_dijkstra,4,Os_size,-Os,0.023913399998491514,50401
prog_000228_dijkstra,5,O2_unroll_vec,-O2 -funroll-loops -ftree-vectorize,0.025097800000366988,53017
prog_000228_dijkstra,10,O3_combine,-O3 -funroll-loops -finline-functions -ftree-vectorize,0.024670799999512383,51667
prog_000228_dijkstra,13,O2_fast_math,-O2 -ffast-math,0.023227900001074886,55195
prog_000228_dijkstra,19,full_aggressive,-O3 -ffast-math -funroll-loops -finline-functions -ftree-vectorize,0.024638000000777538,55893
prog_000230_fibonacci,0,O0_baseline,-O0,0.026987400000507478,45284
prog_000230_fibonacci,2,O2_standard,-O2,0.02427460000035353,45020
prog_000230_fibonacci,3,O3_aggressive,-O3,0.02276999999958207,45532
prog_000230_fibonacci,4,Os_size,-Os,0.02456999999958498,44923
prog_000230_fibonacci,5,O2_unroll_vec,-O2 -funroll-loops -ftree-vectorize,0.022791999999753898,45020
prog_000230_fibonacci,10,O3_combine,-O3 -funroll-loops -finline-functions -ftree-vectorize,0.029455699999743956,45532
prog_000230_fibonacci,13,O2_fast_math,-O2 -ffast-math,0.023071100000379374,48734
prog_000230_fibonacci,19,full_aggressive,-O3 -ffast-math -funroll-loops -finline-functions -ftree-vectorize,0.026054300000396324,49246
prog_000229_convex_hull,0,O0_baseline,-O0,0.02226650000011432,90733
prog_000229_convex_hull,2,O2_standard,-O2,0.022681500000544474,52123
prog_000229_convex_hull,3,O3_aggressive,-O3,0.02364060000036261,51942
prog_000229_convex_hull,4,Os_size,-Os,0.022191099998963182,51582
prog_000229_convex_hull,5,O2_unroll_vec,-O2 -funroll-loops -ftree-vectorize,0.022320300000501447,54683
prog_000229_convex_hull,10,O3_combine,-O3 -funroll-loops -finline-functions -ftree-vectorize,0.026134100000490434,54502
prog_000229_convex_hull,13,O2_fast_math,-O2 -ffast-math,0.027981799999906798,56349
prog_000229_convex_hull,19,full_aggressive,-O3 -ffast-math -funroll-loops -finline-functions -ftree-vectorize,0.024048200000834186,58728
prog_000231_dijkstra,0,O0_baseline,-O0,0.030215400000088266,125293
prog_000231_dijkstra,2,O2_standard,-O2,0.02637519999916549,51481
prog_000231_dijkstra,3,O3_aggressive,-O3,0.02593920000072103,50131
prog_000231_dijkstra,4,Os_size,-Os,0.027466999999887776,50401
prog_000231_dijkstra,5,O2_unroll_vec,-O2 -funroll-loops -ftree-vectorize,0.025006199999552337,53017
prog_000231_dijkstra,10,O3_combine,-O3 -funroll-loops -finline-functions -ftree-vectorize,0.02847230000043055,51667
prog_000231_dijkstra,13,O2_fast_math,-O2 -ffast-math,0.025471099999776925,55195
prog_000231_dijkstra,19,full_aggressive,-O3 -ffast-math -funroll-loops -finline-functions -ftree-vectorize,0.02611629999955767,55893
prog_000233_rod_cutting,0,O0_baseline,-O0,0.027506099999300204,58534
prog_000233_rod_cutting,2,O2_standard,-O2,0.0221572999998898,46651
prog_000233_rod_cutting,3,O3_aggressive,-O3,0.022376300001269556,46737
prog_000233_rod_cutting,4,Os_size,-Os,0.03916890000073181,46042
prog_000233_rod_cutting,5,O2_unroll_vec,-O2 -funroll-loops -ftree-vectorize,0.024266500000521773,47163
prog_000233_rod_cutting,10,O3_combine,-O3 -funroll-loops -finline-functions -ftree-vectorize,0.025610700000470388,47249
prog_000233_rod_cutting,13,O2_fast_math,-O2 -ffast-math,0.026134000001547975,50365
prog_000233_rod_cutting,19,full_aggressive,-O3 -ffast-math -funroll-loops -finline-functions -ftree-vectorize,0.02209749999929045,51475
prog_000232_fibonacci,0,O0_baseline,-O0,0.23516150000068592,45183
prog_000232_fibonacci,2,O2_standard,-O2,0.14825290000044333,45005
prog_000232_fibonacci,3,O3_aggressive,-O3,0.1500992999990558,46029
prog_000232_fibonacci,4,Os_size,-Os,0.1964879999995901,44908
prog_000232_fibonacci,5,O2_unroll_vec,-O2 -funroll-loops -ftree-vectorize,0.17873340000005555,45517
prog_000232_fibonacci,10,O3_combine,-O3 -funroll-loops -finline-functions -ftree-vectorize,0.1488943999993353,47053
prog_000232_fibonacci,13,O2_fast_math,-O2 -ffast-math,0.14509890000044834,48719
prog_000232_fibonacci,19,full_aggressive,-O3 -ffast-math -funroll-loops -finline-functions -ftree-vectorize,0.16355169999951613,50767
prog_000234_priority_queue,0,O0_baseline,-O0,0.10429449999901408,79104
prog_000234_priority_queue,2,O2_standard,-O2,0.03389940000124625,47874
prog_000234_priority_queue,3,O3_aggressive,-O3,0.03286669999943115,47716
prog_000234_priority_queue,4,Os_size,-Os,0.031164699999862933,47265
prog_000234_priority_queue,5,O2_unroll_vec,-O2 -funroll-loops -ftree-vectorize,0.03301889999966079,47874
prog_000234_priority_queue,10,O3_combine,-O3 -funroll-loops -finline-functions -ftree-vectorize,0.03044189999855007,47716
prog_000234_priority_queue,13,O2_fast_math,-O2 -ffast-math,0.029228800000055344,51588
prog_000234_priority_queue,19,full_aggressive,-O3 -ffast-math -funroll-loops -finline-functions -ftree-vectorize,0.03180090000023483,51430
prog_000235_trie,0,O0_baseline,-O0,0.029162700000597397,54618
prog_000235_trie,2,O2_standard,-O2,0.028062499999577994,47182
prog_000235_trie,3,O3_aggressive,-O3,0.026302899999791407,47182
prog_000235_trie,4,Os_size,-Os,0.028485999999247724,47215
prog_000235_trie,5,O2_unroll_vec,-O2 -funroll-loops -ftree-vectorize,0.024980199999845354,48718
prog_000235_trie,10,O3_combine,-O3 -funroll-loops -finline-functions -ftree-vectorize,0.026322099998651538,49742
prog_000235_trie,13,O2_fast_math,-O2 -ffast-math,0.026581099999020807,50896
prog_000235_trie,19,full_aggressive,-O3 -ffast-math -funroll-loops -finline-functions -ftree-vectorize,0.02757269999892742,53456
prog_000236_lis,0,O0_baseline,-O0,0.03404190000037488,78164
prog_000236_lis,2,O2_standard,-O2,0.024125800000547315,47227
prog_000236_lis,3,O3_aggressive,-O3,0.02418249999936961,47313
prog_000236_lis,4,Os_size,-Os,0.023511800000051153,47189
prog_000236_lis,5,O2_unroll_vec,-O2 -funroll-loops -ftree-vectorize,0.024099500000374974,47739
prog_000236_lis,10,O3_combine,-O3 -funroll-loops -finline-functions -ftree-vectorize,0.027823200000057113,47825
prog_000236_lis,13,O2_fast_math,-O2 -ffast-math,0.026293900000382564,51453
prog_000236_lis,19,full_aggressive,-O3 -ffast-math -funroll-loops -finline-functions -ftree-vectorize,0.032579599999735365,51539
prog_000237_coin_change,0,O0_baseline,-O0,0.026186799999777577,57861
prog_000237_coin_change,2,O2_standard,-O2,0.023806899998817244,46663
prog_000237_coin_change,3,O3_aggressive,-O3,0.03052870000101393,47175
prog_000237_coin_change,4,Os_size,-Os,0.023598899999342393,46054
prog_000237_coin_change,5,O2_unroll_vec,-O2 -funroll-loops -ftree-vectorize,0.03651969999918947,47687
prog_000237_coin_change,10,O3_combine,-O3 -funroll-loops -finline-functions -ftree-vectorize,0.026586100000713486,48711
prog_000237_coin_change,13,O2_fast_math,-O2 -ffast-math,0.025002399999721092,50377
prog_000237_coin_change,19,full_aggressive,-O3 -ffast-math -funroll-loops -finline-functions -ftree-vectorize,0.03052870000101393,52425
prog_000238_insertion_sort,0,O0_baseline,-O0,0.02360699999917415,45819
prog_000238_insertion_sort,2,O2_standard,-O2,0.03278900000077556,45129
prog_000238_insertion_sort,3,O3_aggressive,-O3,0.023159999998824787,45129
prog_000238_insertion_sort,4,Os_size,-Os,0.022127300000647665,45032
prog_000238_insertion_sort,5,O2_unroll_vec,-O2 -funroll-loops -ftree-vectorize,0.02532910000081756,46153
prog_000238_insertion_sort,10,O3_combine,-O3 -funroll-loops -finline-functions -ftree-vectorize,0.030286200000773533,46153
prog_000238_insertion_sort,13,O2_fast_math,-O2 -ffast-math,0.02620530000058352,49355
prog_000238_insertion_sort,19,full_aggressive,-O3 -ffast-math -funroll-loops -finline-functions -ftree-vectorize,0.028747299998940434,49867
prog_000239_lcs,0,O0_baseline,-O0,0.07122230000095442,84739
prog_000239_lcs,2,O2_standard,-O2,0.030784700000367593,48531
prog_000239_lcs,3,O3_aggressive,-O3,0.03276860000005399,48617
prog_000239_lcs,4,Os_size,-Os,0.041964399999415036,49485
prog_000239_lcs,5,O2_unroll_vec,-O2 -funroll-loops -ftree-vectorize,0.03339849999974831,50579
prog_000239_lcs,10,O3_combine,-O3 -funroll-loops -finline-functions -ftree-vectorize,0.03606220000074245,51177
prog_000239_lcs,13,O2_fast_math,-O2 -ffast-math,0.03137989999959245,52245
prog_000239_lcs,19,full_aggressive,-O3 -ffast-math -funroll-loops -finline-functions -ftree-vectorize,0.030539599998519407,55403
prog_000242_queue,0,O0_baseline,-O0,0.055712299999868264,47861
prog_000242_queue,2,O2_standard,-O2,0.04542760000003909,46833
prog_000242_queue,3,O3_aggressive,-O3,0.021415499999420717,46833
prog_000242_queue,4,Os_size,-Os,0.025332600000183447,46224
prog_000242_queue,5,O2_unroll_vec,-O2 -funroll-loops -ftree-vectorize,0.022608499999478227,46833
prog_000242_queue,10,O3_combine,-O3 -funroll-loops -finline-functions -ftree-vectorize,0.025616099999751896,46833
prog_000242_queue,13,O2_fast_math,-O2 -ffast-math,0.025334800000564428,50547
prog_000242_queue,19,full_aggressive,-O3 -ffast-math -funroll-loops -finline-functions -ftree-vectorize,0.021855599999980768,51059
prog_000240_topo_sort,0,O0_baseline,-O0,0.027963900000031572,95247
prog_000240_topo_sort,2,O2_standard,-O2,0.024011600000449107,50289
prog_000240_topo_sort,3,O3_aggressive,-O3,0.03182850000121107,50259
prog_000240_topo_sort,4,Os_size,-Os,0.021555899998929817,50797
prog_000240_topo_sort,5,O2_unroll_vec,-O2 -funroll-loops -ftree-vectorize,0.026936899999782327,52337
prog_000240_topo_sort,10,O3_combine,-O3 -funroll-loops -finline-functions -ftree-vectorize,0.0221916999998939,54355
prog_000240_topo_sort,13,O2_fast_math,-O2 -ffast-math,0.025568200000634533,54515
prog_000240_topo_sort,19,full_aggressive,-O3 -ffast-math -funroll-loops -finline-functions -ftree-vectorize,0.02324919999955455,58581
prog_000241_avl_tree,0,O0_baseline,-O0,0.02693619999990915,46964
prog_000241_avl_tree,2,O2_standard,-O2,0.021659699999872828,46470
prog_000241_avl_tree,3,O3_aggressive,-O3,0.02217180000116059,51117
prog_000241_avl_tree,4,Os_size,-Os,0.022753400000510737,45861
prog_000241_avl_tree,5,O2_unroll_vec,-O2 -funroll-loops -ftree-vectorize,0.022937299998375238,46470
prog_000241_avl_tree,10,O3_combine,-O3 -funroll-loops -finline-functions -ftree-vectorize,0.022397799999453127,51117
prog_000241_avl_tree,13,O2_fast_math,-O2 -ffast-math,0.023791999999957625,50184
prog_000241_avl_tree,19,full_aggressive,-O3 -ffast-math -funroll-loops -finline-functions -ftree-vectorize,0.022355099999913364,55343
prog_000243_fibonacci,0,O0_baseline,-O0,0.03124279999974533,104128
prog_000243_fibonacci,2,O2_standard,-O2,0.025819899999987683,50801
prog_000243_fibonacci,3,O3_aggressive,-O3,0.027595999999903142,52337
prog_000243_fibonacci,4,Os_size,-Os,0.026383299998997245,50963
prog_000243_fibonacci,5,O2_unroll_vec,-O2 -funroll-loops -ftree-vectorize,0.02616140000100131,55921
prog_000243_fibonacci,10,O3_combine,-O3 -funroll-loops -finline-functions -ftree-vectorize,0.029463699998814263,58481
prog_000243_fibonacci,13,O2_fast_math,-O2 -ffast-math,0.030924500000764965,54515
prog_000243_fibonacci,19,full_aggressive,-O3 -ffast-math -funroll-loops -finline-functions -ftree-vectorize,0.04321759999947972,62195
prog_000244_hash_table,0,O0_baseline,-O0,0.02512129999922763,46199
prog_000244_hash_table,2,O2_standard,-O2,0.023704200000793207,45838
prog_000244_hash_table,3,O3_aggressive,-O3,0.026378499998827465,45838
prog_000244_hash_table,4,Os_size,-Os,0.02542859999994107,45229
prog_000244_hash_table,5,O2_unroll_vec,-O2 -funroll-loops -ftree-vectorize,0.0257091000003129,45838
prog_000244_hash_table,10,O3_combine,-O3 -funroll-loops -finline-functions -ftree-vectorize,0.023554200000944547,45838
prog_000244_hash_table,13,O2_fast_math,-O2 -ffast-math,0.019422699999267934,49552
prog_000244_hash_table,19,full_aggressive,-O3 -ffast-math -funroll-loops -finline-functions -ftree-vectorize,0.022294299998975475,49552
prog_000246_selection_sort,0,O0_baseline,-O0,0.028204800000821706,45819
prog_000246_selection_sort,2,O2_standard,-O2,0.05063669999981357,45641
prog_000246_selection_sort,3,O3_aggressive,-O3,0.048802200000864104,45641
prog_000246_selection_sort,4,Os_size,-Os,0.02767169999970065,45032
prog_000246_selection_sort,5,O2_unroll_vec,-O2 -funroll-loops -ftree-vectorize,0.03529560000060883,46153
prog_000246_selection_sort,10,O3_combine,-O3 -funroll-loops -finline-functions -ftree-vectorize,0.03103480000027048,46153
prog_000246_selection_sort,13,O2_fast_math,-O2 -ffast-math,0.02486049999970419,49355
prog_000246_selection_sort,19,full_aggressive,-O3 -ffast-math -funroll-loops -finline-functions -ftree-vectorize,0.026203900000837166,49867
prog_000245_lis,0,O0_baseline,-O0,0.024080099999991944,78164
prog_000245_lis,2,O2_standard,-O2,0.04014860000097542,47227
prog_000245_lis,3,O3_aggressive,-O3,0.058654499998738174,47227
prog_000245_lis,4,Os_size,-Os,0.030850099999952363,47189
prog_000245_lis,5,O2_unroll_vec,-O2 -funroll-loops -ftree-vectorize,0.02149499999904947,47739
prog_000245_lis,10,O3_combine,-O3 -funroll-loops -finline-functions -ftree-vectorize,0.025671400000646827,47739
prog_000245_lis,13,O2_fast_math,-O2 -ffast-math,0.01752180000039516,51453
prog_000245_lis,19,full_aggressive,-O3 -ffast-math -funroll-loops -finline-functions -ftree-vectorize,0.01976690000083181,51453
prog_000247_binary_search,0,O0_baseline,-O0,0.15844099999958416,58797
prog_000247_binary_search,2,O2_standard,-O2,0.07673869999962335,46897
prog_000247_binary_search,3,O3_aggressive,-O3,0.08158430000003136,46983
prog_000247_binary_search,4,Os_size,-Os,0.10580640000080166,46288
prog_000247_binary_search,5,O2_unroll_vec,-O2 -funroll-loops -ftree-vectorize,0.08628200000021025,46897
prog_000247_binary_search,10,O3_combine,-O3 -funroll-loops -finline-functions -ftree-vectorize,0.08505949999926088,46983
prog_000247_binary_search,13,O2_fast_math,-O2 -ffast-math,0.08145800000056624,50611
prog_000247_binary_search,19,full_aggressive,-O3 -ffast-math -funroll-loops -finline-functions -ftree-vectorize,0.08767789999910747,50697
prog_000248_lis,0,O0_baseline,-O0,0.024987799999507843,78164
prog_000248_lis,2,O2_standard,-O2,0.02337489999990794,47227
prog_000248_lis,3,O3_aggressive,-O3,0.021956000000500353,47313
prog_000248_lis,4,Os_size,-Os,0.021217799998339615,47189
prog_000248_lis,5,O2_unroll_vec,-O2 -funroll-loops -ftree-vectorize,0.018453999999110238,47739
prog_000248_lis,10,O3_combine,-O3 -funroll-loops -finline-functions -ftree-vectorize,0.01877299999978277,47825
prog_000248_lis,13,O2_fast_math,-O2 -ffast-math,0.01889659999869764,51453
prog_000248_lis,19,full_aggressive,-O3 -ffast-math -funroll-loops -finline-functions -ftree-vectorize,0.017302299998846138,51539
prog_000249_quick_sort,0,O0_baseline,-O0,0.027181200000995887,59513
prog_000249_quick_sort,2,O2_standard,-O2,0.021044099999926402,46886
prog_000249_quick_sort,3,O3_aggressive,-O3,0.02525679999962449,47996
prog_000249_quick_sort,4,Os_size,-Os,0.019564400001399918,46277
prog_000249_quick_sort,5,O2_unroll_vec,-O2 -funroll-loops -ftree-vectorize,0.02272129999983008,47398
prog_000249_quick_sort,10,O3_combine,-O3 -funroll-loops -finline-functions -ftree-vectorize,0.021580299999186536,51580
prog_000249_quick_sort,13,O2_fast_math,-O2 -ffast-math,0.018954700000904268,50600
prog_000249_quick_sort,19,full_aggressive,-O3 -ffast-math -funroll-loops -finline-functions -ftree-vectorize,0.01930770000035409,55806
prog_000250_dfs,0,O0_baseline,-O0,0.023897800001577707,81376
prog_000250_dfs,2,O2_standard,-O2,0.02427680000073451,48057
prog_000250_dfs,3,O3_aggressive,-O3,0.020523600000160513,48569
prog_000250_dfs,4,Os_size,-Os,0.01848260000042501,47660
prog_000250_dfs,5,O2_unroll_vec,-O2 -funroll-loops -ftree-vectorize,0.01941179999994347,48569
prog_000250_dfs,10,O3_combine,-O3 -funroll-loops -finline-functions -ftree-vectorize,0.01904590000049211,49593
prog_000250_dfs,13,O2_fast_math,-O2 -ffast-math,0.017830699998739874,51771
prog_000250_dfs,19,full_aggressive,-O3 -ffast-math -funroll-loops -finline-functions -ftree-vectorize,0.018737200000032317,53307
prog_000251_linked_list,0,O0_baseline,-O0,0.016365800000130548,45467
prog_000251_linked_list,2,O2_standard,-O2,0.017567200000485172,44631
prog_000251_linked_list,3,O3_aggressive,-O3,0.01718559999972058,44631
prog_000251_linked_list,4,Os_size,-Os,0.020148300000073505,45046
prog_000251_linked_list,5,O2_unroll_vec,-O2 -funroll-loops -ftree-vectorize,0.019301500000437954,44631
prog_000251_linked_list,10,O3_combine,-O3 -funroll-loops -finline-functions -ftree-vectorize,0.021026499998697545,44631
prog_000251_linked_list,13,O2_fast_math,-O2 -ffast-math,0.02250090000052296,48857
prog_000251_linked_list,19,full_aggressive,-O3 -ffast-math -funroll-loops -finline-functions -ftree-vectorize,0.019422499999564025,49369
prog_000252_insertion_sort,0,O0_baseline,-O0,0.08300339999914286,45819
prog_000252_insertion_sort,2,O2_standard,-O2,0.033881299999848125,45129
prog_000252_insertion_sort,3,O3_aggressive,-O3,0.04292899999927613,45129
prog_000252_insertion_sort,4,Os_size,-Os,0.04178030000002764,45032
prog_000252_insertion_sort,5,O2_unroll_vec,-O2 -funroll-loops -ftree-vectorize,0.029474900000423077,45641
prog_000252_insertion_sort,10,O3_combine,-O3 -funroll-loops -finline-functions -ftree-vectorize,0.03778549999879033,45641
prog_000252_insertion_sort,13,O2_fast_math,-O2 -ffast-math,0.04204839999874821,49355
prog_000252_insertion_sort,19,full_aggressive,-O3 -ffast-math -funroll-loops -finline-functions -ftree-vectorize,0.03151949999846693,49867
prog_000253_knapsack,0,O0_baseline,-O0,0.027263500000117347,80027
prog_000253_knapsack,2,O2_standard,-O2,0.01955920000000333,48152
prog_000253_knapsack,3,O3_aggressive,-O3,0.02134929999920132,48238
prog_000253_knapsack,4,Os_size,-Os,0.02035309999882884,48306
prog_000253_knapsack,5,O2_unroll_vec,-O2 -funroll-loops -ftree-vectorize,0.02025580000008631,49688
prog_000253_knapsack,10,O3_combine,-O3 -funroll-loops -finline-functions -ftree-vectorize,0.02053680000062741,50286
prog_000253_knapsack,13,O2_fast_math,-O2 -ffast-math,0.01843659999940428,51866
prog_000253_knapsack,19,full_aggressive,-O3 -ffast-math -funroll-loops -finline-functions -ftree-vectorize,0.02065719999882276,54512
prog_000254_heap_sort,0,O0_baseline,-O0,0.018945799998618895,59542
prog_000254_heap_sort,2,O2_standard,-O2,0.01913550000062969,46915
prog_000254_heap_sort,3,O3_aggressive,-O3,0.019244099999923492,46915
prog_000254_heap_sort,4,Os_size,-Os,0.02059259999987262,46818
prog_000254_heap_sort,5,O2_unroll_vec,-O2 -funroll-loops -ftree-vectorize,0.020378799999889452,47939
prog_000254_heap_sort,10,O3_combine,-O3 -funroll-loops -finline-functions -ftree-vectorize,0.018577599999844097,47427
prog_000254_heap_sort,13,O2_fast_math,-O2 -ffast-math,0.01922710000144434,50629
prog_000254_heap_sort,19,full_aggressive,-O3 -ffast-math -funroll-loops -finline-functions -ftree-vectorize,0.016695000000254367,51141
prog_000255_kmp,0,O0_baseline,-O0,0.021936799999821233,63096
prog_000255_kmp,2,O2_standard,-O2,0.021955399999569636,47481
prog_000255_kmp,3,O3_aggressive,-O3,0.01841740000054415,47567
prog_000255_kmp,4,Os_size,-Os,0.019655299998703413,47672
prog_000255_kmp,5,O2_unroll_vec,-O2 -funroll-loops -ftree-vectorize,0.021614300001601805,47993
prog_000255_kmp,10,O3_combine,-O3 -funroll-loops -finline-functions -ftree-vectorize,0.02089680000062799,48079
prog_000255_kmp,13,O2_fast_math,-O2 -ffast-math,0.02212379999946279,51707
prog_000255_kmp,19,full_aggressive,-O3 -ffast-math -funroll-loops -finline-functions -ftree-vectorize,0.022981599999184255,51793
prog_000256_union_find,0,O0_baseline,-O0,0.051214600000093924,65328
prog_000256_union_find,2,O2_standard,-O2,0.040904899999077315,47990
prog_000256_union_find,3,O3_aggressive,-O3,0.0381374999997206,48076
prog_000256_union_find,4,Os_size,-Os,0.034999000001334934,47388
prog_000256_union_find,5,O2_unroll_vec,-O2 -funroll-loops -ftree-vectorize,0.04272730000047886,48502
prog_000256_union_find,10,O3_combine,-O3 -funroll-loops -finline-functions -ftree-vectorize,0.043837199998961296,48588
prog_000256_union_find,13,O2_fast_math,-O2 -ffast-math,0.035272300001452095,52216
prog_000256_union_find,19,full_aggressive,-O3 -ffast-math -funroll-loops -finline-functions -ftree-vectorize,0.0362531000009767,52302
prog_000258_prefix_sum,0,O0_baseline,-O0,0.023383800000374322,60850
prog_000258_prefix_sum,2,O2_standard,-O2,0.022774099999878672,46838
prog_000258_prefix_sum,3,O3_aggressive,-O3,0.02015700000083598,46924
prog_000258_prefix_sum,4,Os_size,-Os,0.023080499999196036,46800
prog_000258_prefix_sum,5,O2_unroll_vec,-O2 -funroll-loops -ftree-vectorize,0.02144880000014382,47350
prog_000258_prefix_sum,10,O3_combine,-O3 -funroll-loops -finline-functions -ftree-vectorize,0.021311399999831337,47436
prog_000258_prefix_sum,13,O2_fast_math,-O2 -ffast-math,0.02409830000033253,50552
prog_000258_prefix_sum,19,full_aggressive,-O3 -ffast-math -funroll-loops -finline-functions -ftree-vectorize,0.022788500000388012,51150
prog_000257_lis,0,O0_baseline,-O0,0.019587199998568394,78164
prog_000257_lis,2,O2_standard,-O2,0.019294800000352552,47227
prog_000257_lis,3,O3_aggressive,-O3,0.020027200000185985,47227
prog_000257_lis,4,Os_size,-Os,0.020385200001328485,47189
prog_000257_lis,5,O2_unroll_vec,-O2 -funroll-loops -ftree-vectorize,0.018648199999006465,47739
prog_000257_lis,10,O3_combine,-O3 -funroll-loops -finline-functions -ftree-vectorize,0.018272999999680906,47739
prog_000257_lis,13,O2_fast_math,-O2 -ffast-math,0.019199399999706657,51453
prog_000257_lis,19,full_aggressive,-O3 -ffast-math -funroll-loops -finline-functions -ftree-vectorize,0.017815699999118806,51453
prog_000259_dijkstra,0,O0_baseline,-O0,0.027585200001340127,125293
prog_000259_dijkstra,2,O2_standard,-O2,0.01906529999905615,51481
prog_000259_dijkstra,3,O3_aggressive,-O3,0.019178299999111914,50131
prog_000259_dijkstra,4,Os_size,-Os,0.02061610000055225,50401
prog_000259_dijkstra,5,O2_unroll_vec,-O2 -funroll-loops -ftree-vectorize,0.019584300000133226,53017
prog_000259_dijkstra,10,O3_combine,-O3 -funroll-loops -finline-functions -ftree-vectorize,0.01852810000127647,51667
prog_000259_dijkstra,13,O2_fast_math,-O2 -ffast-math,0.018897899999501533,55195
prog_000259_dijkstra,19,full_aggressive,-O3 -ffast-math -funroll-loops -finline-functions -ftree-vectorize,0.022059500000978005,55893
prog_000262_linked_list,0,O0_baseline,-O0,0.021498399999472895,45467
prog_000262_linked_list,2,O2_standard,-O2,0.022514499998578685,44631
prog_000262_linked_list,3,O3_aggressive,-O3,0.021525100000872044,44631
prog_000262_linked_list,4,Os_size,-Os,0.0235685999996349,45046
prog_000262_linked_list,5,O2_unroll_vec,-O2 -funroll-loops -ftree-vectorize,0.022150800001327298,44631
prog_000262_linked_list,10,O3_combine,-O3 -funroll-loops -finline-functions -ftree-vectorize,0.020801000000574277,44631
prog_000262_linked_list,13,O2_fast_math,-O2 -ffast-math,0.02700849999928323,48857
prog_000262_linked_list,19,full_aggressive,-O3 -ffast-math -funroll-loops -finline-functions -ftree-vectorize,0.020310500000050524,49369
prog_000260_insertion_sort,0,O0_baseline,-O0,0.0332553000007465,45819
prog_000260_insertion_sort,2,O2_standard,-O2,0.02125290000003588,45129
prog_000260_insertion_sort,3,O3_aggressive,-O3,0.020433800000319025,45129
prog_000260_insertion_sort,4,Os_size,-Os,0.02525489999970887,45032
prog_000260_insertion_sort,5,O2_unroll_vec,-O2 -funroll-loops -ftree-vectorize,0.02102549999835901,45641
prog_000260_insertion_sort,10,O3_combine,-O3 -funroll-loops -finline-functions -ftree-vectorize,0.021140200000445475,45641
prog_000260_insertion_sort,13,O2_fast_math,-O2 -ffast-math,0.028309500001341803,49355
prog_000260_insertion_sort,19,full_aggressive,-O3 -ffast-math -funroll-loops -finline-functions -ftree-vectorize,0.023938800000905758,49867
prog_000261_fibonacci,0,O0_baseline,-O0,0.017684599999483908,104128
prog_000261_fibonacci,2,O2_standard,-O2,0.018965500001286273,50801
prog_000261_fibonacci,3,O3_aggressive,-O3,0.01752440000018396,52337
prog_000261_fibonacci,4,Os_size,-Os,0.016308300000673626,50963
prog_000261_fibonacci,5,O2_unroll_vec,-O2 -funroll-loops -ftree-vectorize,0.01776109999991604,55921
prog_000261_fibonacci,10,O3_combine,-O3 -funroll-loops -finline-functions -ftree-vectorize,0.017212899998412468,58481
prog_000261_fibonacci,13,O2_fast_math,-O2 -ffast-math,0.018389599999864004,54515
prog_000261_fibonacci,19,full_aggressive,-O3 -ffast-math -funroll-loops -finline-functions -ftree-vectorize,0.01745669999945676,62195
prog_000265_queue,0,O0_baseline,-O0,0.018924699999843142,47861
prog_000265_queue,2,O2_standard,-O2,0.020777300000190735,46833
prog_000265_queue,3,O3_aggressive,-O3,0.019138700001349207,46833
prog_000265_queue,4,Os_size,-Os,0.02180650000082096,46224
prog_000265_queue,5,O2_unroll_vec,-O2 -funroll-loops -ftree-vectorize,0.021655299999110866,47345
prog_000265_queue,10,O3_combine,-O3 -funroll-loops -finline-functions -ftree-vectorize,0.019320900000820984,47345
prog_000265_queue,13,O2_fast_math,-O2 -ffast-math,0.020288499999878695,50547
prog_000265_queue,19,full_aggressive,-O3 -ffast-math -funroll-loops -finline-functions -ftree-vectorize,0.02045449999968696,51059
prog_000264_avl_tree,0,O0_baseline,-O0,0.01989069999945059,46964
prog_000264_avl_tree,2,O2_standard,-O2,0.01861289999942528,46470
prog_000264_avl_tree,3,O3_aggressive,-O3,0.018498899999030982,51117
prog_000264_avl_tree,4,Os_size,-Os,0.019475999999485794,45861
prog_000264_avl_tree,5,O2_unroll_vec,-O2 -funroll-loops -ftree-vectorize,0.023088500000085332,46470
prog_000264_avl_tree,10,O3_combine,-O3 -funroll-loops -finline-functions -ftree-vectorize,0.020857100000284845,51117
prog_000264_avl_tree,13,O2_fast_math,-O2 -ffast-math,0.018114100001184852,50184
prog_000264_avl_tree,19,full_aggressive,-O3 -ffast-math -funroll-loops -finline-functions -ftree-vectorize,0.020102200000110315,55343
prog_000263_bst,0,O0_baseline,-O0,0.03312019999975746,46201
prog_000263_bst,2,O2_standard,-O2,0.03227340000012191,45868
prog_000263_bst,3,O3_aggressive,-O3,0.03744370000094932,57644
prog_000263_bst,4,Os_size,-Os,0.03547849999995378,45259
prog_000263_bst,5,O2_unroll_vec,-O2 -funroll-loops -ftree-vectorize,0.030679699999382137,45868
prog_000263_bst,10,O3_combine,-O3 -funroll-loops -finline-functions -ftree-vectorize,0.04143180000028224,57644
prog_000263_bst,13,O2_fast_math,-O2 -ffast-math,0.03505580000091868,49582
prog_000263_bst,19,full_aggressive,-O3 -ffast-math -funroll-loops -finline-functions -ftree-vectorize,0.03592449999996461,61358
prog_000266_convex_hull,0,O0_baseline,-O0,0.024208499999076594,90733
prog_000266_convex_hull,2,O2_standard,-O2,0.01903370000036375,52123
prog_000266_convex_hull,3,O3_aggressive,-O3,0.018745100000160164,51942
prog_000266_convex_hull,4,Os_size,-Os,0.020035100000313832,51582
prog_000266_convex_hull,5,O2_unroll_vec,-O2 -funroll-loops -ftree-vectorize,0.01785539999946195,54683
prog_000266_convex_hull,10,O3_combine,-O3 -funroll-loops -finline-functions -ftree-vectorize,0.019155399999363,54502
prog_000266_convex_hull,13,O2_fast_math,-O2 -ffast-math,0.019898599999578437,56349
prog_000266_convex_hull,19,full_aggressive,-O3 -ffast-math -funroll-loops -finline-functions -ftree-vectorize,0.020020200001454214,58728
prog_000267_kmp,0,O0_baseline,-O0,0.024534800000765244,63096
prog_000267_kmp,2,O2_standard,-O2,0.019098500000836793,47481
prog_000267_kmp,3,O3_aggressive,-O3,0.020566600000165636,47567
prog_000267_kmp,4,Os_size,-Os,0.02008150000074238,47672
prog_000267_kmp,5,O2_unroll_vec,-O2 -funroll-loops -ftree-vectorize,0.01927590000013879,48505
prog_000267_kmp,10,O3_combine,-O3 -funroll-loops -finline-functions -ftree-vectorize,0.01933680000001914,48079
prog_000267_kmp,13,O2_fast_math,-O2 -ffast-math,0.019599200000811834,51707
prog_000267_kmp,19,full_aggressive,-O3 -ffast-math -funroll-loops -finline-functions -ftree-vectorize,0.021706999999878462,52305
prog_000269_avl_tree,0,O0_baseline,-O0,0.022415500001443434,46964
prog_000269_avl_tree,2,O2_standard,-O2,0.019925200000216137,46470
prog_000269_avl_tree,3,O3_aggressive,-O3,0.022343399999954272,51117
prog_000269_avl_tree,4,Os_size,-Os,0.02103290000013658,45861
prog_000269_avl_tree,5,O2_unroll_vec,-O2 -funroll-loops -ftree-vectorize,0.0207152999992104,46470
prog_000269_avl_tree,10,O3_combine,-O3 -funroll-loops -finline-functions -ftree-vectorize,0.018797900000208756,51117
prog_000269_avl_tree,13,O2_fast_math,-O2 -ffast-math,0.01869249999981548,50184
prog_000269_avl_tree,19,full_aggressive,-O3 -ffast-math -funroll-loops -finline-functions -ftree-vectorize,0.019813799999610637,55343
prog_000268_edit_distance,0,O0_baseline,-O0,0.0898538000001281,87474
prog_000268_edit_distance,2,O2_standard,-O2,0.033445400000346126,48551
prog_000268_edit_distance,3,O3_aggressive,-O3,0.02723589999914111,49149
prog_000268_edit_distance,4,Os_size,-Os,0.029634499998792307,49505
prog_000268_edit_distance,5,O2_unroll_vec,-O2 -funroll-loops -ftree-vectorize,0.027906899998924928,51111
prog_000268_edit_distance,10,O3_combine,-O3 -funroll-loops -finline-functions -ftree-vectorize,0.02841949999856297,51709
prog_000268_edit_distance,13,O2_fast_math,-O2 -ffast-math,0.03157869999995455,52777
prog_000268_edit_distance,19,full_aggressive,-O3 -ffast-math -funroll-loops -finline-functions -ftree-vectorize,0.026999600000635837,55423
prog_000270_hash_table,0,O0_baseline,-O0,0.021797699999297038,46199
prog_000270_hash_table,2,O2_standard,-O2,0.022545300000274437,45838
prog_000270_hash_table,3,O3_aggressive,-O3,0.018236800000522635,45838
prog_000270_hash_table,4,Os_size,-Os,0.018728400000327383,45229
prog_000270_hash_table,5,O2_unroll_vec,-O2 -funroll-loops -ftree-vectorize,0.018809700000929297,45838
prog_000270_hash_table,10,O3_combine,-O3 -funroll-loops -finline-functions -ftree-vectorize,0.01883040000029723,45838
prog_000270_hash_table,13,O2_fast_math,-O2 -ffast-math,0.01850610000110464,49552
prog_000270_hash_table,19,full_aggressive,-O3 -ffast-math -funroll-loops -finline-functions -ftree-vectorize,0.018473699999958626,50064
prog_000272_stencil,0,O0_baseline,-O0,0.017433799999707844,45841
prog_000272_stencil,2,O2_standard,-O2,0.01906299999973271,45133
prog_000272_stencil,3,O3_aggressive,-O3,0.018083900000419817,45645
prog_000272_stencil,4,Os_size,-Os,0.018487800000002608,45036
prog_000272_stencil,5,O2_unroll_vec,-O2 -funroll-loops -ftree-vectorize,0.017404300000634976,46157
prog_000272_stencil,10,O3_combine,-O3 -funroll-loops -finline-functions -ftree-vectorize,0.01742989999911515,46157
prog_000272_stencil,13,O2_fast_math,-O2 -ffast-math,0.020102100001167855,49359
prog_000272_stencil,19,full_aggressive,-O3 -ffast-math -funroll-loops -finline-functions -ftree-vectorize,0.017179300000861986,50383
prog_000271_dfs,0,O0_baseline,-O0,0.01846540000042296,81376
prog_000271_dfs,2,O2_standard,-O2,0.01996580000013637,48057
prog_000271_dfs,3,O3_aggressive,-O3,0.019864599998982158,48569
prog_000271_dfs,4,Os_size,-Os,0.017701300001135678,47660
prog_000271_dfs,5,O2_unroll_vec,-O2 -funroll-loops -ftree-vectorize,0.019137699999191682,48569
prog_000271_dfs,10,O3_combine,-O3 -funroll-loops -finline-functions -ftree-vectorize,0.018447399999786285,49593
prog_000271_dfs,13,O2_fast_math,-O2 -ffast-math,0.01819200000136334,51771
prog_000271_dfs,19,full_aggressive,-O3 -ffast-math -funroll-loops -finline-functions -ftree-vectorize,0.017641599999478785,53307
prog_000273_stencil,0,O0_baseline,-O0,0.11201780000010331,45841
prog_000273_stencil,2,O2_standard,-O2,0.06147720000080881,45133
prog_000273_stencil,3,O3_aggressive,-O3,0.051383599999098806,45645
prog_000273_stencil,4,Os_size,-Os,0.06072470000071917,45036
prog_000273_stencil,5,O2_unroll_vec,-O2 -funroll-loops -ftree-vectorize,0.05299790000026405,46157
prog_000273_stencil,10,O3_combine,-O3 -funroll-loops -finline-functions -ftree-vectorize,0.04923109999981534,46157
prog_000273_stencil,13,O2_fast_math,-O2 -ffast-math,0.06542030000127852,49359
prog_000273_stencil,19,full_aggressive,-O3 -ffast-math -funroll-loops -finline-functions -ftree-vectorize,0.05096469999989495,49871
prog_000274_avl_tree,0,O0_baseline,-O0,0.017716299998937757,46964
prog_000274_avl_tree,2,O2_standard,-O2,0.019739199999094126,46470
prog_000274_avl_tree,3,O3_aggressive,-O3,0.02087740000024496,51117
prog_000274_avl_tree,4,Os_size,-Os,0.02032609999878332,45861
prog_000274_avl_tree,5,O2_unroll_vec,-O2 -funroll-loops -ftree-vectorize,0.021387200000390294,46470
prog_000274_avl_tree,10,O3_combine,-O3 -funroll-loops -finline-functions -ftree-vectorize,0.0168682000003173,51117
prog_000274_avl_tree,13,O2_fast_math,-O2 -ffast-math,0.017907100000229548,50184
prog_000274_avl_tree,19,full_aggressive,-O3 -ffast-math -funroll-loops -finline-functions -ftree-vectorize,0.016524500000741682,55343
prog_000275_fibonacci,0,O0_baseline,-O0,0.021740199999840115,45284
prog_000275_fibonacci,2,O2_standard,-O2,0.016951499999777297,45020
prog_000275_fibonacci,3,O3_aggressive,-O3,0.019438700001046527,45532
prog_000275_fibonacci,4,Os_size,-Os,0.018421400000079302,44923
prog_000275_fibonacci,5,O2_unroll_vec,-O2 -funroll-loops -ftree-vectorize,0.01708419999886246,45020
prog_000275_fibonacci,10,O3_combine,-O3 -funroll-loops -finline-functions -ftree-vectorize,0.017318800000794,45532
prog_000275_fibonacci,13,O2_fast_math,-O2 -ffast-math,0.01866859999972803,48734
prog_000275_fibonacci,19,full_aggressive,-O3 -ffast-math -funroll-loops -finline-functions -ftree-vectorize,0.017866600001070765,49246
prog_000277_hash_table,0,O0_baseline,-O0,0.01789160000043921,46199
prog_000277_hash_table,2,O2_standard,-O2,0.01644769999984419,45838
prog_000277_hash_table,3,O3_aggressive,-O3,0.022137300000395044,45838
prog_000277_hash_table,4,Os_size,-Os,0.01803759999893373,45229
prog_000277_hash_table,5,O2_unroll_vec,-O2 -funroll-loops -ftree-vectorize,0.01901670000006561,45838
prog_000277_hash_table,10,O3_combine,-O3 -funroll-loops -finline-functions -ftree-vectorize,0.020163200000752113,45838
prog_000277_hash_table,13,O2_fast_math,-O2 -ffast-math,0.018918900001153816,49552
prog_000277_hash_table,19,full_aggressive,-O3 -ffast-math -funroll-loops -finline-functions -ftree-vectorize,0.018043900001430302,50064
prog_000278_matrix_mult,0,O0_baseline,-O0,0.023687400000198977,45859
prog_000278_matrix_mult,2,O2_standard,-O2,0.023854000000937958,45663
prog_000278_matrix_mult,3,O3_aggressive,-O3,0.02177020000090124,45663
prog_000278_matrix_mult,4,Os_size,-Os,0.0248436000001675,45054
prog_000278_matrix_mult,5,O2_unroll_vec,-O2 -funroll-loops -ftree-vectorize,0.025136900001598406,46175
prog_000278_matrix_mult,10,O3_combine,-O3 -funroll-loops -finline-functions -ftree-vectorize,0.02618849999998929,46175
prog_000278_matrix_mult,13,O2_fast_math,-O2 -ffast-math,0.021992399999362533,49377
prog_000278_matrix_mult,19,full_aggressive,-O3 -ffast-math -funroll-loops -finline-functions -ftree-vectorize,0.0265053999992233,49889
prog_000276_segment_tree,0,O0_baseline,-O0,0.1309958000001643,60124
prog_000276_segment_tree,2,O2_standard,-O2,0.13385080000080052,47509
prog_000276_segment_tree,3,O3_aggressive,-O3,0.11734099999921455,61891
prog_000276_segment_tree,4,Os_size,-Os,0.13250560000051337,46860
prog_000276_segment_tree,5,O2_unroll_vec,-O2 -funroll-loops -ftree-vectorize,0.13143209999907413,48021
prog_000276_segment_tree,10,O3_combine,-O3 -funroll-loops -finline-functions -ftree-vectorize,0.11979269999937969,61891
prog_000276_segment_tree,13,O2_fast_math,-O2 -ffast-math,0.12997689999974682,51223
prog_000276_segment_tree,19,full_aggressive,-O3 -ffast-math -funroll-loops -finline-functions -ftree-vectorize,0.11477270000068529,66117
prog_000279_counting_sort,0,O0_baseline,-O0,0.021861200000785175,60615
prog_000279_counting_sort,2,O2_standard,-O2,0.018198600000687293,47099
prog_000279_counting_sort,3,O3_aggressive,-O3,0.017651000000114436,47185
prog_000279_counting_sort,4,Os_size,-Os,0.017641700000240235,47372
prog_000279_counting_sort,5,O2_unroll_vec,-O2 -funroll-loops -ftree-vectorize,0.01801999999952386,48635
prog_000279_counting_sort,10,O3_combine,-O3 -funroll-loops -finline-functions -ftree-vectorize,0.01781459999983781,48209
prog_000279_counting_sort,13,O2_fast_math,-O2 -ffast-math,0.01807590000134951,50813
prog_000279_counting_sort,19,full_aggressive,-O3 -ffast-math -funroll-loops -finline-functions -ftree-vectorize,0.01784829999996873,51923
prog_000280_lis,0,O0_baseline,-O0,0.01950109999961569,78164
prog_000280_lis,2,O2_standard,-O2,0.016103199999633944,47227
prog_000280_lis,3,O3_aggressive,-O3,0.020111699999688426,47227
prog_000280_lis,4,Os_size,-Os,0.01937769999858574,47189
prog_000280_lis,5,O2_unroll_vec,-O2 -funroll-loops -ftree-vectorize,0.018635499998708838,47739
prog_000280_lis,10,O3_combine,-O3 -funroll-loops -finline-functions -ftree-vectorize,0.019794699999692966,47739
prog_000280_lis,13,O2_fast_math,-O2 -ffast-math,0.02021719999902416,51453
prog_000280_lis,19,full_aggressive,-O3 -ffast-math -funroll-loops -finline-functions -ftree-vectorize,0.020467100001042127,51453
prog_000282_linked_list,0,O0_baseline,-O0,0.017704600000797655,45467
prog_000282_linked_list,2,O2_standard,-O2,0.01974750000044878,44631
prog_000282_linked_list,3,O3_aggressive,-O3,0.02213810000102967,44631
prog_000282_linked_list,4,Os_size,-Os,0.018171300000176416,45046
prog_000282_linked_list,5,O2_unroll_vec,-O2 -funroll-loops -ftree-vectorize,0.019260600000052364,44631
prog_000282_linked_list,10,O3_combine,-O3 -funroll-loops -finline-functions -ftree-vectorize,0.018138299999918672,44631
prog_000282_linked_list,13,O2_fast_math,-O2 -ffast-math,0.020201299999826006,48857
prog_000282_linked_list,19,full_aggressive,-O3 -ffast-math -funroll-loops -finline-functions -ftree-vectorize,0.017747300000337418,49369
prog_000281_avl_tree,0,O0_baseline,-O0,0.016396200000599492,46964
prog_000281_avl_tree,2,O2_standard,-O2,0.01736200000050303,46470
prog_000281_avl_tree,3,O3_aggressive,-O3,0.018986899998708395,51117
prog_000281_avl_tree,4,Os_size,-Os,0.016657299998769304,45861
prog_000281_avl_tree,5,O2_unroll_vec,-O2 -funroll-loops -ftree-vectorize,0.01869509999960428,46470
prog_000281_avl_tree,10,O3_combine,-O3 -funroll-loops -finline-functions -ftree-vectorize,0.017298899998422712,51117
prog_000281_avl_tree,13,O2_fast_math,-O2 -ffast-math,0.020661300000938354,50184
prog_000281_avl_tree,19,full_aggressive,-O3 -ffast-math -funroll-loops -finline-functions -ftree-vectorize,0.02124779999940074,55343
prog_000283_coin_change,0,O0_baseline,-O0,0.027101300000140327,57861
prog_000283_coin_change,2,O2_standard,-O2,0.023226399998748093,46663
prog_000283_coin_change,3,O3_aggressive,-O3,0.02145820000077947,47175
prog_000283_coin_change,4,Os_size,-Os,0.020769299999301438,46054
prog_000283_coin_change,5,O2_unroll_vec,-O2 -funroll-loops -ftree-vectorize,0.021215799999481533,47687
prog_000283_coin_change,10,O3_combine,-O3 -funroll-loops -finline-functions -ftree-vectorize,0.01893210000162071,48711
prog_000283_coin_change,13,O2_fast_math,-O2 -ffast-math,0.02236819999961881,50377
prog_000283_coin_change,19,full_aggressive,-O3 -ffast-math -funroll-loops -finline-functions -ftree-vectorize,0.023051899999700254,52425
prog_000284_radix_sort,0,O0_baseline,-O0,0.01977679999981774,60343
prog_000284_radix_sort,2,O2_standard,-O2,0.02040320000014617,47123
prog_000284_radix_sort,3,O3_aggressive,-O3,0.017823099999077385,47209
prog_000284_radix_sort,4,Os_size,-Os,0.019386600000871113,47142
prog_000284_radix_sort,5,O2_unroll_vec,-O2 -funroll-loops -ftree-vectorize,0.02269739999974263,49171
prog_000284_radix_sort,10,O3_combine,-O3 -funroll-loops -finline-functions -ftree-vectorize,0.020436900000277092,48745
prog_000284_radix_sort,13,O2_fast_math,-O2 -ffast-math,0.018800199999532197,51349
prog_000284_radix_sort,19,full_aggressive,-O3 -ffast-math -funroll-loops -finline-functions -ftree-vectorize,0.018579999999928987,52459
prog_000285_linked_list,0,O0_baseline,-O0,0.017436400001315633,45467
prog_000285_linked_list,2,O2_standard,-O2,0.019407299998420058,44631
prog_000285_linked_list,3,O3_aggressive,-O3,0.0172099999999773,44631
prog_000285_linked_list,4,Os_size,-Os,0.01644970000052126,45046
prog_000285_linked_list,5,O2_unroll_vec,-O2 -funroll-loops -ftree-vectorize,0.017766700000720448,44631
prog_000285_linked_list,10,O3_combine,-O3 -funroll-loops -finline-functions -ftree-vectorize,0.021280599999954575,44631
prog_000285_linked_list,13,O2_fast_math,-O2 -ffast-math,0.0193942000005336,48857
prog_000285_linked_list,19,full_aggressive,-O3 -ffast-math -funroll-loops -finline-functions -ftree-vectorize,0.017659099999946193,49369
prog_000286_vector_ops,0,O0_baseline,-O0,0.039284200000111014,57793
prog_000286_vector_ops,2,O2_standard,-O2,0.02601399999912246,46908
prog_000286_vector_ops,3,O3_aggressive,-O3,0.023822999999538297,46994
prog_000286_vector_ops,4,Os_size,-Os,0.024686599999768077,46870
prog_000286_vector_ops,5,O2_unroll_vec,-O2 -funroll-loops -ftree-vectorize,0.02473660000032396,46908
prog_000286_vector_ops,10,O3_combine,-O3 -funroll-loops -finline-functions -ftree-vectorize,0.023490199999287142,46994
prog_000286_vector_ops,13,O2_fast_math,-O2 -ffast-math,0.02504880000014964,50622
prog_000286_vector_ops,19,full_aggressive,-O3 -ffast-math -funroll-loops -finline-functions -ftree-vectorize,0.023641400000997237,50708
prog_000287_edit_distance,0,O0_baseline,-O0,0.05125140000018291,87474
prog_000287_edit_distance,2,O2_standard,-O2,0.022744400001101894,48551
prog_000287_edit_distance,3,O3_aggressive,-O3,0.022400299998480477,48637
prog_000287_edit_distance,4,Os_size,-Os,0.023035099999106023,49505
prog_000287_edit_distance,5,O2_unroll_vec,-O2 -funroll-loops -ftree-vectorize,0.02419730000110576,50599
prog_000287_edit_distance,10,O3_combine,-O3 -funroll-loops -finline-functions -ftree-vectorize,0.021678199998859782,51197
prog_000287_edit_distance,13,O2_fast_math,-O2 -ffast-math,0.022357399999236804,52777
prog_000287_edit_distance,19,full_aggressive,-O3 -ffast-math -funroll-loops -finline-functions -ftree-vectorize,0.023530099999334197,55423
prog_000288_trie,0,O0_baseline,-O0,0.04633960000137449,54618
prog_000288_trie,2,O2_standard,-O2,0.035845800000970485,47182
prog_000288_trie,3,O3_aggressive,-O3,0.036438600000110455,47182
prog_000288_trie,4,Os_size,-Os,0.03560540000034962,47215
prog_000288_trie,5,O2_unroll_vec,-O2 -funroll-loops -ftree-vectorize,0.03509670000130427,48718
prog_000288_trie,10,O3_combine,-O3 -funroll-loops -finline-functions -ftree-vectorize,0.03997729999900912,49230
prog_000288_trie,13,O2_fast_math,-O2 -ffast-math,0.04196279999996477,50896
prog_000288_trie,19,full_aggressive,-O3 -ffast-math -funroll-loops -finline-functions -ftree-vectorize,0.0329050999989704,53456
prog_000289_quick_sort,0,O0_baseline,-O0,0.019269100001110928,60025
prog_000289_quick_sort,2,O2_standard,-O2,0.018388500000583008,46886
prog_000289_quick_sort,3,O3_aggressive,-O3,0.018338600000788574,46972
prog_000289_quick_sort,4,Os_size,-Os,0.0198156000005838,46789
prog_000289_quick_sort,5,O2_unroll_vec,-O2 -funroll-loops -ftree-vectorize,0.019086000000243075,47910
prog_000289_quick_sort,10,O3_combine,-O3 -funroll-loops -finline-functions -ftree-vectorize,0.02062389999991865,47996
prog_000289_quick_sort,13,O2_fast_math,-O2 -ffast-math,0.020569799999066163,50600
prog_000289_quick_sort,19,full_aggressive,-O3 -ffast-math -funroll-loops -finline-functions -ftree-vectorize,0.019028500000786153,51710
prog_000290_fibonacci,0,O0_baseline,-O0,0.017911900000399328,45183
prog_000290_fibonacci,2,O2_standard,-O2,0.020689300001322408,45005
prog_000290_fibonacci,3,O3_aggressive,-O3,0.01824060000035388,46029
prog_000290_fibonacci,4,Os_size,-Os,0.018173800001022755,44908
prog_000290_fibonacci,5,O2_unroll_vec,-O2 -funroll-loops -ftree-vectorize,0.020646400000259746,45517
prog_000290_fibonacci,10,O3_combine,-O3 -funroll-loops -finline-functions -ftree-vectorize,0.022034800000255927,46541
prog_000290_fibonacci,13,O2_fast_math,-O2 -ffast-math,0.02071559999967576,48719
prog_000290_fibonacci,19,full_aggressive,-O3 -ffast-math -funroll-loops -finline-functions -ftree-vectorize,0.020469400000365567,50255
prog_000291_priority_queue,0,O0_baseline,-O0,0.05217030000130762,79104
prog_000291_priority_queue,2,O2_standard,-O2,0.020950800000719028,47874
prog_000291_priority_queue,3,O3_aggressive,-O3,0.02102799999920535,47716
prog_000291_priority_queue,4,Os_size,-Os,0.023382800000035786,47265
prog_000291_priority_queue,5,O2_unroll_vec,-O2 -funroll-loops -ftree-vectorize,0.022833999999420485,47874
prog_000291_priority_queue,10,O3_combine,-O3 -funroll-loops -finline-functions -ftree-vectorize,0.02089479999995092,47716
prog_000291_priority_queue,13,O2_fast_math,-O2 -ffast-math,0.021077499999591964,51588
prog_000291_priority_queue,19,full_aggressive,-O3 -ffast-math -funroll-loops -finline-functions -ftree-vectorize,0.022035299998606206,51430
prog_000292_hash_table,0,O0_baseline,-O0,0.017829700000220328,46199
prog_000292_hash_table,2,O2_standard,-O2,0.0180806999997003,45838
prog_000292_hash_table,3,O3_aggressive,-O3,0.019846400000460562,45838
prog_000292_hash_table,4,Os_size,-Os,0.01845099999991362,45229
prog_000292_hash_table,5,O2_unroll_vec,-O2 -funroll-loops -ftree-vectorize,0.01910399999906076,45838
prog_000292_hash_table,10,O3_combine,-O3 -funroll-loops -finline-functions -ftree-vectorize,0.017583099999683327,45838
prog_000292_hash_table,13,O2_fast_math,-O2 -ffast-math,0.01909680000062508,49552
prog_000292_hash_table,19,full_aggressive,-O3 -ffast-math -funroll-loops -finline-functions -ftree-vectorize,0.019108499998765183,49552
prog_000294_hash_table,0,O0_baseline,-O0,0.02764729999944393,46199
prog_000294_hash_table,2,O2_standard,-O2,0.022698699998727534,45838
prog_000294_hash_table,3,O3_aggressive,-O3,0.023830599999200786,45838
prog_000294_hash_table,4,Os_size,-Os,0.024378000000069733,45229
prog_000294_hash_table,5,O2_unroll_vec,-O2 -funroll-loops -ftree-vectorize,0.024316799999724026,45838
prog_000294_hash_table,10,O3_combine,-O3 -funroll-loops -finline-functions -ftree-vectorize,0.02480680000007851,45838
prog_000294_hash_table,13,O2_fast_math,-O2 -ffast-math,0.02771730000131356,49552
prog_000294_hash_table,19,full_aggressive,-O3 -ffast-math -funroll-loops -finline-functions -ftree-vectorize,0.02359449999858043,50064
prog_000293_prefix_sum,0,O0_baseline,-O0,0.05704640000112704,60850
prog_000293_prefix_sum,2,O2_standard,-O2,0.05561230000057549,46838
prog_000293_prefix_sum,3,O3_aggressive,-O3,0.052792500000578,46924
prog_000293_prefix_sum,4,Os_size,-Os,0.04935660000046482,46800
prog_000293_prefix_sum,5,O2_unroll_vec,-O2 -funroll-loops -ftree-vectorize,0.055746399999407004,47862
prog_000293_prefix_sum,10,O3_combine,-O3 -funroll-loops -finline-functions -ftree-vectorize,0.04802229999950214,47436
prog_000293_prefix_sum,13,O2_fast_math,-O2 -ffast-math,0.05351070000142499,50552
prog_000293_prefix_sum,19,full_aggressive,-O3 -ffast-math -funroll-loops -finline-functions -ftree-vectorize,0.05331250000017462,51150
prog_000296_queue,0,O0_baseline,-O0,0.01861559999997553,47861
prog_000296_queue,2,O2_standard,-O2,0.023192099999505444,46833
prog_000296_queue,3,O3_aggressive,-O3,0.01745889999983774,46833
prog_000296_queue,4,Os_size,-Os,0.017816599998695892,46224
prog_000296_queue,5,O2_unroll_vec,-O2 -funroll-loops -ftree-vectorize,0.02029179999954067,47345
prog_000296_queue,10,O3_combine,-O3 -funroll-loops -finline-functions -ftree-vectorize,0.01679330000115442,47345
prog_000296_queue,13,O2_fast_math,-O2 -ffast-math,0.019187299998520757,50547
prog_000296_queue,19,full_aggressive,-O3 -ffast-math -funroll-loops -finline-functions -ftree-vectorize,0.01952490000076068,51059
prog_000295_bst,0,O0_baseline,-O0,0.021721500001149252,46201
prog_000295_bst,2,O2_standard,-O2,0.019848500000080094,45868
prog_000295_bst,3,O3_aggressive,-O3,0.020053300000654417,57644
prog_000295_bst,4,Os_size,-Os,0.021060899998701643,45259
prog_000295_bst,5,O2_unroll_vec,-O2 -funroll-loops -ftree-vectorize,0.021564200000284472,45868
prog_000295_bst,10,O3_combine,-O3 -funroll-loops -finline-functions -ftree-vectorize,0.021958499999527703,57644
prog_000295_bst,13,O2_fast_math,-O2 -ffast-math,0.020837000000028638,49582
prog_000295_bst,19,full_aggressive,-O3 -ffast-math -funroll-loops -finline-functions -ftree-vectorize,0.019720100000995444,61358
prog_000298_bellman_ford,0,O0_baseline,-O0,0.018262899999172078,60787
prog_000298_bellman_ford,2,O2_standard,-O2,0.018565300000773277,46465
prog_000298_bellman_ford,3,O3_aggressive,-O3,0.019986299999800394,46465
prog_000298_bellman_ford,4,Os_size,-Os,0.01790400000027148,45856
prog_000298_bellman_ford,5,O2_unroll_vec,-O2 -funroll-loops -ftree-vectorize,0.01840980000088166,46977
prog_000298_bellman_ford,10,O3_combine,-O3 -funroll-loops -finline-functions -ftree-vectorize,0.01729689999956463,46977
prog_000298_bellman_ford,13,O2_fast_math,-O2 -ffast-math,0.018317000000024564,50179
prog_000298_bellman_ford,19,full_aggressive,-O3 -ffast-math -funroll-loops -finline-functions -ftree-vectorize,0.021023700001023826,50691
prog_000297_lcs,0,O0_baseline,-O0,0.05758129999958328,84739
prog_000297_lcs,2,O2_standard,-O2,0.029361599999901955,48531
prog_000297_lcs,3,O3_aggressive,-O3,0.030172499999025604,48617
prog_000297_lcs,4,Os_size,-Os,0.030187200000000303,49485
prog_000297_lcs,5,O2_unroll_vec,-O2 -funroll-loops -ftree-vectorize,0.025076899999476154,51091
prog_000297_lcs,10,O3_combine,-O3 -funroll-loops -finline-functions -ftree-vectorize,0.027214899999307818,51177
prog_000297_lcs,13,O2_fast_math,-O2 -ffast-math,0.025364500001160195,52245
prog_000297_lcs,19,full_aggressive,-O3 -ffast-math -funroll-loops -finline-functions -ftree-vectorize,0.029504499998438405,55403
prog_000299_fibonacci,0,O0_baseline,-O0,0.07002690000081202,45183
prog_000299_fibonacci,2,O2_standard,-O2,0.05161039999984496,45005
prog_000299_fibonacci,3,O3_aggressive,-O3,0.052772899998672074,46029
prog_000299_fibonacci,4,Os_size,-Os,0.05919779999931052,44908
prog_000299_fibonacci,5,O2_unroll_vec,-O2 -funroll-loops -ftree-vectorize,0.055025300000124844,45517
prog_000299_fibonacci,10,O3_combine,-O3 -funroll-loops -finline-functions -ftree-vectorize,0.05118170000059763,46541
prog_000299_fibonacci,13,O2_fast_math,-O2 -ffast-math,0.046803600000203005,48719
prog_000299_fibonacci,19,full_aggressive,-O3 -ffast-math -funroll-loops -finline-functions -ftree-vectorize,0.05303810000077647,50255
prog_000300_segment_tree,0,O0_baseline,-O0,0.01879699999881268,60124
prog_000300_segment_tree,2,O2_standard,-O2,0.019694199998411932,47509
prog_000300_segment_tree,3,O3_aggressive,-O3,0.019996299999547773,61805
prog_000300_segment_tree,4,Os_size,-Os,0.021201300000029732,46860
prog_000300_segment_tree,5,O2_unroll_vec,-O2 -funroll-loops -ftree-vectorize,0.020233699999153032,48021
prog_000300_segment_tree,10,O3_combine,-O3 -funroll-loops -finline-functions -ftree-vectorize,0.019105499999568565,61805
prog_000300_segment_tree,13,O2_fast_math,-O2 -ffast-math,0.021972399999867775,51223
prog_000300_segment_tree,19,full_aggressive,-O3 -ffast-math -funroll-loops -finline-functions -ftree-vectorize,0.01817730000038864,66031
prog_000301_prefix_sum,0,O0_baseline,-O0,0.058966200000213576,47053
prog_000301_prefix_sum,2,O2_standard,-O2,0.05604070000117645,45106
prog_000301_prefix_sum,3,O3_aggressive,-O3,0.05164780000086466,45106
prog_000301_prefix_sum,4,Os_size,-Os,0.05811379999977362,45009
prog_000301_prefix_sum,5,O2_unroll_vec,-O2 -funroll-loops -ftree-vectorize,0.05538259999957518,45618
prog_000301_prefix_sum,10,O3_combine,-O3 -funroll-loops -finline-functions -ftree-vectorize,0.05410640000081912,45618
prog_000301_prefix_sum,13,O2_fast_math,-O2 -ffast-math,0.0527524999997695,49332
prog_000301_prefix_sum,19,full_aggressive,-O3 -ffast-math -funroll-loops -finline-functions -ftree-vectorize,0.06028789999982109,50356
prog_000302_merge_sort,0,O0_baseline,-O0,0.02460400000018126,58816
prog_000302_merge_sort,2,O2_standard,-O2,0.023073800000929623,46959
prog_000302_merge_sort,3,O3_aggressive,-O3,0.0198619000002509,48581
prog_000302_merge_sort,4,Os_size,-Os,0.021461399999679998,46862
prog_000302_merge_sort,5,O2_unroll_vec,-O2 -funroll-loops -ftree-vectorize,0.021265499999572057,48495
prog_000302_merge_sort,10,O3_combine,-O3 -funroll-loops -finline-functions -ftree-vectorize,0.020926500001223758,48581
prog_000302_merge_sort,13,O2_fast_math,-O2 -ffast-math,0.021718399999372195,50673
prog_000302_merge_sort,19,full_aggressive,-O3 -ffast-math -funroll-loops -finline-functions -ftree-vectorize,0.02204660000097647,52295
prog_000303_dfs,0,O0_baseline,-O0,0.01975039999888395,81376
prog_000303_dfs,2,O2_standard,-O2,0.018294199999218108,48057
prog_000303_dfs,3,O3_aggressive,-O3,0.021476200001416146,48569
prog_000303_dfs,4,Os_size,-Os,0.01802529999986291,47660
prog_000303_dfs,5,O2_unroll_vec,-O2 -funroll-loops -ftree-vectorize,0.020937499999490683,48569
prog_000303_dfs,10,O3_combine,-O3 -funroll-loops -finline-functions -ftree-vectorize,0.017844699999841396,49081
prog_000303_dfs,13,O2_fast_math,-O2 -ffast-math,0.018775999998979387,51771
prog_000303_dfs,19,full_aggressive,-O3 -ffast-math -funroll-loops -finline-functions -ftree-vectorize,0.01955389999966428,53307
prog_000304_coin_change,0,O0_baseline,-O0,0.023236200000610552,57861
prog_000304_coin_change,2,O2_standard,-O2,0.01924969999890891,46663
prog_000304_coin_change,3,O3_aggressive,-O3,0.019127199999275035,46663
prog_000304_coin_change,4,Os_size,-Os,0.018914000000222586,46054
prog_000304_coin_change,5,O2_unroll_vec,-O2 -funroll-loops -ftree-vectorize,0.019563300000299932,47687
prog_000304_coin_change,10,O3_combine,-O3 -funroll-loops -finline-functions -ftree-vectorize,0.02046880000125384,48711
prog_000304_coin_change,13,O2_fast_math,-O2 -ffast-math,0.021970600000713603,50377
prog_000304_coin_change,19,full_aggressive,-O3 -ffast-math -funroll-loops -finline-functions -ftree-vectorize,0.022671299999274197,52937
prog_000305_union_find,0,O0_baseline,-O0,0.018777199999021832,65328
prog_000305_union_find,2,O2_standard,-O2,0.0194934999999532,47990
prog_000305_union_find,3,O3_aggressive,-O3,0.017440100000385428,48076
prog_000305_union_find,4,Os_size,-Os,0.018193399999290705,47388
prog_000305_union_find,5,O2_unroll_vec,-O2 -funroll-loops -ftree-vectorize,0.01985880000029283,48502
prog_000305_union_find,10,O3_combine,-O3 -funroll-loops -finline-functions -ftree-vectorize,0.018434400000842288,48588
prog_000305_union_find,13,O2_fast_math,-O2 -ffast-math,0.01818740000089747,52216
prog_000305_union_find,19,full_aggressive,-O3 -ffast-math -funroll-loops -finline-functions -ftree-vectorize,0.01841430000058608,52302
prog_000306_binary_search,0,O0_baseline,-O0,0.07691799999884097,58797
prog_000306_binary_search,2,O2_standard,-O2,0.052798999999140506,46897
prog_000306_binary_search,3,O3_aggressive,-O3,0.05608890000075917,46983
prog_000306_binary_search,4,Os_size,-Os,0.05487549999998009,46288
prog_000306_binary_search,5,O2_unroll_vec,-O2 -funroll-loops -ftree-vectorize,0.05393479999838746,46897
prog_000306_binary_search,10,O3_combine,-O3 -funroll-loops -finline-functions -ftree-vectorize,0.057785700000749785,46983
prog_000306_binary_search,13,O2_fast_math,-O2 -ffast-math,0.07264170000053127,50611
prog_000306_binary_search,19,full_aggressive,-O3 -ffast-math -funroll-loops -finline-functions -ftree-vectorize,0.06002069999885862,50697
prog_000307_edit_distance,0,O0_baseline,-O0,0.030241899999964517,87474
prog_000307_edit_distance,2,O2_standard,-O2,0.02083209999909741,48551
prog_000307_edit_distance,3,O3_aggressive,-O3,0.019587000000683474,49149
prog_000307_edit_distance,4,Os_size,-Os,0.019666199999846867,49505
prog_000307_edit_distance,5,O2_unroll_vec,-O2 -funroll-loops -ftree-vectorize,0.020041899999341695,51111
prog_000307_edit_distance,10,O3_combine,-O3 -funroll-loops -finline-functions -ftree-vectorize,0.02354669999840553,51709
prog_000307_edit_distance,13,O2_fast_math,-O2 -ffast-math,0.022451299999374896,52777
prog_000307_edit_distance,19,full_aggressive,-O3 -ffast-math -funroll-loops -finline-functions -ftree-vectorize,0.02203929999996035,55423
prog_000308_segment_tree,0,O0_baseline,-O0,0.018799800000124378,60124
prog_000308_segment_tree,2,O2_standard,-O2,0.017970599999898695,47509
prog_000308_segment_tree,3,O3_aggressive,-O3,0.022180099998877267,61805
prog_000308_segment_tree,4,Os_size,-Os,0.022863500000312342,46860
prog_000308_segment_tree,5,O2_unroll_vec,-O2 -funroll-loops -ftree-vectorize,0.020442900000489317,48021
prog_000308_segment_tree,10,O3_combine,-O3 -funroll-loops -finline-functions -ftree-vectorize,0.01761620000070252,61805
prog_000308_segment_tree,13,O2_fast_math,-O2 -ffast-math,0.019220899999709218,51223
prog_000308_segment_tree,19,full_aggressive,-O3 -ffast-math -funroll-loops -finline-functions -ftree-vectorize,0.02026060000025609,66031
prog_000309_fibonacci,0,O0_baseline,-O0,0.0200234999992972,45284
prog_000309_fibonacci,2,O2_standard,-O2,0.018415100001220708,45020
prog_000309_fibonacci,3,O3_aggressive,-O3,0.019274800000857795,45532
prog_000309_fibonacci,4,Os_size,-Os,0.0180636000004597,44923
prog_000309_fibonacci,5,O2_unroll_vec,-O2 -funroll-loops -ftree-vectorize,0.03433969999969122,45020
prog_000309_fibonacci,10,O3_combine,-O3 -funroll-loops -finline-functions -ftree-vectorize,0.016387600000598468,45532
prog_000309_fibonacci,13,O2_fast_math,-O2 -ffast-math,0.01724090000061551,48734
prog_000309_fibonacci,19,full_aggressive,-O3 -ffast-math -funroll-loops -finline-functions -ftree-vectorize,0.017378100001224084,49246
prog_000310_convex_hull,0,O0_baseline,-O0,0.01902929999960179,90733
prog_000310_convex_hull,2,O2_standard,-O2,0.016581800000494695,52123
prog_000310_convex_hull,3,O3_aggressive,-O3,0.019495400001687813,51942
prog_000310_convex_hull,4,Os_size,-Os,0.01689780000015162,51582
prog_000310_convex_hull,5,O2_unroll_vec,-O2 -funroll-loops -ftree-vectorize,0.01683690000027127,54683
prog_000310_convex_hull,10,O3_combine,-O3 -funroll-loops -finline-functions -ftree-vectorize,0.020910100000037346,54502
prog_000310_convex_hull,13,O2_fast_math,-O2 -ffast-math,0.017775000000256114,56349
prog_000310_convex_hull,19,full_aggressive,-O3 -ffast-math -funroll-loops -finline-functions -ftree-vectorize,0.02090920000046026,58728
prog_000312_selection_sort,0,O0_baseline,-O0,0.016562999999223393,45819
prog_000312_selection_sort,2,O2_standard,-O2,0.01795979999951669,45641
prog_000312_selection_sort,3,O3_aggressive,-O3,0.019572799999878043,45641
prog_000312_selection_sort,4,Os_size,-Os,0.01790149999942514,45032
prog_000312_selection_sort,5,O2_unroll_vec,-O2 -funroll-loops -ftree-vectorize,0.017089299999497598,46153
prog_000312_selection_sort,10,O3_combine,-O3 -funroll-loops -finline-functions -ftree-vectorize,0.017589099999895552,46153
prog_000312_selection_sort,13,O2_fast_math,-O2 -ffast-math,0.019674200000736164,49355
prog_000312_selection_sort,19,full_aggressive,-O3 -ffast-math -funroll-loops -finline-functions -ftree-vectorize,0.02030910000030417,49867
prog_000311_quick_sort,0,O0_baseline,-O0,0.02232410000033269,59513
prog_000311_quick_sort,2,O2_standard,-O2,0.018689900000026682,46886
prog_000311_quick_sort,3,O3_aggressive,-O3,0.018652800001291325,47996
prog_000311_quick_sort,4,Os_size,-Os,0.01825490000010177,46277
prog_000311_quick_sort,5,O2_unroll_vec,-O2 -funroll-loops -ftree-vectorize,0.01843629999893892,47398
prog_000311_quick_sort,10,O3_combine,-O3 -funroll-loops -finline-functions -ftree-vectorize,0.01948880000054487,51580
prog_000311_quick_sort,13,O2_fast_math,-O2 -ffast-math,0.017892799998662667,50600
prog_000311_quick_sort,19,full_aggressive,-O3 -ffast-math -funroll-loops -finline-functions -ftree-vectorize,0.017999900001086644,55806
prog_000313_knapsack,0,O0_baseline,-O0,0.05005619999974442,80027
prog_000313_knapsack,2,O2_standard,-O2,0.021515999998882762,48152
prog_000313_knapsack,3,O3_aggressive,-O3,0.02500490000056743,48238
prog_000313_knapsack,4,Os_size,-Os,0.02457200000026205,48306
prog_000313_knapsack,5,O2_unroll_vec,-O2 -funroll-loops -ftree-vectorize,0.021786000001156935,50200
prog_000313_knapsack,10,O3_combine,-O3 -funroll-loops -finline-functions -ftree-vectorize,0.023932000000058906,50798
prog_000313_knapsack,13,O2_fast_math,-O2 -ffast-math,0.023993499999050982,51866
prog_000313_knapsack,19,full_aggressive,-O3 -ffast-math -funroll-loops -finline-functions -ftree-vectorize,0.025435100000322564,54512
prog_000314_union_find,0,O0_baseline,-O0,0.024542199998904835,65328
prog_000314_union_find,2,O2_standard,-O2,0.02208299999983865,47990
prog_000314_union_find,3,O3_aggressive,-O3,0.019444799998382223,48076
prog_000314_union_find,4,Os_size,-Os,0.021098600000186707,47388
prog_000314_union_find,5,O2_unroll_vec,-O2 -funroll-loops -ftree-vectorize,0.020067600000402308,48502
prog_000314_union_find,10,O3_combine,-O3 -funroll-loops -finline-functions -ftree-vectorize,0.0204037999992579,48588
prog_000314_union_find,13,O2_fast_math,-O2 -ffast-math,0.02008439999917755,52216
prog_000314_union_find,19,full_aggressive,-O3 -ffast-math -funroll-loops -finline-functions -ftree-vectorize,0.019559899999876507,52302
prog_000316_merge_sort,0,O0_baseline,-O0,0.03704240000115533,58816
prog_000316_merge_sort,2,O2_standard,-O2,0.019572200000766315,46959
prog_000316_merge_sort,3,O3_aggressive,-O3,0.017358200000671786,48495
prog_000316_merge_sort,4,Os_size,-Os,0.019301399999676505,46862
prog_000316_merge_sort,5,O2_unroll_vec,-O2 -funroll-loops -ftree-vectorize,0.01717359999929613,48495
prog_000316_merge_sort,10,O3_combine,-O3 -funroll-loops -finline-functions -ftree-vectorize,0.01765730000079202,48495
prog_000316_merge_sort,13,O2_fast_math,-O2 -ffast-math,0.018967599999086815,50673
prog_000316_merge_sort,19,full_aggressive,-O3 -ffast-math -funroll-loops -finline-functions -ftree-vectorize,0.01857670000026701,52209
prog_000315_segment_tree,0,O0_baseline,-O0,0.036757600000782986,60124
prog_000315_segment_tree,2,O2_standard,-O2,0.037549000000581145,47509
prog_000315_segment_tree,3,O3_aggressive,-O3,0.030583800000385963,61891
prog_000315_segment_tree,4,Os_size,-Os,0.03259590000016033,46860
prog_000315_segment_tree,5,O2_unroll_vec,-O2 -funroll-loops -ftree-vectorize,0.03174419999959355,48021
prog_000315_segment_tree,10,O3_combine,-O3 -funroll-loops -finline-functions -ftree-vectorize,0.03358500000103959,61891
prog_000315_segment_tree,13,O2_fast_math,-O2 -ffast-math,0.032049400000687456,51223
prog_000315_segment_tree,19,full_aggressive,-O3 -ffast-math -funroll-loops -finline-functions -ftree-vectorize,0.029815900001267437,66117
prog_000317_dijkstra,0,O0_baseline,-O0,0.019324900000356138,125293
prog_000317_dijkstra,2,O2_standard,-O2,0.021343099999285187,51481
prog_000317_dijkstra,3,O3_aggressive,-O3,0.018599999999423744,50131
prog_000317_dijkstra,4,Os_size,-Os,0.017418600000382867,50401
prog_000317_dijkstra,5,O2_unroll_vec,-O2 -funroll-loops -ftree-vectorize,0.01741330000004382,53017
prog_000317_dijkstra,10,O3_combine,-O3 -funroll-loops -finline-functions -ftree-vectorize,0.01900480000040261,51667
prog_000317_dijkstra,13,O2_fast_math,-O2 -ffast-math,0.020487600000706152,55195
prog_000317_dijkstra,19,full_aggressive,-O3 -ffast-math -funroll-loops -finline-functions -ftree-vectorize,0.019554900000002817,55893
prog_000318_convex_hull,0,O0_baseline,-O0,0.019834400000036112,90733
prog_000318_convex_hull,2,O2_standard,-O2,0.01719010000124399,52123
prog_000318_convex_hull,3,O3_aggressive,-O3,0.02005040000040026,51942
prog_000318_convex_hull,4,Os_size,-Os,0.01752949999900011,51582
prog_000318_convex_hull,5,O2_unroll_vec,-O2 -funroll-loops -ftree-vectorize,0.016884999999092543,54683
prog_000318_convex_hull,10,O3_combine,-O3 -funroll-loops -finline-functions -ftree-vectorize,0.01699449999978242,53990
prog_000318_convex_hull,13,O2_fast_math,-O2 -ffast-math,0.01923489999899175,56349
prog_000318_convex_hull,19,full_aggressive,-O3 -ffast-math -funroll-loops -finline-functions -ftree-vectorize,0.016889500000615953,58728
prog_000319_queue,0,O0_baseline,-O0,0.018967199999678996,47861
prog_000319_queue,2,O2_standard,-O2,0.017876699999760604,46833
prog_000319_queue,3,O3_aggressive,-O3,0.018065099999148515,46833
prog_000319_queue,4,Os_size,-Os,0.02014439999948081,46224
prog_000319_queue,5,O2_unroll_vec,-O2 -funroll-loops -ftree-vectorize,0.018685000000914442,46833
prog_000319_queue,10,O3_combine,-O3 -funroll-loops -finline-functions -ftree-vectorize,0.01952309999978752,46833
prog_000319_queue,13,O2_fast_math,-O2 -ffast-math,0.01920379999864963,50547
prog_000319_queue,19,full_aggressive,-O3 -ffast-math -funroll-loops -finline-functions -ftree-vectorize,0.021979600000122446,51059
prog_000320_selection_sort,0,O0_baseline,-O0,0.045051999999486725,45819
prog_000320_selection_sort,2,O2_standard,-O2,0.03202109999983804,45641
prog_000320_selection_sort,3,O3_aggressive,-O3,0.05610340000021097,45641
prog_000320_selection_sort,4,Os_size,-Os,0.04175260000010894,45032
prog_000320_selection_sort,5,O2_unroll_vec,-O2 -funroll-loops -ftree-vectorize,0.054507599999851664,46153
prog_000320_selection_sort,10,O3_combine,-O3 -funroll-loops -finline-functions -ftree-vectorize,0.0575157000002946,46153
prog_000320_selection_sort,13,O2_fast_math,-O2 -ffast-math,0.04670379999879515,49355
prog_000320_selection_sort,19,full_aggressive,-O3 -ffast-math -funroll-loops -finline-functions -ftree-vectorize,0.05021619999934046,49867
prog_000322_binary_search,0,O0_baseline,-O0,0.051562700000431505,58797
prog_000322_binary_search,2,O2_standard,-O2,0.04317379999883997,46897
prog_000322_binary_search,3,O3_aggressive,-O3,0.04600080000091111,46983
prog_000322_binary_search,4,Os_size,-Os,0.04259429999910935,46288
prog_000322_binary_search,5,O2_unroll_vec,-O2 -funroll-loops -ftree-vectorize,0.04191069999978936,46897
prog_000322_binary_search,10,O3_combine,-O3 -funroll-loops -finline-functions -ftree-vectorize,0.042867100000876235,46983
prog_000322_binary_search,13,O2_fast_math,-O2 -ffast-math,0.04439710000042396,50611
prog_000322_binary_search,19,full_aggressive,-O3 -ffast-math -funroll-loops -finline-functions -ftree-vectorize,0.04139530000065861,50697
prog_000321_matrix_mult,0,O0_baseline,-O0,0.45474950000061654,45859
prog_000321_matrix_mult,2,O2_standard,-O2,0.18810400000074878,45663
prog_000321_matrix_mult,3,O3_aggressive,-O3,0.18409690000044066,45663
prog_000321_matrix_mult,4,Os_size,-Os,0.19574069999907806,45054
prog_000321_matrix_mult,5,O2_unroll_vec,-O2 -funroll-loops -ftree-vectorize,0.1803407999996125,46175
prog_000321_matrix_mult,10,O3_combine,-O3 -funroll-loops -finline-functions -ftree-vectorize,0.17234730000018317,46175
prog_000321_matrix_mult,13,O2_fast_math,-O2 -ffast-math,0.17302370000106748,49377
prog_000321_matrix_mult,19,full_aggressive,-O3 -ffast-math -funroll-loops -finline-functions -ftree-vectorize,0.1892004999990604,49889
prog_000323_insertion_sort,0,O0_baseline,-O0,0.01801820000036969,45307
prog_000323_insertion_sort,2,O2_standard,-O2,0.01723420000053011,45129
prog_000323_insertion_sort,3,O3_aggressive,-O3,0.019005500000275788,45129
prog_000323_insertion_sort,4,Os_size,-Os,0.016485100000863895,45032
prog_000323_insertion_sort,5,O2_unroll_vec,-O2 -funroll-loops -ftree-vectorize,0.017041899998730514,45641
prog_000323_insertion_sort,10,O3_combine,-O3 -funroll-loops -finline-functions -ftree-vectorize,0.016339600000719656,45641
prog_000323_insertion_sort,13,O2_fast_math,-O2 -ffast-math,0.021474099999977625,48843
prog_000323_insertion_sort,19,full_aggressive,-O3 -ffast-math -funroll-loops -finline-functions -ftree-vectorize,0.01905810000062047,49355
prog_000324_stack,0,O0_baseline,-O0,0.021737300001404947,48001
prog_000324_stack,2,O2_standard,-O2,0.019453499999144697,46321
prog_000324_stack,3,O3_aggressive,-O3,0.01930760000141163,46321
prog_000324_stack,4,Os_size,-Os,0.017869799999971292,46224
prog_000324_stack,5,O2_unroll_vec,-O2 -funroll-loops -ftree-vectorize,0.018988599998920108,46833
prog_000324_stack,10,O3_combine,-O3 -funroll-loops -finline-functions -ftree-vectorize,0.01796959999956016,46833
prog_000324_stack,13,O2_fast_math,-O2 -ffast-math,0.018050099999527447,50547
prog_000324_stack,19,full_aggressive,-O3 -ffast-math -funroll-loops -finline-functions -ftree-vectorize,0.019625200000518817,50547
prog_000325_quick_sort,0,O0_baseline,-O0,0.01970409999921685,59513
prog_000325_quick_sort,2,O2_standard,-O2,0.01788440000018454,46886
prog_000325_quick_sort,3,O3_aggressive,-O3,0.02728709999973944,49020
prog_000325_quick_sort,4,Os_size,-Os,0.01953529999991588,46789
prog_000325_quick_sort,5,O2_unroll_vec,-O2 -funroll-loops -ftree-vectorize,0.020323199998529162,47910
prog_000325_quick_sort,10,O3_combine,-O3 -funroll-loops -finline-functions -ftree-vectorize,0.020419499998752144,54652
prog_000325_quick_sort,13,O2_fast_math,-O2 -ffast-math,0.01777540000148292,50600
prog_000325_quick_sort,19,full_aggressive,-O3 -ffast-math -funroll-loops -finline-functions -ftree-vectorize,0.023610599999301485,58366
prog_000326_hash_table,0,O0_baseline,-O0,0.02078369999981078,46199
prog_000326_hash_table,2,O2_standard,-O2,0.02433009999913338,45838
prog_000326_hash_table,3,O3_aggressive,-O3,0.025347200000396697,45838
prog_000326_hash_table,4,Os_size,-Os,0.02485259999957634,45229
prog_000326_hash_table,5,O2_unroll_vec,-O2 -funroll-loops -ftree-vectorize,0.01918900000055146,45838
prog_000326_hash_table,10,O3_combine,-O3 -funroll-loops -finline-functions -ftree-vectorize,0.021595000000161235,45838
prog_000326_hash_table,13,O2_fast_math,-O2 -ffast-math,0.019308999999338994,49552
prog_000326_hash_table,19,full_aggressive,-O3 -ffast-math -funroll-loops -finline-functions -ftree-vectorize,0.021407000000181142,50064
prog_000327_edit_distance,0,O0_baseline,-O0,0.031255700001565856,87474
prog_000327_edit_distance,2,O2_standard,-O2,0.02507049999985611,48551
prog_000327_edit_distance,3,O3_aggressive,-O3,0.01977410000108648,48637
prog_000327_edit_distance,4,Os_size,-Os,0.023749100000713952,49505
prog_000327_edit_distance,5,O2_unroll_vec,-O2 -funroll-loops -ftree-vectorize,0.019114400000034948,50599
prog_000327_edit_distance,10,O3_combine,-O3 -funroll-loops -finline-functions -ftree-vectorize,0.022177599999849917,51197
prog_000327_edit_distance,13,O2_fast_math,-O2 -ffast-math,0.02263630000015837,52777
prog_000327_edit_distance,19,full_aggressive,-O3 -ffast-math -funroll-loops -finline-functions -ftree-vectorize,0.023738100000628037,55423
prog_000328_union_find,0,O0_baseline,-O0,0.024965599999632104,65328
prog_000328_union_find,2,O2_standard,-O2,0.021554599999944912,47990
prog_000328_union_find,3,O3_aggressive,-O3,0.020972400001483038,48076
prog_000328_union_find,4,Os_size,-Os,0.01971670000057202,47388
prog_000328_union_find,5,O2_unroll_vec,-O2 -funroll-loops -ftree-vectorize,0.023279000000911765,48502
prog_000328_union_find,10,O3_combine,-O3 -funroll-loops -finline-functions -ftree-vectorize,0.024109599999064812,48588
prog_000328_union_find,13,O2_fast_math,-O2 -ffast-math,0.021873499999855994,52216
prog_000328_union_find,19,full_aggressive,-O3 -ffast-math -funroll-loops -finline-functions -ftree-vectorize,0.023021900000458118,52302
prog_000329_binary_search,0,O0_baseline,-O0,0.11640070000066771,58797
prog_000329_binary_search,2,O2_standard,-O2,0.0671332000001712,46897
prog_000329_binary_search,3,O3_aggressive,-O3,0.06211099999927683,46897
prog_000329_binary_search,4,Os_size,-Os,0.07403669999985141,46288
prog_000329_binary_search,5,O2_unroll_vec,-O2 -funroll-loops -ftree-vectorize,0.06233579999934591,46897
prog_000329_binary_search,10,O3_combine,-O3 -funroll-loops -finline-functions -ftree-vectorize,0.07247020000068005,46897
prog_000329_binary_search,13,O2_fast_math,-O2 -ffast-math,0.06780429999889748,50611
prog_000329_binary_search,19,full_aggressive,-O3 -ffast-math -funroll-loops -finline-functions -ftree-vectorize,0.07248009999966598,50611
prog_000330_convex_hull,0,O0_baseline,-O0,0.01651059999858262,90733
prog_000330_convex_hull,2,O2_standard,-O2,0.01806419999957143,52123
prog_000330_convex_hull,3,O3_aggressive,-O3,0.017711700000290875,51942
prog_000330_convex_hull,4,Os_size,-Os,0.01761600000099861,51582
prog_000330_convex_hull,5,O2_unroll_vec,-O2 -funroll-loops -ftree-vectorize,0.018599799999719835,54683
prog_000330_convex_hull,10,O3_combine,-O3 -funroll-loops -finline-functions -ftree-vectorize,0.019824099999823375,54502
prog_000330_convex_hull,13,O2_fast_math,-O2 -ffast-math,0.017026599998644087,56349
prog_000330_convex_hull,19,full_aggressive,-O3 -ffast-math -funroll-loops -finline-functions -ftree-vectorize,0.01901960000031977,58728
prog_000332_bellman_ford,0,O0_baseline,-O0,0.023300799999560695,60787
prog_000332_bellman_ford,2,O2_standard,-O2,0.01870029999918188,46465
prog_000332_bellman_ford,3,O3_aggressive,-O3,0.021155100001124083,46465
prog_000332_bellman_ford,4,Os_size,-Os,0.018047900000965456,45856
prog_000332_bellman_ford,5,O2_unroll_vec,-O2 -funroll-loops -ftree-vectorize,0.02041079999980866,46977
prog_000332_bellman_ford,10,O3_combine,-O3 -funroll-loops -finline-functions -ftree-vectorize,0.01845830000092974,46977
prog_000332_bellman_ford,13,O2_fast_math,-O2 -ffast-math,0.019976099998530117,50179
prog_000332_bellman_ford,19,full_aggressive,-O3 -ffast-math -funroll-loops -finline-functions -ftree-vectorize,0.017430900001272676,50691
prog_000331_edit_distance,0,O0_baseline,-O0,0.0340052999999898,87474
prog_000331_edit_distance,2,O2_standard,-O2,0.019323000000440516,48551
prog_000331_edit_distance,3,O3_aggressive,-O3,0.02612589999989723,49149
prog_000331_edit_distance,4,Os_size,-Os,0.0228131999992911,49505
prog_000331_edit_distance,5,O2_unroll_vec,-O2 -funroll-loops -ftree-vectorize,0.021020800000769668,51111
prog_000331_edit_distance,10,O3_combine,-O3 -funroll-loops -finline-functions -ftree-vectorize,0.021077600000353414,51709
prog_000331_edit_distance,13,O2_fast_math,-O2 -ffast-math,0.020692899999630754,52777
prog_000331_edit_distance,19,full_aggressive,-O3 -ffast-math -funroll-loops -finline-functions -ftree-vectorize,0.02006509999955597,55423
prog_000334_queue,0,O0_baseline,-O0,0.01989040000080422,47861
prog_000334_queue,2,O2_standard,-O2,0.021350200000597397,46833
prog_000334_queue,3,O3_aggressive,-O3,0.021264100001644692,46833
prog_000334_queue,4,Os_size,-Os,0.01692630000070494,46224
prog_000334_queue,5,O2_unroll_vec,-O2 -funroll-loops -ftree-vectorize,0.01819479999903706,47345
prog_000334_queue,10,O3_combine,-O3 -funroll-loops -finline-functions -ftree-vectorize,0.017290600000706036,47345
prog_000334_queue,13,O2_fast_math,-O2 -ffast-math,0.017809200000556302,50547
prog_000334_queue,19,full_aggressive,-O3 -ffast-math -funroll-loops -finline-functions -ftree-vectorize,0.019620499999291496,51059
prog_000333_bfs,0,O0_baseline,-O0,0.020070399999895017,108668
prog_000333_bfs,2,O2_standard,-O2,0.021319000001312816,50492
prog_000333_bfs,3,O3_aggressive,-O3,0.020264199998564436,51516
prog_000333_bfs,4,Os_size,-Os,0.01907079999909911,51724
prog_000333_bfs,5,O2_unroll_vec,-O2 -funroll-loops -ftree-vectorize,0.017908400001033442,53052
prog_000333_bfs,10,O3_combine,-O3 -funroll-loops -finline-functions -ftree-vectorize,0.017508099999758997,53564
prog_000333_bfs,13,O2_fast_math,-O2 -ffast-math,0.018836299999748007,55230
prog_000333_bfs,19,full_aggressive,-O3 -ffast-math -funroll-loops -finline-functions -ftree-vectorize,0.020852400000876514,57790
prog_000336_doubly_linked_list,0,O0_baseline,-O0,0.016938000000664033,46401
prog_000336_doubly_linked_list,2,O2_standard,-O2,0.01920819999941159,44722
prog_000336_doubly_linked_list,3,O3_aggressive,-O3,0.019385399999009678,44722
prog_000336_doubly_linked_list,4,Os_size,-Os,0.01816039999903296,45137
prog_000336_doubly_linked_list,5,O2_unroll_vec,-O2 -funroll-loops -ftree-vectorize,0.018192800000178977,45234
prog_000336_doubly_linked_list,10,O3_combine,-O3 -funroll-loops -finline-functions -ftree-vectorize,0.020965200001228368,45234
prog_000336_doubly_linked_list,13,O2_fast_math,-O2 -ffast-math,0.0212891999999556,48948
prog_000336_doubly_linked_list,19,full_aggressive,-O3 -ffast-math -funroll-loops -finline-functions -ftree-vectorize,0.019911699999283883,49460
prog_000335_segment_tree,0,O0_baseline,-O0,0.11096159999942756,60124
prog_000335_segment_tree,2,O2_standard,-O2,0.09250739999879443,47509
prog_000335_segment_tree,3,O3_aggressive,-O3,0.0796714999996766,61891
prog_000335_segment_tree,4,Os_size,-Os,0.0904448000001139,46860
prog_000335_segment_tree,5,O2_unroll_vec,-O2 -funroll-loops -ftree-vectorize,0.0907684000012523,48021
prog_000335_segment_tree,10,O3_combine,-O3 -funroll-loops -finline-functions -ftree-vectorize,0.1039904999997816,61891
prog_000335_segment_tree,13,O2_fast_math,-O2 -ffast-math,0.09048150000126043,51223
prog_000335_segment_tree,19,full_aggressive,-O3 -ffast-math -funroll-loops -finline-functions -ftree-vectorize,0.08465290000094683,66117
prog_000338_rod_cutting,0,O0_baseline,-O0,0.01713500000005297,58534
prog_000338_rod_cutting,2,O2_standard,-O2,0.01919409999936761,46651
prog_000338_rod_cutting,3,O3_aggressive,-O3,0.019202699999368633,46737
prog_000338_rod_cutting,4,Os_size,-Os,0.018035400000371737,46042
prog_000338_rod_cutting,5,O2_unroll_vec,-O2 -funroll-loops -ftree-vectorize,0.017051400000127614,47163
prog_000338_rod_cutting,10,O3_combine,-O3 -funroll-loops -finline-functions -ftree-vectorize,0.01774219999970228,47249
prog_000338_rod_cutting,13,O2_fast_math,-O2 -ffast-math,0.02300439999999071,50365
prog_000338_rod_cutting,19,full_aggressive,-O3 -ffast-math -funroll-loops -finline-functions -ftree-vectorize,0.017469300000811927,50963
prog_000337_radix_sort,0,O0_baseline,-O0,0.039332000000285916,60343
prog_000337_radix_sort,2,O2_standard,-O2,0.03269399999953748,47123
prog_000337_radix_sort,3,O3_aggressive,-O3,0.03082399999948393,47209
prog_000337_radix_sort,4,Os_size,-Os,0.03199550000135787,47142
prog_000337_radix_sort,5,O2_unroll_vec,-O2 -funroll-loops -ftree-vectorize,0.025037800000063726,49171
prog_000337_radix_sort,10,O3_combine,-O3 -funroll-loops -finline-functions -ftree-vectorize,0.02446790000067267,48745
prog_000337_radix_sort,13,O2_fast_math,-O2 -ffast-math,0.031089799998881062,51349
prog_000337_radix_sort,19,full_aggressive,-O3 -ffast-math -funroll-loops -finline-functions -ftree-vectorize,0.02319050000005518,52459
prog_000339_dijkstra,0,O0_baseline,-O0,0.02088030000049912,125293
prog_000339_dijkstra,2,O2_standard,-O2,0.020550400000502123,51481
prog_000339_dijkstra,3,O3_aggressive,-O3,0.019599499999458203,50131
prog_000339_dijkstra,4,Os_size,-Os,0.01901249999900756,50401
prog_000339_dijkstra,5,O2_unroll_vec,-O2 -funroll-loops -ftree-vectorize,0.018614399999933084,53017
prog_000339_dijkstra,10,O3_combine,-O3 -funroll-loops -finline-functions -ftree-vectorize,0.024779000001217355,51667
prog_000339_dijkstra,13,O2_fast_math,-O2 -ffast-math,0.019171199999618693,55195
prog_000339_dijkstra,19,full_aggressive,-O3 -ffast-math -funroll-loops -finline-functions -ftree-vectorize,0.023663899999519344,55893
prog_000340_bst,0,O0_baseline,-O0,0.021793899999465793,46201
prog_000340_bst,2,O2_standard,-O2,0.02094099999885657,45868
prog_000340_bst,3,O3_aggressive,-O3,0.018696700000873534,57644
prog_000340_bst,4,Os_size,-Os,0.02340860000003886,45259
prog_000340_bst,5,O2_unroll_vec,-O2 -funroll-loops -ftree-vectorize,0.022753400000510737,45868
prog_000340_bst,10,O3_combine,-O3 -funroll-loops -finline-functions -ftree-vectorize,0.02170740000110527,57644
prog_000340_bst,13,O2_fast_math,-O2 -ffast-math,0.021137300000191317,49582
prog_000340_bst,19,full_aggressive,-O3 -ffast-math -funroll-loops -finline-functions -ftree-vectorize,0.019719599999007187,61358
prog_000341_coin_change,0,O0_baseline,-O0,0.0408646999985649,57861
prog_000341_coin_change,2,O2_standard,-O2,0.023978799999895273,46663
prog_000341_coin_change,3,O3_aggressive,-O3,0.020421900000656024,47175
prog_000341_coin_change,4,Os_size,-Os,0.021601999998893007,46054
prog_000341_coin_change,5,O2_unroll_vec,-O2 -funroll-loops -ftree-vectorize,0.019957000000431435,47687
prog_000341_coin_change,10,O3_combine,-O3 -funroll-loops -finline-functions -ftree-vectorize,0.020015000000057626,48199
prog_000341_coin_change,13,O2_fast_math,-O2 -ffast-math,0.021660899999915273,50377
prog_000341_coin_change,19,full_aggressive,-O3 -ffast-math -funroll-loops -finline-functions -ftree-vectorize,0.021628300000884337,52425
prog_000342_segment_tree,0,O0_baseline,-O0,0.0606086999996478,60124
prog_000342_segment_tree,2,O2_standard,-O2,0.05767630000082136,47509
prog_000342_segment_tree,3,O3_aggressive,-O3,0.05304489999980433,61891
prog_000342_segment_tree,4,Os_size,-Os,0.059760000000096625,46860
prog_000342_segment_tree,5,O2_unroll_vec,-O2 -funroll-loops -ftree-vectorize,0.061081299998477334,48021
prog_000342_segment_tree,10,O3_combine,-O3 -funroll-loops -finline-functions -ftree-vectorize,0.05543999999827065,61891
prog_000342_segment_tree,13,O2_fast_math,-O2 -ffast-math,0.060514599999805796,51223
prog_000342_segment_tree,19,full_aggressive,-O3 -ffast-math -funroll-loops -finline-functions -ftree-vectorize,0.05307549999997718,66117
prog_000343_prefix_sum,0,O0_baseline,-O0,0.038311199999952805,47053
prog_000343_prefix_sum,2,O2_standard,-O2,0.03557790000013483,45106
prog_000343_prefix_sum,3,O3_aggressive,-O3,0.0391687000010279,45106
prog_000343_prefix_sum,4,Os_size,-Os,0.03539670000100159,45009
prog_000343_prefix_sum,5,O2_unroll_vec,-O2 -funroll-loops -ftree-vectorize,0.03726910000114003,45618
prog_000343_prefix_sum,10,O3_combine,-O3 -funroll-loops -finline-functions -ftree-vectorize,0.03582040000037523,45618
prog_000343_prefix_sum,13,O2_fast_math,-O2 -ffast-math,0.035613600000942824,49332
prog_000343_prefix_sum,19,full_aggressive,-O3 -ffast-math -funroll-loops -finline-functions -ftree-vectorize,0.033428599999751896,49844
prog_000344_dijkstra,0,O0_baseline,-O0,0.021749899999122135,125293
prog_000344_dijkstra,2,O2_standard,-O2,0.01653210000040417,51481
prog_000344_dijkstra,3,O3_aggressive,-O3,0.022419999999328866,50131
prog_000344_dijkstra,4,Os_size,-Os,0.01947649999965506,50401
prog_000344_dijkstra,5,O2_unroll_vec,-O2 -funroll-loops -ftree-vectorize,0.02456030000030296,53017
prog_000344_dijkstra,10,O3_combine,-O3 -funroll-loops -finline-functions -ftree-vectorize,0.018389399998341105,52179
prog_000344_dijkstra,13,O2_fast_math,-O2 -ffast-math,0.029424099999232567,55195
prog_000344_dijkstra,19,full_aggressive,-O3 -ffast-math -funroll-loops -finline-functions -ftree-vectorize,0.021866199998839875,55893
prog_000345_segment_tree,0,O0_baseline,-O0,0.02684679999947548,60124
prog_000345_segment_tree,2,O2_standard,-O2,0.023279400000319583,47509
prog_000345_segment_tree,3,O3_aggressive,-O3,0.02586870000050112,61891
prog_000345_segment_tree,4,Os_size,-Os,0.033776999998735846,46860
prog_000345_segment_tree,5,O2_unroll_vec,-O2 -funroll-loops -ftree-vectorize,0.02360899999985122,48021
prog_000345_segment_tree,10,O3_combine,-O3 -funroll-loops -finline-functions -ftree-vectorize,0.028699200000119163,61891
prog_000345_segment_tree,13,O2_fast_math,-O2 -ffast-math,0.025534300000799703,51223
prog_000345_segment_tree,19,full_aggressive,-O3 -ffast-math -funroll-loops -finline-functions -ftree-vectorize,0.021319999999832362,66117
prog_000346_knapsack,0,O0_baseline,-O0,0.035187499999665306,80027
prog_000346_knapsack,2,O2_standard,-O2,0.018556099999841535,48152
prog_000346_knapsack,3,O3_aggressive,-O3,0.029322399999728077,48238
prog_000346_knapsack,4,Os_size,-Os,0.02147789999980887,48306
prog_000346_knapsack,5,O2_unroll_vec,-O2 -funroll-loops -ftree-vectorize,0.01804679999986547,49688
prog_000346_knapsack,10,O3_combine,-O3 -funroll-loops -finline-functions -ftree-vectorize,0.022207199999684235,50286
prog_000346_knapsack,13,O2_fast_math,-O2 -ffast-math,0.023049299999911455,51866
prog_000346_knapsack,19,full_aggressive,-O3 -ffast-math -funroll-loops -finline-functions -ftree-vectorize,0.021806200000355602,54512
prog_000347_vector_ops,0,O0_baseline,-O0,0.025940300000002026,57877
prog_000347_vector_ops,2,O2_standard,-O2,0.022974100000283215,46992
prog_000347_vector_ops,3,O3_aggressive,-O3,0.023393199999190983,47078
prog_000347_vector_ops,4,Os_size,-Os,0.026227899999867077,46954
prog_000347_vector_ops,5,O2_unroll_vec,-O2 -funroll-loops -ftree-vectorize,0.028313499999057967,46992
prog_000347_vector_ops,10,O3_combine,-O3 -funroll-loops -finline-functions -ftree-vectorize,0.026574400000754395,47078
prog_000347_vector_ops,13,O2_fast_math,-O2 -ffast-math,0.022818900000856956,50622
prog_000347_vector_ops,19,full_aggressive,-O3 -ffast-math -funroll-loops -finline-functions -ftree-vectorize,0.02456940000047325,50708
prog_000348_fibonacci,0,O0_baseline,-O0,0.15534440000010363,45183
prog_000348_fibonacci,2,O2_standard,-O2,0.11953189999985625,45005
prog_000348_fibonacci,3,O3_aggressive,-O3,0.10094969999954628,46029
prog_000348_fibonacci,4,Os_size,-Os,0.11094360000060988,44908
prog_000348_fibonacci,5,O2_unroll_vec,-O2 -funroll-loops -ftree-vectorize,0.10051310000017111,45517
prog_000348_fibonacci,10,O3_combine,-O3 -funroll-loops -finline-functions -ftree-vectorize,0.10720530000071449,47053
prog_000348_fibonacci,13,O2_fast_math,-O2 -ffast-math,0.10915460000069288,48719
prog_000348_fibonacci,19,full_aggressive,-O3 -ffast-math -funroll-loops -finline-functions -ftree-vectorize,0.12054220000027271,50767
prog_000349_prefix_sum,0,O0_baseline,-O0,0.03368670000054408,47053
prog_000349_prefix_sum,2,O2_standard,-O2,0.035472999999910826,45106
prog_000349_prefix_sum,3,O3_aggressive,-O3,0.039854699998613796,45106
prog_000349_prefix_sum,4,Os_size,-Os,0.04007830000045942,45009
prog_000349_prefix_sum,5,O2_unroll_vec,-O2 -funroll-loops -ftree-vectorize,0.043191699998715194,45618
prog_000349_prefix_sum,10,O3_combine,-O3 -funroll-loops -finline-functions -ftree-vectorize,0.04229020000093442,45618
prog_000349_prefix_sum,13,O2_fast_math,-O2 -ffast-math,0.038971900001342874,49332
prog_000349_prefix_sum,19,full_aggressive,-O3 -ffast-math -funroll-loops -finline-functions -ftree-vectorize,0.039293300000281306,49844
prog_000350_trie,0,O0_baseline,-O0,0.043237599998974474,54618
prog_000350_trie,2,O2_standard,-O2,0.022934900000109337,47182
prog_000350_trie,3,O3_aggressive,-O3,0.024043700001129764,47182
prog_000350_trie,4,Os_size,-Os,0.032799700000396115,47215
prog_000350_trie,5,O2_unroll_vec,-O2 -funroll-loops -ftree-vectorize,0.02429160000065167,48718
prog_000350_trie,10,O3_combine,-O3 -funroll-loops -finline-functions -ftree-vectorize,0.047004300000480725,49230
prog_000350_trie,13,O2_fast_math,-O2 -ffast-math,0.026439499999469263,50896
prog_000350_trie,19,full_aggressive,-O3 -ffast-math -funroll-loops -finline-functions -ftree-vectorize,0.025608799998735776,53456
prog_000351_avl_tree,0,O0_baseline,-O0,0.026431000000229687,46964
prog_000351_avl_tree,2,O2_standard,-O2,0.025052199998754077,46470
prog_000351_avl_tree,3,O3_aggressive,-O3,0.021648600000844453,51117
prog_000351_avl_tree,4,Os_size,-Os,0.02667690000089351,45861
prog_000351_avl_tree,5,O2_unroll_vec,-O2 -funroll-loops -ftree-vectorize,0.024955699998827185,46470
prog_000351_avl_tree,10,O3_combine,-O3 -funroll-loops -finline-functions -ftree-vectorize,0.019291000000521308,51117
prog_000351_avl_tree,13,O2_fast_math,-O2 -ffast-math,0.023704999999608845,50184
prog_000351_avl_tree,19,full_aggressive,-O3 -ffast-math -funroll-loops -finline-functions -ftree-vectorize,0.02238039999974717,55343
prog_000352_priority_queue,0,O0_baseline,-O0,0.025538300000334857,79104
prog_000352_priority_queue,2,O2_standard,-O2,0.020538400000077672,47874
prog_000352_priority_queue,3,O3_aggressive,-O3,0.02241900000080932,47716
prog_000352_priority_queue,4,Os_size,-Os,0.021719200000006822,47265
prog_000352_priority_queue,5,O2_unroll_vec,-O2 -funroll-loops -ftree-vectorize,0.021152999999685562,47874
prog_000352_priority_queue,10,O3_combine,-O3 -funroll-loops -finline-functions -ftree-vectorize,0.02110999999968044,47716
prog_000352_priority_queue,13,O2_fast_math,-O2 -ffast-math,0.018163700000513927,51588
prog_000352_priority_queue,19,full_aggressive,-O3 -ffast-math -funroll-loops -finline-functions -ftree-vectorize,0.018952200000057928,51430
prog_000353_bellman_ford,0,O0_baseline,-O0,0.0337271000007604,60787
prog_000353_bellman_ford,2,O2_standard,-O2,0.020350900000266847,46465
prog_000353_bellman_ford,3,O3_aggressive,-O3,0.023111599999538157,46465
prog_000353_bellman_ford,4,Os_size,-Os,0.021757500000603613,45856
prog_000353_bellman_ford,5,O2_unroll_vec,-O2 -funroll-loops -ftree-vectorize,0.0200356000004831,46977
prog_000353_bellman_ford,10,O3_combine,-O3 -funroll-loops -finline-functions -ftree-vectorize,0.018783499999699416,46977
prog_000353_bellman_ford,13,O2_fast_math,-O2 -ffast-math,0.01871919999939564,50179
prog_000353_bellman_ford,19,full_aggressive,-O3 -ffast-math -funroll-loops -finline-functions -ftree-vectorize,0.02095720000033907,50691
prog_000354_trie,0,O0_baseline,-O0,0.03719760000058159,54618
prog_000354_trie,2,O2_standard,-O2,0.027701800001523225,47182
prog_000354_trie,3,O3_aggressive,-O3,0.02886910000052012,47182
prog_000354_trie,4,Os_size,-Os,0.025344599998788908,47215
prog_000354_trie,5,O2_unroll_vec,-O2 -funroll-loops -ftree-vectorize,0.026970499999151798,48718
prog_000354_trie,10,O3_combine,-O3 -funroll-loops -finline-functions -ftree-vectorize,0.02992209999865736,49742
prog_000354_trie,13,O2_fast_math,-O2 -ffast-math,0.02549420000104874,50896
prog_000354_trie,19,full_aggressive,-O3 -ffast-math -funroll-loops -finline-functions -ftree-vectorize,0.02860560000044643,53456
prog_000355_bfs,0,O0_baseline,-O0,0.01873899999918649,108668
prog_000355_bfs,2,O2_standard,-O2,0.02022690000012517,50492
prog_000355_bfs,3,O3_aggressive,-O3,0.017680099999779486,51516
prog_000355_bfs,4,Os_size,-Os,0.021190999999816995,51724
prog_000355_bfs,5,O2_unroll_vec,-O2 -funroll-loops -ftree-vectorize,0.020213300000250456,53052
prog_000355_bfs,10,O3_combine,-O3 -funroll-loops -finline-functions -ftree-vectorize,0.020556499999656808,53564
prog_000355_bfs,13,O2_fast_math,-O2 -ffast-math,0.02002320000065083,55230
prog_000355_bfs,19,full_aggressive,-O3 -ffast-math -funroll-loops -finline-functions -ftree-vectorize,0.02161290000003646,57278
prog_000356_hash_table,0,O0_baseline,-O0,0.01798620000045048,46199
prog_000356_hash_table,2,O2_standard,-O2,0.02009820000057516,45838
prog_000356_hash_table,3,O3_aggressive,-O3,0.018260400000144728,45838
prog_000356_hash_table,4,Os_size,-Os,0.018744900000456255,45229
prog_000356_hash_table,5,O2_unroll_vec,-O2 -funroll-loops -ftree-vectorize,0.018882899999880465,45838
prog_000356_hash_table,10,O3_combine,-O3 -funroll-loops -finline-functions -ftree-vectorize,0.017186000000947388,45838
prog_000356_hash_table,13,O2_fast_math,-O2 -ffast-math,0.02024850000088918,49552
prog_000356_hash_table,19,full_aggressive,-O3 -ffast-math -funroll-loops -finline-functions -ftree-vectorize,0.017690499998934683,49552
prog_000357_matrix_mult,0,O0_baseline,-O0,0.01820419999967271,45859
prog_000357_matrix_mult,2,O2_standard,-O2,0.020148600000538863,45151
prog_000357_matrix_mult,3,O3_aggressive,-O3,0.016502100001162034,45151
prog_000357_matrix_mult,4,Os_size,-Os,0.021948200001133955,45054
prog_000357_matrix_mult,5,O2_unroll_vec,-O2 -funroll-loops -ftree-vectorize,0.020157799999651616,45663
prog_000357_matrix_mult,10,O3_combine,-O3 -funroll-loops -finline-functions -ftree-vectorize,0.02043229999981122,45663
prog_000357_matrix_mult,13,O2_fast_math,-O2 -ffast-math,0.019105499999568565,49377
prog_000357_matrix_mult,19,full_aggressive,-O3 -ffast-math -funroll-loops -finline-functions -ftree-vectorize,0.017797099999370403,49889
prog_000358_bellman_ford,0,O0_baseline,-O0,0.01680560000022524,60787
prog_000358_bellman_ford,2,O2_standard,-O2,0.02034109999840439,46465
prog_000358_bellman_ford,3,O3_aggressive,-O3,0.01893039999959001,46465
prog_000358_bellman_ford,4,Os_size,-Os,0.01853599999958533,45856
prog_000358_bellman_ford,5,O2_unroll_vec,-O2 -funroll-loops -ftree-vectorize,0.020960700001523946,46977
prog_000358_bellman_ford,10,O3_combine,-O3 -funroll-loops -finline-functions -ftree-vectorize,0.018602699999973993,46977
prog_000358_bellman_ford,13,O2_fast_math,-O2 -ffast-math,0.017218799999682233,50179
prog_000358_bellman_ford,19,full_aggressive,-O3 -ffast-math -funroll-loops -finline-functions -ftree-vectorize,0.015598999998474028,50691
prog_000359_edit_distance,0,O0_baseline,-O0,0.0308285999999498,87474
prog_000359_edit_distance,2,O2_standard,-O2,0.020123399999647518,48551
prog_000359_edit_distance,3,O3_aggressive,-O3,0.019795299998804694,49149
prog_000359_edit_distance,4,Os_size,-Os,0.018974099999468308,49505
prog_000359_edit_distance,5,O2_unroll_vec,-O2 -funroll-loops -ftree-vectorize,0.02077879999887955,51111
prog_000359_edit_distance,10,O3_combine,-O3 -funroll-loops -finline-functions -ftree-vectorize,0.018369500001426786,51709
prog_000359_edit_distance,13,O2_fast_math,-O2 -ffast-math,0.018447599999490194,52777
prog_000359_edit_distance,19,full_aggressive,-O3 -ffast-math -funroll-loops -finline-functions -ftree-vectorize,0.0178966000003129,55423
prog_000360_vector_ops,0,O0_baseline,-O0,0.0221746000006533,57793
prog_000360_vector_ops,2,O2_standard,-O2,0.020964399998774752,46908
prog_000360_vector_ops,3,O3_aggressive,-O3,0.025338499999634223,46994
prog_000360_vector_ops,4,Os_size,-Os,0.027719100000467733,46870
prog_000360_vector_ops,5,O2_unroll_vec,-O2 -funroll-loops -ftree-vectorize,0.025717200000144658,46908
prog_000360_vector_ops,10,O3_combine,-O3 -funroll-loops -finline-functions -ftree-vectorize,0.02271149999978661,46994
prog_000360_vector_ops,13,O2_fast_math,-O2 -ffast-math,0.03393770000002405,50622
prog_000360_vector_ops,19,full_aggressive,-O3 -ffast-math -funroll-loops -finline-functions -ftree-vectorize,0.025511600000754697,50708
prog_000361_linked_list,0,O0_baseline,-O0,0.017976099999941653,45467
prog_000361_linked_list,2,O2_standard,-O2,0.0187580000001617,44631
prog_000361_linked_list,3,O3_aggressive,-O3,0.022343999999066,44631
prog_000361_linked_list,4,Os_size,-Os,0.016765600001235725,45046
prog_000361_linked_list,5,O2_unroll_vec,-O2 -funroll-loops -ftree-vectorize,0.018628800000442425,44631
prog_000361_linked_list,10,O3_combine,-O3 -funroll-loops -finline-functions -ftree-vectorize,0.021118299999216106,44631
prog_000361_linked_list,13,O2_fast_math,-O2 -ffast-math,0.020024800000101095,48857
prog_000361_linked_list,19,full_aggressive,-O3 -ffast-math -funroll-loops -finline-functions -ftree-vectorize,0.019684400000187452,49369
prog_000362_doubly_linked_list,0,O0_baseline,-O0,0.01773449999927834,46401
prog_000362_doubly_linked_list,2,O2_standard,-O2,0.017979700000068988,44722
prog_000362_doubly_linked_list,3,O3_aggressive,-O3,0.017300099998465157,44722
prog_000362_doubly_linked_list,4,Os_size,-Os,0.01658530000167957,45137
prog_000362_doubly_linked_list,5,O2_unroll_vec,-O2 -funroll-loops -ftree-vectorize,0.016942599999310914,45234
prog_000362_doubly_linked_list,10,O3_combine,-O3 -funroll-loops -finline-functions -ftree-vectorize,0.018219100000351318,45234
prog_000362_doubly_linked_list,13,O2_fast_math,-O2 -ffast-math,0.020392299999002717,48948
prog_000362_doubly_linked_list,19,full_aggressive,-O3 -ffast-math -funroll-loops -finline-functions -ftree-vectorize,0.019177800000761636,49460
prog_000363_bfs,0,O0_baseline,-O0,0.018623399999341927,108668
prog_000363_bfs,2,O2_standard,-O2,0.021105600000737468,50492
prog_000363_bfs,3,O3_aggressive,-O3,0.018013999999311636,51516
prog_000363_bfs,4,Os_size,-Os,0.01917649999995774,51724
prog_000363_bfs,5,O2_unroll_vec,-O2 -funroll-loops -ftree-vectorize,0.020651200000429526,53052
prog_000363_bfs,10,O3_combine,-O3 -funroll-loops -finline-functions -ftree-vectorize,0.018045299999357667,53564
prog_000363_bfs,13,O2_fast_math,-O2 -ffast-math,0.018718600000283914,55230
prog_000363_bfs,19,full_aggressive,-O3 -ffast-math -funroll-loops -finline-functions -ftree-vectorize,0.019621100000222214,57278
prog_000365_kmp,0,O0_baseline,-O0,0.024665400000230875,63096
prog_000365_kmp,2,O2_standard,-O2,0.020897699998386088,47481
prog_000365_kmp,3,O3_aggressive,-O3,0.02545570000074804,47567
prog_000365_kmp,4,Os_size,-Os,0.024256900000182213,47672
prog_000365_kmp,5,O2_unroll_vec,-O2 -funroll-loops -ftree-vectorize,0.023094399999536108,48505
prog_000365_kmp,10,O3_combine,-O3 -funroll-loops -finline-functions -ftree-vectorize,0.01997250000022177,48591
prog_000365_kmp,13,O2_fast_math,-O2 -ffast-math,0.02269939999860071,51707
prog_000365_kmp,19,full_aggressive,-O3 -ffast-math -funroll-loops -finline-functions -ftree-vectorize,0.02568780000001425,52305
prog_000364_segment_tree,0,O0_baseline,-O0,0.09177330000056827,60124
prog_000364_segment_tree,2,O2_standard,-O2,0.09068389999993087,47509
prog_000364_segment_tree,3,O3_aggressive,-O3,0.07299320000129228,61891
prog_000364_segment_tree,4,Os_size,-Os,0.08490209999945364,46860
prog_000364_segment_tree,5,O2_unroll_vec,-O2 -funroll-loops -ftree-vectorize,0.08533320000060485,48021
prog_000364_segment_tree,10,O3_combine,-O3 -funroll-loops -finline-functions -ftree-vectorize,0.08185010000124748,61891
prog_000364_segment_tree,13,O2_fast_math,-O2 -ffast-math,0.08356510000157868,51223
prog_000364_segment_tree,19,full_aggressive,-O3 -ffast-math -funroll-loops -finline-functions -ftree-vectorize,0.0759170000001177,66117
prog_000366_lis,0,O0_baseline,-O0,0.024064600000201608,78164
prog_000366_lis,2,O2_standard,-O2,0.020354000000224914,47227
prog_000366_lis,3,O3_aggressive,-O3,0.017049299998689094,47313
prog_000366_lis,4,Os_size,-Os,0.020699699998658616,47189
prog_000366_lis,5,O2_unroll_vec,-O2 -funroll-loops -ftree-vectorize,0.017774899999494664,47739
prog_000366_lis,10,O3_combine,-O3 -funroll-loops -finline-functions -ftree-vectorize,0.019594199999119155,47825
prog_000366_lis,13,O2_fast_math,-O2 -ffast-math,0.01804900000024645,51453
prog_000366_lis,19,full_aggressive,-O3 -ffast-math -funroll-loops -finline-functions -ftree-vectorize,0.01834729999973206,51539
prog_000367_quick_sort,0,O0_baseline,-O0,0.04452859999946668,59513
prog_000367_quick_sort,2,O2_standard,-O2,0.030880500000421307,46886
prog_000367_quick_sort,3,O3_aggressive,-O3,0.03391690000171366,46972
prog_000367_quick_sort,4,Os_size,-Os,0.032930599998508114,46789
prog_000367_quick_sort,5,O2_unroll_vec,-O2 -funroll-loops -ftree-vectorize,0.031868199999735225,47910
prog_000367_quick_sort,10,O3_combine,-O3 -funroll-loops -finline-functions -ftree-vectorize,0.032274600000164355,47484
prog_000367_quick_sort,13,O2_fast_math,-O2 -ffast-math,0.030958899998950073,50600
prog_000367_quick_sort,19,full_aggressive,-O3 -ffast-math -funroll-loops -finline-functions -ftree-vectorize,0.03346790000068722,51710
prog_000368_stack,0,O0_baseline,-O0,0.025646099998994032,48001
prog_000368_stack,2,O2_standard,-O2,0.0249736000005214,46321
prog_000368_stack,3,O3_aggressive,-O3,0.022206699999514967,46321
prog_000368_stack,4,Os_size,-Os,0.022963999999774387,46224
prog_000368_stack,5,O2_unroll_vec,-O2 -funroll-loops -ftree-vectorize,0.02165190000050643,46833
prog_000368_stack,10,O3_combine,-O3 -funroll-loops -finline-functions -ftree-vectorize,0.025459700000283192,46833
prog_000368_stack,13,O2_fast_math,-O2 -ffast-math,0.0219691000002058,50547
prog_000368_stack,19,full_aggressive,-O3 -ffast-math -funroll-loops -finline-functions -ftree-vectorize,0.026519299999563373,50547
prog_000369_doubly_linked_list,0,O0_baseline,-O0,0.017302599999311497,46401
prog_000369_doubly_linked_list,2,O2_standard,-O2,0.017404099999112077,44722
prog_000369_doubly_linked_list,3,O3_aggressive,-O3,0.018989999998666462,44722
prog_000369_doubly_linked_list,4,Os_size,-Os,0.018126099999790313,45137
prog_000369_doubly_linked_list,5,O2_unroll_vec,-O2 -funroll-loops -ftree-vectorize,0.018613800000821357,45234
prog_000369_doubly_linked_list,10,O3_combine,-O3 -funroll-loops -finline-functions -ftree-vectorize,0.018275899999935064,45234
prog_000369_doubly_linked_list,13,O2_fast_math,-O2 -ffast-math,0.020101899999644957,48948
prog_000369_doubly_linked_list,19,full_aggressive,-O3 -ffast-math -funroll-loops -finline-functions -ftree-vectorize,0.01947449999897799,49460
prog_000370_bfs,0,O0_baseline,-O0,0.02204899999924237,108668
prog_000370_bfs,2,O2_standard,-O2,0.020368000001326436,50492
prog_000370_bfs,3,O3_aggressive,-O3,0.019129899999825284,51516
prog_000370_bfs,4,Os_size,-Os,0.018556999999418622,51724
prog_000370_bfs,5,O2_unroll_vec,-O2 -funroll-loops -ftree-vectorize,0.018730199999481556,53052
prog_000370_bfs,10,O3_combine,-O3 -funroll-loops -finline-functions -ftree-vectorize,0.016664400000081514,53564
prog_000370_bfs,13,O2_fast_math,-O2 -ffast-math,0.01786520000132441,55230
prog_000370_bfs,19,full_aggressive,-O3 -ffast-math -funroll-loops -finline-functions -ftree-vectorize,0.018185900000389665,57790
prog_000371_linked_list,0,O0_baseline,-O0,0.016640300000290154,45467
prog_000371_linked_list,2,O2_standard,-O2,0.016613399999187095,44631
prog_000371_linked_list,3,O3_aggressive,-O3,0.020032100001117215,44631
prog_000371_linked_list,4,Os_size,-Os,0.022930099999939557,45046
prog_000371_linked_list,5,O2_unroll_vec,-O2 -funroll-loops -ftree-vectorize,0.01964150000094378,44631
prog_000371_linked_list,10,O3_combine,-O3 -funroll-loops -finline-functions -ftree-vectorize,0.017476400000305148,44631
prog_000371_linked_list,13,O2_fast_math,-O2 -ffast-math,0.017662899999777437,48857
prog_000371_linked_list,19,full_aggressive,-O3 -ffast-math -funroll-loops -finline-functions -ftree-vectorize,0.017527300000438117,49369
prog_000372_prefix_sum,0,O0_baseline,-O0,0.02341129999877012,60850
prog_000372_prefix_sum,2,O2_standard,-O2,0.025584400000298047,46838
prog_000372_prefix_sum,3,O3_aggressive,-O3,0.024537499999496504,46924
prog_000372_prefix_sum,4,Os_size,-Os,0.02123070000016014,46800
prog_000372_prefix_sum,5,O2_unroll_vec,-O2 -funroll-loops -ftree-vectorize,0.021510900000066613,47350
prog_000372_prefix_sum,10,O3_combine,-O3 -funroll-loops -finline-functions -ftree-vectorize,0.0214802000009513,47436
prog_000372_prefix_sum,13,O2_fast_math,-O2 -ffast-math,0.023929599999974016,50552
prog_000372_prefix_sum,19,full_aggressive,-O3 -ffast-math -funroll-loops -finline-functions -ftree-vectorize,0.021691799998734496,51150
prog_000373_stencil,0,O0_baseline,-O0,0.09261080000032962,45841
prog_000373_stencil,2,O2_standard,-O2,0.05185419999907026,45133
prog_000373_stencil,3,O3_aggressive,-O3,0.0429268999996566,45645
prog_000373_stencil,4,Os_size,-Os,0.04696630000034929,45036
prog_000373_stencil,5,O2_unroll_vec,-O2 -funroll-loops -ftree-vectorize,0.047352499999760767,46157
prog_000373_stencil,10,O3_combine,-O3 -funroll-loops -finline-functions -ftree-vectorize,0.04530200000044715,46157
prog_000373_stencil,13,O2_fast_math,-O2 -ffast-math,0.0522832999995444,49359
prog_000373_stencil,19,full_aggressive,-O3 -ffast-math -funroll-loops -finline-functions -ftree-vectorize,0.04130119999899762,50383
prog_000374_dijkstra,0,O0_baseline,-O0,0.024468800000249757,125293
prog_000374_dijkstra,2,O2_standard,-O2,0.017913100000441773,51481
prog_000374_dijkstra,3,O3_aggressive,-O3,0.019967300000644173,50131
prog_000374_dijkstra,4,Os_size,-Os,0.019213899999158457,50401
prog_000374_dijkstra,5,O2_unroll_vec,-O2 -funroll-loops -ftree-vectorize,0.0193386000009923,53017
prog_000374_dijkstra,10,O3_combine,-O3 -funroll-loops -finline-functions -ftree-vectorize,0.020588800000041374,52179
prog_000374_dijkstra,13,O2_fast_math,-O2 -ffast-math,0.01874150000003283,55195
prog_000374_dijkstra,19,full_aggressive,-O3 -ffast-math -funroll-loops -finline-functions -ftree-vectorize,0.022830700001577497,55893
prog_000375_queue,0,O0_baseline,-O0,0.02240159999928437,47861
prog_000375_queue,2,O2_standard,-O2,0.021173700000872486,46833
prog_000375_queue,3,O3_aggressive,-O3,0.01998730000013893,46833
prog_000375_queue,4,Os_size,-Os,0.019718100000318373,46224
prog_000375_queue,5,O2_unroll_vec,-O2 -funroll-loops -ftree-vectorize,0.023892900000646478,46833
prog_000375_queue,10,O3_combine,-O3 -funroll-loops -finline-functions -ftree-vectorize,0.018767499999739812,46833
prog_000375_queue,13,O2_fast_math,-O2 -ffast-math,0.020436599999811733,50547
prog_000375_queue,19,full_aggressive,-O3 -ffast-math -funroll-loops -finline-functions -ftree-vectorize,0.02115319999938947,51059
prog_000377_avl_tree,0,O0_baseline,-O0,0.019570200000089244,46964
prog_000377_avl_tree,2,O2_standard,-O2,0.017401699999027187,46470
prog_000377_avl_tree,3,O3_aggressive,-O3,0.01825730000018666,51117
prog_000377_avl_tree,4,Os_size,-Os,0.02023890000054962,45861
prog_000377_avl_tree,5,O2_unroll_vec,-O2 -funroll-loops -ftree-vectorize,0.021371999999246327,46470
prog_000377_avl_tree,10,O3_combine,-O3 -funroll-loops -finline-functions -ftree-vectorize,0.01940680000006978,51117
prog_000377_avl_tree,13,O2_fast_math,-O2 -ffast-math,0.019361399999979767,50184
prog_000377_avl_tree,19,full_aggressive,-O3 -ffast-math -funroll-loops -finline-functions -ftree-vectorize,0.02128380000067409,55343
prog_000378_dfs,0,O0_baseline,-O0,0.02692139999999199,81376
prog_000378_dfs,2,O2_standard,-O2,0.023353700000370736,48057
prog_000378_dfs,3,O3_aggressive,-O3,0.024931599999035825,48569
prog_000378_dfs,4,Os_size,-Os,0.02292209999905026,47660
prog_000378_dfs,5,O2_unroll_vec,-O2 -funroll-loops -ftree-vectorize,0.020128999998632935,48569
prog_000378_dfs,10,O3_combine,-O3 -funroll-loops -finline-functions -ftree-vectorize,0.02292689999922004,49081
prog_000378_dfs,13,O2_fast_math,-O2 -ffast-math,0.02157219999935478,51771
prog_000378_dfs,19,full_aggressive,-O3 -ffast-math -funroll-loops -finline-functions -ftree-vectorize,0.02066259999992326,53307
prog_000379_segment_tree,0,O0_baseline,-O0,0.043892699999560136,60124
prog_000379_segment_tree,2,O2_standard,-O2,0.04215160000057949,47509
prog_000379_segment_tree,3,O3_aggressive,-O3,0.040082299999994575,61891
prog_000379_segment_tree,4,Os_size,-Os,0.043972899999062065,46860
prog_000379_segment_tree,5,O2_unroll_vec,-O2 -funroll-loops -ftree-vectorize,0.04332370000156516,48021
prog_000379_segment_tree,10,O3_combine,-O3 -funroll-loops -finline-functions -ftree-vectorize,0.040191100000811275,61891
prog_000379_segment_tree,13,O2_fast_math,-O2 -ffast-math,0.042339999999967404,51223
prog_000379_segment_tree,19,full_aggressive,-O3 -ffast-math -funroll-loops -finline-functions -ftree-vectorize,0.04414990000077523,66117
prog_000380_vector_ops,0,O0_baseline,-O0,0.027418699999543605,57793
prog_000380_vector_ops,2,O2_standard,-O2,0.02365049999934854,46908
prog_000380_vector_ops,3,O3_aggressive,-O3,0.02331149999918125,46994
prog_000380_vector_ops,4,Os_size,-Os,0.023680599999352125,46870
prog_000380_vector_ops,5,O2_unroll_vec,-O2 -funroll-loops -ftree-vectorize,0.0269479999988107,46908
prog_000380_vector_ops,10,O3_combine,-O3 -funroll-loops -finline-functions -ftree-vectorize,0.021239399999103625,46994
prog_000380_vector_ops,13,O2_fast_math,-O2 -ffast-math,0.023410200001308112,50622
prog_000380_vector_ops,19,full_aggressive,-O3 -ffast-math -funroll-loops -finline-functions -ftree-vectorize,0.02180670000052487,50708
prog_000381_selection_sort,0,O0_baseline,-O0,0.018217199998616707,45819
prog_000381_selection_sort,2,O2_standard,-O2,0.017989300000408548,45641
prog_000381_selection_sort,3,O3_aggressive,-O3,0.020598499999323394,45641
prog_000381_selection_sort,4,Os_size,-Os,0.019703500000105123,45032
prog_000381_selection_sort,5,O2_unroll_vec,-O2 -funroll-loops -ftree-vectorize,0.01922989999911806,46153
prog_000381_selection_sort,10,O3_combine,-O3 -funroll-loops -finline-functions -ftree-vectorize,0.019400600000153645,46153
prog_000381_selection_sort,13,O2_fast_math,-O2 -ffast-math,0.022231400000237045,49355
prog_000381_selection_sort,19,full_aggressive,-O3 -ffast-math -funroll-loops -finline-functions -ftree-vectorize,0.020255299999917042,49867
prog_000382_union_find,0,O0_baseline,-O0,0.020963300001312746,65328
prog_000382_union_find,2,O2_standard,-O2,0.017719799998303642,47990
prog_000382_union_find,3,O3_aggressive,-O3,0.020453799999813782,48076
prog_000382_union_find,4,Os_size,-Os,0.017685500000879983,47388
prog_000382_union_find,5,O2_unroll_vec,-O2 -funroll-loops -ftree-vectorize,0.022436999999627005,48502
prog_000382_union_find,10,O3_combine,-O3 -funroll-loops -finline-functions -ftree-vectorize,0.017959099999643513,48588
prog_000382_union_find,13,O2_fast_math,-O2 -ffast-math,0.017169099999591708,52216
prog_000382_union_find,19,full_aggressive,-O3 -ffast-math -funroll-loops -finline-functions -ftree-vectorize,0.01716859999942244,52302
prog_000383_bfs,0,O0_baseline,-O0,0.026518900000155554,108668
prog_000383_bfs,2,O2_standard,-O2,0.020673400000305264,50492
prog_000383_bfs,3,O3_aggressive,-O3,0.020453299999644514,51516
prog_000383_bfs,4,Os_size,-Os,0.019861199998558732,51724
prog_000383_bfs,5,O2_unroll_vec,-O2 -funroll-loops -ftree-vectorize,0.022514199999932316,53564
prog_000383_bfs,10,O3_combine,-O3 -funroll-loops -finline-functions -ftree-vectorize,0.022584700000152225,53564
prog_000383_bfs,13,O2_fast_math,-O2 -ffast-math,0.018991099999766448,55230
prog_000383_bfs,19,full_aggressive,-O3 -ffast-math -funroll-loops -finline-functions -ftree-vectorize,0.019275399999969522,57278
prog_000376_fibonacci,0,O0_baseline,-O0,1.3763005000000703,45332
prog_000376_fibonacci,2,O2_standard,-O2,0.9841756000005262,44642
prog_000376_fibonacci,3,O3_aggressive,-O3,0.9692039999990811,44642
prog_000376_fibonacci,4,Os_size,-Os,1.0082108999995398,45057
prog_000376_fibonacci,5,O2_unroll_vec,-O2 -funroll-loops -ftree-vectorize,0.9860776000004989,45154
prog_000376_fibonacci,10,O3_combine,-O3 -funroll-loops -finline-functions -ftree-vectorize,1.0045689999988099,45154
prog_000376_fibonacci,13,O2_fast_math,-O2 -ffast-math,0.9457628000000113,48868
prog_000376_fibonacci,19,full_aggressive,-O3 -ffast-math -funroll-loops -finline-functions -ftree-vectorize,0.9764902000006259,49380
prog_000384_radix_sort,0,O0_baseline,-O0,0.02223749999939173,60343
prog_000384_radix_sort,2,O2_standard,-O2,0.018473899999662535,47123
prog_000384_radix_sort,3,O3_aggressive,-O3,0.019180299999788986,47209
prog_000384_radix_sort,4,Os_size,-Os,0.02066249999916181,47142
prog_000384_radix_sort,5,O2_unroll_vec,-O2 -funroll-loops -ftree-vectorize,0.019843000000037136,49171
prog_000384_radix_sort,10,O3_combine,-O3 -funroll-loops -finline-functions -ftree-vectorize,0.019012999999176827,48745
prog_000384_radix_sort,13,O2_fast_math,-O2 -ffast-math,0.02093599999898288,51349
prog_000384_radix_sort,19,full_aggressive,-O3 -ffast-math -funroll-loops -finline-functions -ftree-vectorize,0.01968470000065281,52459
prog_000385_bellman_ford,0,O0_baseline,-O0,0.018111499999577063,60787
prog_000385_bellman_ford,2,O2_standard,-O2,0.017734200000631972,46465
prog_000385_bellman_ford,3,O3_aggressive,-O3,0.01662949999990815,46465
prog_000385_bellman_ford,4,Os_size,-Os,0.01857709999967483,45856
prog_000385_bellman_ford,5,O2_unroll_vec,-O2 -funroll-loops -ftree-vectorize,0.017786300000807387,46977
prog_000385_bellman_ford,10,O3_combine,-O3 -funroll-loops -finline-functions -ftree-vectorize,0.019739299999855575,46977
prog_000385_bellman_ford,13,O2_fast_math,-O2 -ffast-math,0.01701169999978447,50179
prog_000385_bellman_ford,19,full_aggressive,-O3 -ffast-math -funroll-loops -finline-functions -ftree-vectorize,0.019034700000702287,50691
prog_000386_prefix_sum,0,O0_baseline,-O0,0.021539400000619935,60850
prog_000386_prefix_sum,2,O2_standard,-O2,0.02341070000147738,46838
prog_000386_prefix_sum,3,O3_aggressive,-O3,0.024757099999987986,46924
prog_000386_prefix_sum,4,Os_size,-Os,0.02506579999862879,46800
prog_000386_prefix_sum,5,O2_unroll_vec,-O2 -funroll-loops -ftree-vectorize,0.02376639999965846,47350
prog_000386_prefix_sum,10,O3_combine,-O3 -funroll-loops -finline-functions -ftree-vectorize,0.026653900000383146,47436
prog_000386_prefix_sum,13,O2_fast_math,-O2 -ffast-math,0.022197199999936856,50552
prog_000386_prefix_sum,19,full_aggressive,-O3 -ffast-math -funroll-loops -finline-functions -ftree-vectorize,0.024692000000868575,51150
prog_000387_union_find,0,O0_baseline,-O0,0.019250900000770343,65328
prog_000387_union_find,2,O2_standard,-O2,0.0181921000003058,47990
prog_000387_union_find,3,O3_aggressive,-O3,0.016758300000219606,48076
prog_000387_union_find,4,Os_size,-Os,0.018193799998698523,47388
prog_000387_union_find,5,O2_unroll_vec,-O2 -funroll-loops -ftree-vectorize,0.018364399998972658,48502
prog_000387_union_find,10,O3_combine,-O3 -funroll-loops -finline-functions -ftree-vectorize,0.020799199999601115,48588
prog_000387_union_find,13,O2_fast_math,-O2 -ffast-math,0.02140489999874262,52216
prog_000387_union_find,19,full_aggressive,-O3 -ffast-math -funroll-loops -finline-functions -ftree-vectorize,0.02037439999912749,52302
prog_000389_queue,0,O0_baseline,-O0,0.020077799999853596,47861
prog_000389_queue,2,O2_standard,-O2,0.019924899999750778,46833
prog_000389_queue,3,O3_aggressive,-O3,0.021933300000455347,46833
prog_000389_queue,4,Os_size,-Os,0.021954999998342828,46224
prog_000389_queue,5,O2_unroll_vec,-O2 -funroll-loops -ftree-vectorize,0.0183446000010008,47345
prog_000389_queue,10,O3_combine,-O3 -funroll-loops -finline-functions -ftree-vectorize,0.01953469999898516,47345
prog_000389_queue,13,O2_fast_math,-O2 -ffast-math,0.017034000000421656,50547
prog_000389_queue,19,full_aggressive,-O3 -ffast-math -funroll-loops -finline-functions -ftree-vectorize,0.01800090000142518,51059
prog_000388_dijkstra,0,O0_baseline,-O0,0.031328500001109205,125293
prog_000388_dijkstra,2,O2_standard,-O2,0.02438389999952051,51481
prog_000388_dijkstra,3,O3_aggressive,-O3,0.023983799999768962,50131
prog_000388_dijkstra,4,Os_size,-Os,0.02387989999988349,50401
prog_000388_dijkstra,5,O2_unroll_vec,-O2 -funroll-loops -ftree-vectorize,0.021396500000264496,53017
prog_000388_dijkstra,10,O3_combine,-O3 -funroll-loops -finline-functions -ftree-vectorize,0.02229280000028666,51667
prog_000388_dijkstra,13,O2_fast_math,-O2 -ffast-math,0.023239599999214988,55195
prog_000388_dijkstra,19,full_aggressive,-O3 -ffast-math -funroll-loops -finline-functions -ftree-vectorize,0.02257360000112385,55893
prog_000390_bst,0,O0_baseline,-O0,0.02055570000084117,46201
prog_000390_bst,2,O2_standard,-O2,0.018834200000128476,45868
prog_000390_bst,3,O3_aggressive,-O3,0.018626600000061444,57644
prog_000390_bst,4,Os_size,-Os,0.018004699999437435,45259
prog_000390_bst,5,O2_unroll_vec,-O2 -funroll-loops -ftree-vectorize,0.021272899999530637,45868
prog_000390_bst,10,O3_combine,-O3 -funroll-loops -finline-functions -ftree-vectorize,0.02196189999995113,57644
prog_000390_bst,13,O2_fast_math,-O2 -ffast-math,0.020139100000960752,49582
prog_000390_bst,19,full_aggressive,-O3 -ffast-math -funroll-loops -finline-functions -ftree-vectorize,0.018275200000061886,61358
prog_000391_matrix_mult,0,O0_baseline,-O0,0.09757319999880565,45859
prog_000391_matrix_mult,2,O2_standard,-O2,0.04405709999991814,45663
prog_000391_matrix_mult,3,O3_aggressive,-O3,0.04400759999953152,45663
prog_000391_matrix_mult,4,Os_size,-Os,0.04394060000049649,45054
prog_000391_matrix_mult,5,O2_unroll_vec,-O2 -funroll-loops -ftree-vectorize,0.046295599999211845,46175
prog_000391_matrix_mult,10,O3_combine,-O3 -funroll-loops -finline-functions -ftree-vectorize,0.038321299998642644,46175
prog_000391_matrix_mult,13,O2_fast_math,-O2 -ffast-math,0.0372096999999485,49377
prog_000391_matrix_mult,19,full_aggressive,-O3 -ffast-math -funroll-loops -finline-functions -ftree-vectorize,0.04064429999925778,49889
prog_000393_selection_sort,0,O0_baseline,-O0,0.017743500000506174,45819
prog_000393_selection_sort,2,O2_standard,-O2,0.01848020000034012,45641
prog_000393_selection_sort,3,O3_aggressive,-O3,0.0189860000009503,45641
prog_000393_selection_sort,4,Os_size,-Os,0.016938000000664033,45032
prog_000393_selection_sort,5,O2_unroll_vec,-O2 -funroll-loops -ftree-vectorize,0.01789900000039779,46153
prog_000393_selection_sort,10,O3_combine,-O3 -funroll-loops -finline-functions -ftree-vectorize,0.018980100001499522,46153
prog_000393_selection_sort,13,O2_fast_math,-O2 -ffast-math,0.018514700001105666,49355
prog_000393_selection_sort,19,full_aggressive,-O3 -ffast-math -funroll-loops -finline-functions -ftree-vectorize,0.020077600000149687,49867
prog_000392_radix_sort,0,O0_baseline,-O0,0.01855280000017956,60343
prog_000392_radix_sort,2,O2_standard,-O2,0.01857940000081726,47123
prog_000392_radix_sort,3,O3_aggressive,-O3,0.01750490000085847,47209
prog_000392_radix_sort,4,Os_size,-Os,0.017021600000589387,47142
prog_000392_radix_sort,5,O2_unroll_vec,-O2 -funroll-loops -ftree-vectorize,0.017397999999957392,49171
prog_000392_radix_sort,10,O3_combine,-O3 -funroll-loops -finline-functions -ftree-vectorize,0.022858599999381113,48745
prog_000392_radix_sort,13,O2_fast_math,-O2 -ffast-math,0.02114179999989574,51349
prog_000392_radix_sort,19,full_aggressive,-O3 -ffast-math -funroll-loops -finline-functions -ftree-vectorize,0.020276299999750336,52459
prog_000394_union_find,0,O0_baseline,-O0,0.03763919999983045,65328
prog_000394_union_find,2,O2_standard,-O2,0.026767200000904268,47990
prog_000394_union_find,3,O3_aggressive,-O3,0.028451899999708985,48076
prog_000394_union_find,4,Os_size,-Os,0.026862500000788714,47388
prog_000394_union_find,5,O2_unroll_vec,-O2 -funroll-loops -ftree-vectorize,0.02445399999851361,48502
prog_000394_union_find,10,O3_combine,-O3 -funroll-loops -finline-functions -ftree-vectorize,0.03194670000084443,48588
prog_000394_union_find,13,O2_fast_math,-O2 -ffast-math,0.02958079999916663,52216
prog_000394_union_find,19,full_aggressive,-O3 -ffast-math -funroll-loops -finline-functions -ftree-vectorize,0.027521099998921272,52302
prog_000395_bfs,0,O0_baseline,-O0,0.02118999999947846,108668
prog_000395_bfs,2,O2_standard,-O2,0.018314400000235764,50492
prog_000395_bfs,3,O3_aggressive,-O3,0.017631400000027497,51516
prog_000395_bfs,4,Os_size,-Os,0.018164400000387104,51724
prog_000395_bfs,5,O2_unroll_vec,-O2 -funroll-loops -ftree-vectorize,0.017428999999538064,53564
prog_000395_bfs,10,O3_combine,-O3 -funroll-loops -finline-functions -ftree-vectorize,0.020174400000541937,53564
prog_000395_bfs,13,O2_fast_math,-O2 -ffast-math,0.021778500000436907,55230
prog_000395_bfs,19,full_aggressive,-O3 -ffast-math -funroll-loops -finline-functions -ftree-vectorize,0.018231399999422138,57278
prog_000396_stencil,0,O0_baseline,-O0,0.04347960000086459,45841
prog_000396_stencil,2,O2_standard,-O2,0.029081500000756932,45133
prog_000396_stencil,3,O3_aggressive,-O3,0.027815700001156074,45645
prog_000396_stencil,4,Os_size,-Os,0.024094200000035926,45036
prog_000396_stencil,5,O2_unroll_vec,-O2 -funroll-loops -ftree-vectorize,0.02711749999980384,46157
prog_000396_stencil,10,O3_combine,-O3 -funroll-loops -finline-functions -ftree-vectorize,0.0268660000001546,46157
prog_000396_stencil,13,O2_fast_math,-O2 -ffast-math,0.029069099999105674,49359
prog_000396_stencil,19,full_aggressive,-O3 -ffast-math -funroll-loops -finline-functions -ftree-vectorize,0.026758899999549612,50383
prog_000397_union_find,0,O0_baseline,-O0,0.03259729999990668,65328
prog_000397_union_find,2,O2_standard,-O2,0.021725500000684406,47990
prog_000397_union_find,3,O3_aggressive,-O3,0.021098699999129167,48076
prog_000397_union_find,4,Os_size,-Os,0.022476499998447252,47388
prog_000397_union_find,5,O2_unroll_vec,-O2 -funroll-loops -ftree-vectorize,0.02339430000029097,48502
prog_000397_union_find,10,O3_combine,-O3 -funroll-loops -finline-functions -ftree-vectorize,0.02103969999916444,48588
prog_000397_union_find,13,O2_fast_math,-O2 -ffast-math,0.02254449999963981,52216
prog_000397_union_find,19,full_aggressive,-O3 -ffast-math -funroll-loops -finline-functions -ftree-vectorize,0.02272350000021106,52302
prog_000398_quick_sort,0,O0_baseline,-O0,0.01730910000151198,59513
prog_000398_quick_sort,2,O2_standard,-O2,0.01865639999959967,46886
prog_000398_quick_sort,3,O3_aggressive,-O3,0.01984210000046005,47910
prog_000398_quick_sort,4,Os_size,-Os,0.017799600000216742,46277
prog_000398_quick_sort,5,O2_unroll_vec,-O2 -funroll-loops -ftree-vectorize,0.019289300000309595,47398
prog_000398_quick_sort,10,O3_combine,-O3 -funroll-loops -finline-functions -ftree-vectorize,0.018253000000186148,51494
prog_000398_quick_sort,13,O2_fast_math,-O2 -ffast-math,0.019229300000006333,50600
prog_000398_quick_sort,19,full_aggressive,-O3 -ffast-math -funroll-loops -finline-functions -ftree-vectorize,0.018246699999508564,55720
prog_000400_doubly_linked_list,0,O0_baseline,-O0,0.018493399998988025,46401
prog_000400_doubly_linked_list,2,O2_standard,-O2,0.019425499998760642,44722
prog_000400_doubly_linked_list,3,O3_aggressive,-O3,0.01773510000020906,44722
prog_000400_doubly_linked_list,4,Os_size,-Os,0.016279500001473934,45137
prog_000400_doubly_linked_list,5,O2_unroll_vec,-O2 -funroll-loops -ftree-vectorize,0.018369500001426786,45234
prog_000400_doubly_linked_list,10,O3_combine,-O3 -funroll-loops -finline-functions -ftree-vectorize,0.018047899999146466,45234
prog_000400_doubly_linked_list,13,O2_fast_math,-O2 -ffast-math,0.01760169999943173,48948
prog_000400_doubly_linked_list,19,full_aggressive,-O3 -ffast-math -funroll-loops -finline-functions -ftree-vectorize,0.02052919999914593,49460
prog_000399_dfs,0,O0_baseline,-O0,0.022114600000350038,81376
prog_000399_dfs,2,O2_standard,-O2,0.01821340000060445,48057
prog_000399_dfs,3,O3_aggressive,-O3,0.022630600000411505,48569
prog_000399_dfs,4,Os_size,-Os,0.018776599999910104,47660
prog_000399_dfs,5,O2_unroll_vec,-O2 -funroll-loops -ftree-vectorize,0.020823699998800294,48569
prog_000399_dfs,10,O3_combine,-O3 -funroll-loops -finline-functions -ftree-vectorize,0.020244299999831128,49081
prog_000399_dfs,13,O2_fast_math,-O2 -ffast-math,0.019589199999245466,51771
prog_000399_dfs,19,full_aggressive,-O3 -ffast-math -funroll-loops -finline-functions -ftree-vectorize,0.019824599999992643,53307
prog_000401_fibonacci,0,O0_baseline,-O0,0.04795389999890176,45183
prog_000401_fibonacci,2,O2_standard,-O2,0.0360887000006187,45005
prog_000401_fibonacci,3,O3_aggressive,-O3,0.04484819999925094,46029
prog_000401_fibonacci,4,Os_size,-Os,0.04375790000085544,44908
prog_000401_fibonacci,5,O2_unroll_vec,-O2 -funroll-loops -ftree-vectorize,0.04066210000019055,45517
prog_000401_fibonacci,10,O3_combine,-O3 -funroll-loops -finline-functions -ftree-vectorize,0.04195089999848278,46541
prog_000401_fibonacci,13,O2_fast_math,-O2 -ffast-math,0.04247860000032233,48719
prog_000401_fibonacci,19,full_aggressive,-O3 -ffast-math -funroll-loops -finline-functions -ftree-vectorize,0.04081589999987045,50255
prog_000402_dfs,0,O0_baseline,-O0,0.021325899999283138,81376
prog_000402_dfs,2,O2_standard,-O2,0.017264599999180064,48057
prog_000402_dfs,3,O3_aggressive,-O3,0.01902209999934712,48569
prog_000402_dfs,4,Os_size,-Os,0.019409799999266397,47660
prog_000402_dfs,5,O2_unroll_vec,-O2 -funroll-loops -ftree-vectorize,0.017835500000728643,48569
prog_000402_dfs,10,O3_combine,-O3 -funroll-loops -finline-functions -ftree-vectorize,0.020837899999605725,49081
prog_000402_dfs,13,O2_fast_math,-O2 -ffast-math,0.01837150000028487,51771
prog_000402_dfs,19,full_aggressive,-O3 -ffast-math -funroll-loops -finline-functions -ftree-vectorize,0.019202500001483713,53307
prog_000403_queue,0,O0_baseline,-O0,0.01840219999940018,47861
prog_000403_queue,2,O2_standard,-O2,0.020727000000988482,46833
prog_000403_queue,3,O3_aggressive,-O3,0.01885510000101931,46833
prog_000403_queue,4,Os_size,-Os,0.018461999999999534,46224
prog_000403_queue,5,O2_unroll_vec,-O2 -funroll-loops -ftree-vectorize,0.0204011999994691,47345
prog_000403_queue,10,O3_combine,-O3 -funroll-loops -finline-functions -ftree-vectorize,0.019660199999634642,47345
prog_000403_queue,13,O2_fast_math,-O2 -ffast-math,0.01801530000011553,50547
prog_000403_queue,19,full_aggressive,-O3 -ffast-math -funroll-loops -finline-functions -ftree-vectorize,0.018763799998851027,51059
prog_000404_priority_queue,0,O0_baseline,-O0,0.020806900000025053,79104
prog_000404_priority_queue,2,O2_standard,-O2,0.017099799999414245,47874
prog_000404_priority_queue,3,O3_aggressive,-O3,0.016383899999709683,47716
prog_000404_priority_queue,4,Os_size,-Os,0.01728699999875971,47265
prog_000404_priority_queue,5,O2_unroll_vec,-O2 -funroll-loops -ftree-vectorize,0.017053300000043237,47874
prog_000404_priority_queue,10,O3_combine,-O3 -funroll-loops -finline-functions -ftree-vectorize,0.0167037999999593,47716
prog_000404_priority_queue,13,O2_fast_math,-O2 -ffast-math,0.01701619999948889,51588
prog_000404_priority_queue,19,full_aggressive,-O3 -ffast-math -funroll-loops -finline-functions -ftree-vectorize,0.019831099998555146,51430
prog_000405_vector_ops,0,O0_baseline,-O0,0.03407650000008289,58708
prog_000405_vector_ops,2,O2_standard,-O2,0.02382960000068124,47171
prog_000405_vector_ops,3,O3_aggressive,-O3,0.029364399999394664,47257
prog_000405_vector_ops,4,Os_size,-Os,0.022357300000294344,47133
prog_000405_vector_ops,5,O2_unroll_vec,-O2 -funroll-loops -ftree-vectorize,0.023036399999909918,47171
prog_000405_vector_ops,10,O3_combine,-O3 -funroll-loops -finline-functions -ftree-vectorize,0.02666280000084953,47257
prog_000405_vector_ops,13,O2_fast_math,-O2 -ffast-math,0.024126099999193684,50622
prog_000405_vector_ops,19,full_aggressive,-O3 -ffast-math -funroll-loops -finline-functions -ftree-vectorize,0.0232415000009496,50708
prog_000406_linked_list,0,O0_baseline,-O0,0.018277799999850686,45467
prog_000406_linked_list,2,O2_standard,-O2,0.02006449999862525,44631
prog_000406_linked_list,3,O3_aggressive,-O3,0.01879460000054678,44631
prog_000406_linked_list,4,Os_size,-Os,0.018860800000766176,45046
prog_000406_linked_list,5,O2_unroll_vec,-O2 -funroll-loops -ftree-vectorize,0.017830999999205233,44631
prog_000406_linked_list,10,O3_combine,-O3 -funroll-loops -finline-functions -ftree-vectorize,0.0191817999984778,44631
prog_000406_linked_list,13,O2_fast_math,-O2 -ffast-math,0.0185643999993772,48857
prog_000406_linked_list,19,full_aggressive,-O3 -ffast-math -funroll-loops -finline-functions -ftree-vectorize,0.02037940000082017,49369
prog_000407_fibonacci,0,O0_baseline,-O0,0.02307459999974526,45332
prog_000407_fibonacci,2,O2_standard,-O2,0.020970700001271325,44642
prog_000407_fibonacci,3,O3_aggressive,-O3,0.028887699998449534,44642
prog_000407_fibonacci,4,Os_size,-Os,0.02532469999823661,45057
prog_000407_fibonacci,5,O2_unroll_vec,-O2 -funroll-loops -ftree-vectorize,0.02119469999888679,45154
prog_000407_fibonacci,10,O3_combine,-O3 -funroll-loops -finline-functions -ftree-vectorize,0.022164100000736653,45154
prog_000407_fibonacci,13,O2_fast_math,-O2 -ffast-math,0.02312279999932798,48868
prog_000407_fibonacci,19,full_aggressive,-O3 -ffast-math -funroll-loops -finline-functions -ftree-vectorize,0.021954600000754,49380
prog_000408_rod_cutting,0,O0_baseline,-O0,0.02143400000022666,58534
prog_000408_rod_cutting,2,O2_standard,-O2,0.022633000000496395,46651
prog_000408_rod_cutting,3,O3_aggressive,-O3,0.020678299999417504,46737
prog_000408_rod_cutting,4,Os_size,-Os,0.02052239999829908,46042
prog_000408_rod_cutting,5,O2_unroll_vec,-O2 -funroll-loops -ftree-vectorize,0.017770200000086334,47163
prog_000408_rod_cutting,10,O3_combine,-O3 -funroll-loops -finline-functions -ftree-vectorize,0.018957100000989158,47249
prog_000408_rod_cutting,13,O2_fast_math,-O2 -ffast-math,0.017475399999966612,50365
prog_000408_rod_cutting,19,full_aggressive,-O3 -ffast-math -funroll-loops -finline-functions -ftree-vectorize,0.01981819999855361,50963
prog_000409_kmp,0,O0_baseline,-O0,0.0260216999995464,63096
prog_000409_kmp,2,O2_standard,-O2,0.02589350000016566,47481
prog_000409_kmp,3,O3_aggressive,-O3,0.021229300000413787,47567
prog_000409_kmp,4,Os_size,-Os,0.0238007000007201,47672
prog_000409_kmp,5,O2_unroll_vec,-O2 -funroll-loops -ftree-vectorize,0.021452400000271155,48505
prog_000409_kmp,10,O3_combine,-O3 -funroll-loops -finline-functions -ftree-vectorize,0.023036700000375276,48079
prog_000409_kmp,13,O2_fast_math,-O2 -ffast-math,0.022224499998628744,51707
prog_000409_kmp,19,full_aggressive,-O3 -ffast-math -funroll-loops -finline-functions -ftree-vectorize,0.021309400000973255,52305
prog_000410_convex_hull,0,O0_baseline,-O0,0.017319499998848187,90733
prog_000410_convex_hull,2,O2_standard,-O2,0.019967500000348082,52123
prog_000410_convex_hull,3,O3_aggressive,-O3,0.017256699999052216,51942
prog_000410_convex_hull,4,Os_size,-Os,0.02217719999862311,51582
prog_000410_convex_hull,5,O2_unroll_vec,-O2 -funroll-loops -ftree-vectorize,0.019363700001122197,55195
prog_000410_convex_hull,10,O3_combine,-O3 -funroll-loops -finline-functions -ftree-vectorize,0.0178314999993745,54502
prog_000410_convex_hull,13,O2_fast_math,-O2 -ffast-math,0.01856729999963136,56349
prog_000410_convex_hull,19,full_aggressive,-O3 -ffast-math -funroll-loops -finline-functions -ftree-vectorize,0.016518800000994815,58728
prog_000411_dfs,0,O0_baseline,-O0,0.02648399999998219,81376
prog_000411_dfs,2,O2_standard,-O2,0.019850799999403534,48057
prog_000411_dfs,3,O3_aggressive,-O3,0.018897399999332265,48569
prog_000411_dfs,4,Os_size,-Os,0.021327000000383123,47660
prog_000411_dfs,5,O2_unroll_vec,-O2 -funroll-loops -ftree-vectorize,0.019925500000681495,48569
prog_000411_dfs,10,O3_combine,-O3 -funroll-loops -finline-functions -ftree-vectorize,0.0214458000009472,49081
prog_000411_dfs,13,O2_fast_math,-O2 -ffast-math,0.022995999999693595,51771
prog_000411_dfs,19,full_aggressive,-O3 -ffast-math -funroll-loops -finline-functions -ftree-vectorize,0.02223309999862977,53307
prog_000412_bst,0,O0_baseline,-O0,0.02062619999924209,46201
prog_000412_bst,2,O2_standard,-O2,0.018950800000311574,45868
prog_000412_bst,3,O3_aggressive,-O3,0.017791000000215718,57644
prog_000412_bst,4,Os_size,-Os,0.018338200001380756,45259
prog_000412_bst,5,O2_unroll_vec,-O2 -funroll-loops -ftree-vectorize,0.019436900000073365,45868
prog_000412_bst,10,O3_combine,-O3 -funroll-loops -finline-functions -ftree-vectorize,0.024310400000103982,57644
prog_000412_bst,13,O2_fast_math,-O2 -ffast-math,0.019472999998470186,49582
prog_000412_bst,19,full_aggressive,-O3 -ffast-math -funroll-loops -finline-functions -ftree-vectorize,0.021198200000071665,61358
prog_000413_heap_sort,0,O0_baseline,-O0,0.023122399999920162,59542
prog_000413_heap_sort,2,O2_standard,-O2,0.019547700001567136,46915
prog_000413_heap_sort,3,O3_aggressive,-O3,0.01970900000014808,47513
prog_000413_heap_sort,4,Os_size,-Os,0.01914519999991171,46818
prog_000413_heap_sort,5,O2_unroll_vec,-O2 -funroll-loops -ftree-vectorize,0.019957499998781714,47939
prog_000413_heap_sort,10,O3_combine,-O3 -funroll-loops -finline-functions -ftree-vectorize,0.019005600001037237,47513
prog_000413_heap_sort,13,O2_fast_math,-O2 -ffast-math,0.01847760000055132,50629
prog_000413_heap_sort,19,full_aggressive,-O3 -ffast-math -funroll-loops -finline-functions -ftree-vectorize,0.01829639999959909,51739
prog_000414_selection_sort,0,O0_baseline,-O0,0.02020510000147624,45819
prog_000414_selection_sort,2,O2_standard,-O2,0.020003700001325342,45129
prog_000414_selection_sort,3,O3_aggressive,-O3,0.01871989999926882,45129
prog_000414_selection_sort,4,Os_size,-Os,0.018170800000007148,45032
prog_000414_selection_sort,5,O2_unroll_vec,-O2 -funroll-loops -ftree-vectorize,0.01749279999967257,45641
prog_000414_selection_sort,10,O3_combine,-O3 -funroll-loops -finline-functions -ftree-vectorize,0.016496600001119077,45641
prog_000414_selection_sort,13,O2_fast_math,-O2 -ffast-math,0.017266099999687867,49355
prog_000414_selection_sort,19,full_aggressive,-O3 -ffast-math -funroll-loops -finline-functions -ftree-vectorize,0.02304290000029141,49867
prog_000415_vector_ops,0,O0_baseline,-O0,0.02686610000091605,57877
prog_000415_vector_ops,2,O2_standard,-O2,0.025611600000047474,46992
prog_000415_vector_ops,3,O3_aggressive,-O3,0.02415389999987383,47078
prog_000415_vector_ops,4,Os_size,-Os,0.025724499999341788,46954
prog_000415_vector_ops,5,O2_unroll_vec,-O2 -funroll-loops -ftree-vectorize,0.025923399998646346,46992
prog_000415_vector_ops,10,O3_combine,-O3 -funroll-loops -finline-functions -ftree-vectorize,0.022565899998880923,47078
prog_000415_vector_ops,13,O2_fast_math,-O2 -ffast-math,0.025164299999232753,50622
prog_000415_vector_ops,19,full_aggressive,-O3 -ffast-math -funroll-loops -finline-functions -ftree-vectorize,0.02586890000020503,50708
prog_000416_binary_search,0,O0_baseline,-O0,0.05510669999966922,58797
prog_000416_binary_search,2,O2_standard,-O2,0.043167300000277464,46897
prog_000416_binary_search,3,O3_aggressive,-O3,0.04284820000066247,46983
prog_000416_binary_search,4,Os_size,-Os,0.03794019999986631,46288
prog_000416_binary_search,5,O2_unroll_vec,-O2 -funroll-loops -ftree-vectorize,0.03583500000058848,46897
prog_000416_binary_search,10,O3_combine,-O3 -funroll-loops -finline-functions -ftree-vectorize,0.03710789999968256,46983
prog_000416_binary_search,13,O2_fast_math,-O2 -ffast-math,0.037238900000375,50611
prog_000416_binary_search,19,full_aggressive,-O3 -ffast-math -funroll-loops -finline-functions -ftree-vectorize,0.04047749999881489,50697
prog_000417_bfs,0,O0_baseline,-O0,0.020862100000158534,108668
prog_000417_bfs,2,O2_standard,-O2,0.01777619999847957,50492
prog_000417_bfs,3,O3_aggressive,-O3,0.019267899999249494,51516
prog_000417_bfs,4,Os_size,-Os,0.019620099999883678,51724
prog_000417_bfs,5,O2_unroll_vec,-O2 -funroll-loops -ftree-vectorize,0.01946940000016184,53564
prog_000417_bfs,10,O3_combine,-O3 -funroll-loops -finline-functions -ftree-vectorize,0.017365499999868916,53564
prog_000417_bfs,13,O2_fast_math,-O2 -ffast-math,0.018405999999231426,55230
prog_000417_bfs,19,full_aggressive,-O3 -ffast-math -funroll-loops -finline-functions -ftree-vectorize,0.021554400000241003,57278
prog_000419_hash_table,0,O0_baseline,-O0,0.01970150000124704,46199
prog_000419_hash_table,2,O2_standard,-O2,0.019398399999772664,45838
prog_000419_hash_table,3,O3_aggressive,-O3,0.019151700000293204,45838
prog_000419_hash_table,4,Os_size,-Os,0.01776340000105847,45229
prog_000419_hash_table,5,O2_unroll_vec,-O2 -funroll-loops -ftree-vectorize,0.01704009999957634,45838
prog_000419_hash_table,10,O3_combine,-O3 -funroll-loops -finline-functions -ftree-vectorize,0.022886799999469076,45838
prog_000419_hash_table,13,O2_fast_math,-O2 -ffast-math,0.020499099999142345,49552
prog_000419_hash_table,19,full_aggressive,-O3 -ffast-math -funroll-loops -finline-functions -ftree-vectorize,0.018451500000082888,49552
prog_000418_lcs,0,O0_baseline,-O0,0.0224406999986968,84739
prog_000418_lcs,2,O2_standard,-O2,0.017237000000022817,48531
prog_000418_lcs,3,O3_aggressive,-O3,0.01842649999889545,48617
prog_000418_lcs,4,Os_size,-Os,0.017847600000095554,49485
prog_000418_lcs,5,O2_unroll_vec,-O2 -funroll-loops -ftree-vectorize,0.019118000000162283,51091
prog_000418_lcs,10,O3_combine,-O3 -funroll-loops -finline-functions -ftree-vectorize,0.023813700001483085,51689
prog_000418_lcs,13,O2_fast_math,-O2 -ffast-math,0.018332899999222718,52245
prog_000418_lcs,19,full_aggressive,-O3 -ffast-math -funroll-loops -finline-functions -ftree-vectorize,0.018382600001132232,55403
prog_000420_queue,0,O0_baseline,-O0,0.017985000000408036,47861
prog_000420_queue,2,O2_standard,-O2,0.017701699998724507,46833
prog_000420_queue,3,O3_aggressive,-O3,0.01738880000084464,46833
prog_000420_queue,4,Os_size,-Os,0.017254399999728776,46224
prog_000420_queue,5,O2_unroll_vec,-O2 -funroll-loops -ftree-vectorize,0.017406300001312047,46833
prog_000420_queue,10,O3_combine,-O3 -funroll-loops -finline-functions -ftree-vectorize,0.017150100000435486,46833
prog_000420_queue,13,O2_fast_math,-O2 -ffast-math,0.018499900001188507,50547
prog_000420_queue,19,full_aggressive,-O3 -ffast-math -funroll-loops -finline-functions -ftree-vectorize,0.02075449999938428,51059
prog_000421_bellman_ford,0,O0_baseline,-O0,0.017426500000510714,60787
prog_000421_bellman_ford,2,O2_standard,-O2,0.018662099999346538,46465
prog_000421_bellman_ford,3,O3_aggressive,-O3,0.022557500000402797,46465
prog_000421_bellman_ford,4,Os_size,-Os,0.016996399999698042,45856
prog_000421_bellman_ford,5,O2_unroll_vec,-O2 -funroll-loops -ftree-vectorize,0.018457100000887294,46977
prog_000421_bellman_ford,10,O3_combine,-O3 -funroll-loops -finline-functions -ftree-vectorize,0.018783699999403325,46977
prog_000421_bellman_ford,13,O2_fast_math,-O2 -ffast-math,0.017644699999436853,50179
prog_000421_bellman_ford,19,full_aggressive,-O3 -ffast-math -funroll-loops -finline-functions -ftree-vectorize,0.017585800000233576,50691
prog_000422_floyd_warshall,0,O0_baseline,-O0,0.03397469999981695,46010
prog_000422_floyd_warshall,2,O2_standard,-O2,0.020452999999179156,45641
prog_000422_floyd_warshall,3,O3_aggressive,-O3,0.021277799998642877,45641
prog_000422_floyd_warshall,4,Os_size,-Os,0.025219300001481315,45032
prog_000422_floyd_warshall,5,O2_unroll_vec,-O2 -funroll-loops -ftree-vectorize,0.024612400000478374,46665
prog_000422_floyd_warshall,10,O3_combine,-O3 -funroll-loops -finline-functions -ftree-vectorize,0.022460500000306638,46665
prog_000422_floyd_warshall,13,O2_fast_math,-O2 -ffast-math,0.02089499999965483,49355
prog_000422_floyd_warshall,19,full_aggressive,-O3 -ffast-math -funroll-loops -finline-functions -ftree-vectorize,0.022516600000017206,50379
prog_000423_quick_sort,0,O0_baseline,-O0,0.020169299999906798,59513
prog_000423_quick_sort,2,O2_standard,-O2,0.020119299999350915,46886
prog_000423_quick_sort,3,O3_aggressive,-O3,0.020899900000586058,48508
prog_000423_quick_sort,4,Os_size,-Os,0.01839250000011816,46277
prog_000423_quick_sort,5,O2_unroll_vec,-O2 -funroll-loops -ftree-vectorize,0.019044299999222858,47398
prog_000423_quick_sort,10,O3_combine,-O3 -funroll-loops -finline-functions -ftree-vectorize,0.0197212999992189,52092
prog_000423_quick_sort,13,O2_fast_math,-O2 -ffast-math,0.019081200000073295,50600
prog_000423_quick_sort,19,full_aggressive,-O3 -ffast-math -funroll-loops -finline-functions -ftree-vectorize,0.018759700000373414,55806
prog_000424_kmp,0,O0_baseline,-O0,0.02696479999940493,63096
prog_000424_kmp,2,O2_standard,-O2,0.020278699999835226,47481
prog_000424_kmp,3,O3_aggressive,-O3,0.0216350999999122,47567
prog_000424_kmp,4,Os_size,-Os,0.02316939999946044,47672
prog_000424_kmp,5,O2_unroll_vec,-O2 -funroll-loops -ftree-vectorize,0.02270959999987099,48505
prog_000424_kmp,10,O3_combine,-O3 -funroll-loops -finline-functions -ftree-vectorize,0.0213595000004716,48079
prog_000424_kmp,13,O2_fast_math,-O2 -ffast-math,0.018875700001444784,51707
prog_000424_kmp,19,full_aggressive,-O3 -ffast-math -funroll-loops -finline-functions -ftree-vectorize,0.020631800000046496,52305
prog_000425_vector_ops,0,O0_baseline,-O0,0.02858850000120583,57793
prog_000425_vector_ops,2,O2_standard,-O2,0.024425399999017827,46908
prog_000425_vector_ops,3,O3_aggressive,-O3,0.028355000000374275,46994
prog_000425_vector_ops,4,Os_size,-Os,0.04443350000110513,46870
prog_000425_vector_ops,5,O2_unroll_vec,-O2 -funroll-loops -ftree-vectorize,0.021766599998954916,46908
prog_000425_vector_ops,10,O3_combine,-O3 -funroll-loops -finline-functions -ftree-vectorize,0.02209980000043288,46994
prog_000425_vector_ops,13,O2_fast_math,-O2 -ffast-math,0.026796500000273227,50622
prog_000425_vector_ops,19,full_aggressive,-O3 -ffast-math -funroll-loops -finline-functions -ftree-vectorize,0.034411300001011114,50708
prog_000426_bubble_sort,0,O0_baseline,-O0,0.020400299999892013,45810
prog_000426_bubble_sort,2,O2_standard,-O2,0.019095600000582635,45120
prog_000426_bubble_sort,3,O3_aggressive,-O3,0.019042100000660866,45120
prog_000426_bubble_sort,4,Os_size,-Os,0.019626299999799812,45023
prog_000426_bubble_sort,5,O2_unroll_vec,-O2 -funroll-loops -ftree-vectorize,0.017189799998959643,45632
prog_000426_bubble_sort,10,O3_combine,-O3 -funroll-loops -finline-functions -ftree-vectorize,0.019944899999245536,45632
prog_000426_bubble_sort,13,O2_fast_math,-O2 -ffast-math,0.023046500000418746,49346
prog_000426_bubble_sort,19,full_aggressive,-O3 -ffast-math -funroll-loops -finline-functions -ftree-vectorize,0.017431399999622954,49858
prog_000427_bst,0,O0_baseline,-O0,0.01908240000011574,46201
prog_000427_bst,2,O2_standard,-O2,0.019228400000429247,45868
prog_000427_bst,3,O3_aggressive,-O3,0.016952699999819743,57644
prog_000427_bst,4,Os_size,-Os,0.01653240000086953,45259
prog_000427_bst,5,O2_unroll_vec,-O2 -funroll-loops -ftree-vectorize,0.018268600000737933,45868
prog_000427_bst,10,O3_combine,-O3 -funroll-loops -finline-functions -ftree-vectorize,0.02071050000085961,57644
prog_000427_bst,13,O2_fast_math,-O2 -ffast-math,0.03757039999982226,49582
prog_000427_bst,19,full_aggressive,-O3 -ffast-math -funroll-loops -finline-functions -ftree-vectorize,0.020382700000482146,61358
prog_000428_binary_search,0,O0_baseline,-O0,0.04104670000015176,58797
prog_000428_binary_search,2,O2_standard,-O2,0.0329435999992711,46897
prog_000428_binary_search,3,O3_aggressive,-O3,0.029850899998564273,46983
prog_000428_binary_search,4,Os_size,-Os,0.0323091000009299,46288
prog_000428_binary_search,5,O2_unroll_vec,-O2 -funroll-loops -ftree-vectorize,0.03001840000069933,46897
prog_000428_binary_search,10,O3_combine,-O3 -funroll-loops -finline-functions -ftree-vectorize,0.033358399999997346,46983
prog_000428_binary_search,13,O2_fast_math,-O2 -ffast-math,0.047376800001075026,50611
prog_000428_binary_search,19,full_aggressive,-O3 -ffast-math -funroll-loops -finline-functions -ftree-vectorize,0.034901900000477326,50697
prog_000429_rod_cutting,0,O0_baseline,-O0,0.01685429999997723,58534
prog_000429_rod_cutting,2,O2_standard,-O2,0.01805429999876651,46651
prog_000429_rod_cutting,3,O3_aggressive,-O3,0.01824040000064997,46737
prog_000429_rod_cutting,4,Os_size,-Os,0.018819500000972766,46042
prog_000429_rod_cutting,5,O2_unroll_vec,-O2 -funroll-loops -ftree-vectorize,0.02079500000036205,47163
prog_000429_rod_cutting,10,O3_combine,-O3 -funroll-loops -finline-functions -ftree-vectorize,0.016879400000107125,47249
prog_000429_rod_cutting,13,O2_fast_math,-O2 -ffast-math,0.018077799999446142,50365
prog_000429_rod_cutting,19,full_aggressive,-O3 -ffast-math -funroll-loops -finline-functions -ftree-vectorize,0.023794300001100055,50963
prog_000430_fibonacci,0,O0_baseline,-O0,0.017784699999538134,45284
prog_000430_fibonacci,2,O2_standard,-O2,0.01771819999885338,45020
prog_000430_fibonacci,3,O3_aggressive,-O3,0.0207300000001851,45532
prog_000430_fibonacci,4,Os_size,-Os,0.016180599999643164,44923
prog_000430_fibonacci,5,O2_unroll_vec,-O2 -funroll-loops -ftree-vectorize,0.017499399998996523,45020
prog_000430_fibonacci,10,O3_combine,-O3 -funroll-loops -finline-functions -ftree-vectorize,0.019795100000919774,45532
prog_000430_fibonacci,13,O2_fast_math,-O2 -ffast-math,0.017769699999917066,48734
prog_000430_fibonacci,19,full_aggressive,-O3 -ffast-math -funroll-loops -finline-functions -ftree-vectorize,0.019110000001091976,49246
prog_000431_stack,0,O0_baseline,-O0,0.022714700000506127,48001
prog_000431_stack,2,O2_standard,-O2,0.018095899999025278,46321
prog_000431_stack,3,O3_aggressive,-O3,0.019852299999911338,46321
prog_000431_stack,4,Os_size,-Os,0.019693599999300204,46224
prog_000431_stack,5,O2_unroll_vec,-O2 -funroll-loops -ftree-vectorize,0.017090600000301492,46833
prog_000431_stack,10,O3_combine,-O3 -funroll-loops -finline-functions -ftree-vectorize,0.02213590000064869,46833
prog_000431_stack,13,O2_fast_math,-O2 -ffast-math,0.01858379999976023,50547
prog_000431_stack,19,full_aggressive,-O3 -ffast-math -funroll-loops -finline-functions -ftree-vectorize,0.02042749999964144,50547
prog_000433_merge_sort,0,O0_baseline,-O0,0.01842679999936081,58816
prog_000433_merge_sort,2,O2_standard,-O2,0.018231800000648946,46959
prog_000433_merge_sort,3,O3_aggressive,-O3,0.021651400000337162,48581
prog_000433_merge_sort,4,Os_size,-Os,0.02237749999949301,46862
prog_000433_merge_sort,5,O2_unroll_vec,-O2 -funroll-loops -ftree-vectorize,0.02066450000165787,48495
prog_000433_merge_sort,10,O3_combine,-O3 -funroll-loops -finline-functions -ftree-vectorize,0.02008850000129314,48581
prog_000433_merge_sort,13,O2_fast_math,-O2 -ffast-math,0.01925189999928989,50673
prog_000433_merge_sort,19,full_aggressive,-O3 -ffast-math -funroll-loops -finline-functions -ftree-vectorize,0.020095000001674634,52295
prog_000432_convex_hull,0,O0_baseline,-O0,0.06316999999944528,90733
prog_000432_convex_hull,2,O2_standard,-O2,0.029144000000087544,52123
prog_000432_convex_hull,3,O3_aggressive,-O3,0.03370540000105393,51942
prog_000432_convex_hull,4,Os_size,-Os,0.03831320000062988,51582
prog_000432_convex_hull,5,O2_unroll_vec,-O2 -funroll-loops -ftree-vectorize,0.03304989999924146,54683
prog_000432_convex_hull,10,O3_combine,-O3 -funroll-loops -finline-functions -ftree-vectorize,0.03111239999998361,54502
prog_000432_convex_hull,13,O2_fast_math,-O2 -ffast-math,0.03424830000039947,56349
prog_000432_convex_hull,19,full_aggressive,-O3 -ffast-math -funroll-loops -finline-functions -ftree-vectorize,0.0346306999999797,58728
prog_000434_vector_ops,0,O0_baseline,-O0,0.023675700000239885,58708
prog_000434_vector_ops,2,O2_standard,-O2,0.02454819999911706,47171
prog_000434_vector_ops,3,O3_aggressive,-O3,0.023000099999990198,47257
prog_000434_vector_ops,4,Os_size,-Os,0.023298099999010446,47133
prog_000434_vector_ops,5,O2_unroll_vec,-O2 -funroll-loops -ftree-vectorize,0.02341060000071593,47171
prog_000434_vector_ops,10,O3_combine,-O3 -funroll-loops -finline-functions -ftree-vectorize,0.025316799999927753,47257
prog_000434_vector_ops,13,O2_fast_math,-O2 -ffast-math,0.022678299999824958,50622
prog_000434_vector_ops,19,full_aggressive,-O3 -ffast-math -funroll-loops -finline-functions -ftree-vectorize,0.0265467000008357,50708
prog_000435_stack,0,O0_baseline,-O0,0.030133599999317084,48001
prog_000435_stack,2,O2_standard,-O2,0.02354389999891282,46321
prog_000435_stack,3,O3_aggressive,-O3,0.027363400000467664,46321
prog_000435_stack,4,Os_size,-Os,0.028797099999792408,46224
prog_000435_stack,5,O2_unroll_vec,-O2 -funroll-loops -ftree-vectorize,0.0244682999982615,46833
prog_000435_stack,10,O3_combine,-O3 -funroll-loops -finline-functions -ftree-vectorize,0.023231399998621782,46833
prog_000435_stack,13,O2_fast_math,-O2 -ffast-math,0.03145560000120895,50547
prog_000435_stack,19,full_aggressive,-O3 -ffast-math -funroll-loops -finline-functions -ftree-vectorize,0.0338871999992989,50547
prog_000436_lis,0,O0_baseline,-O0,0.017414699999790173,78164
prog_000436_lis,2,O2_standard,-O2,0.015959800000928226,47227
prog_000436_lis,3,O3_aggressive,-O3,0.017022800000631833,47227
prog_000436_lis,4,Os_size,-Os,0.01813640000000305,47189
prog_000436_lis,5,O2_unroll_vec,-O2 -funroll-loops -ftree-vectorize,0.02170990000013262,47739
prog_000436_lis,10,O3_combine,-O3 -funroll-loops -finline-functions -ftree-vectorize,0.02141219999975874,47739
prog_000436_lis,13,O2_fast_math,-O2 -ffast-math,0.022501900000861497,51453
prog_000436_lis,19,full_aggressive,-O3 -ffast-math -funroll-loops -finline-functions -ftree-vectorize,0.01868780000040715,51453
prog_000437_priority_queue,0,O0_baseline,-O0,0.025635200001488556,79104
prog_000437_priority_queue,2,O2_standard,-O2,0.019826600000669714,47874
prog_000437_priority_queue,3,O3_aggressive,-O3,0.02174659999946016,47716
prog_000437_priority_queue,4,Os_size,-Os,0.024986899999930756,47265
prog_000437_priority_queue,5,O2_unroll_vec,-O2 -funroll-loops -ftree-vectorize,0.02187959999901068,47874
prog_000437_priority_queue,10,O3_combine,-O3 -funroll-loops -finline-functions -ftree-vectorize,0.021626699999615084,47716
prog_000437_priority_queue,13,O2_fast_math,-O2 -ffast-math,0.018597800000861753,51588
prog_000437_priority_queue,19,full_aggressive,-O3 -ffast-math -funroll-loops -finline-functions -ftree-vectorize,0.01831799999854411,51430
prog_000438_bst,0,O0_baseline,-O0,0.025737200001458405,46201
prog_000438_bst,2,O2_standard,-O2,0.022856199999296223,45868
prog_000438_bst,3,O3_aggressive,-O3,0.022088600000643055,57644
prog_000438_bst,4,Os_size,-Os,0.018309099999896716,45259
prog_000438_bst,5,O2_unroll_vec,-O2 -funroll-loops -ftree-vectorize,0.018257800000355928,45868
prog_000438_bst,10,O3_combine,-O3 -funroll-loops -finline-functions -ftree-vectorize,0.02070839999942109,57644
prog_000438_bst,13,O2_fast_math,-O2 -ffast-math,0.0189128999991226,49582
prog_000438_bst,19,full_aggressive,-O3 -ffast-math -funroll-loops -finline-functions -ftree-vectorize,0.020955899999535177,61358
prog_000439_radix_sort,0,O0_baseline,-O0,0.02578920000087237,60343
prog_000439_radix_sort,2,O2_standard,-O2,0.02057789999889792,47123
prog_000439_radix_sort,3,O3_aggressive,-O3,0.02071080000132497,47209
prog_000439_radix_sort,4,Os_size,-Os,0.019654300000183866,47142
prog_000439_radix_sort,5,O2_unroll_vec,-O2 -funroll-loops -ftree-vectorize,0.017844700001660385,49171
prog_000439_radix_sort,10,O3_combine,-O3 -funroll-loops -finline-functions -ftree-vectorize,0.019708200001332443,48745
prog_000439_radix_sort,13,O2_fast_math,-O2 -ffast-math,0.018907700001363992,51349
prog_000439_radix_sort,19,full_aggressive,-O3 -ffast-math -funroll-loops -finline-functions -ftree-vectorize,0.023295900000448455,52459
prog_000440_edit_distance,0,O0_baseline,-O0,0.021129999999175197,87474
prog_000440_edit_distance,2,O2_standard,-O2,0.020961099999112776,48551
prog_000440_edit_distance,3,O3_aggressive,-O3,0.020293999999921652,49149
prog_000440_edit_distance,4,Os_size,-Os,0.017402000001311535,49505
prog_000440_edit_distance,5,O2_unroll_vec,-O2 -funroll-loops -ftree-vectorize,0.01973800000087067,51111
prog_000440_edit_distance,10,O3_combine,-O3 -funroll-loops -finline-functions -ftree-vectorize,0.023578400001497357,51709
prog_000440_edit_distance,13,O2_fast_math,-O2 -ffast-math,0.020874800000456162,52777
prog_000440_edit_distance,19,full_aggressive,-O3 -ffast-math -funroll-loops -finline-functions -ftree-vectorize,0.017288900000494323,55423
